cluster_id,signal_id,user,period,malicious,rules,n_samples,n_variants,representative_text,evidence_facts,context_facts,suggested_label,suggested_rationale,label,notes
06ffa8b234ef_s001,06ffa8b234ef,PJC1252,2010-W12,no,"R2,R4",6,6,The UEBA system flagged Pamela Julie Case (PJC1252) for the week of 2010-W12 due to evidence from two triggered rules.,F001 files copied to removable media=15 [own~1 max12] ; F002 visits to job-search sites=12 [own~0 max52] [peer~1 n85],F003 removable device connections=6 [own~1.50 max4] ; F004 removable device connections outside working hours=0 [own~0 max0] ; F005 file operations=32 [own~8 max25] ; F006 visits to leak-publication sites=0 [own~0 max0] ; F007 visits to cloud-storage sites=17 [own~13 max38] [peer~1 n85] ; F008 distinct web domains visited=85 [own~72.50 max87] [peer~75 n85] ; F009 distinct workstations used=2 [own~1 max3] [peer~1 n85] ; F010 days with recorded activity=7 [own~6 max7] [peer~5 n85] ; F011 hour of earliest logon in the week=0 ; F012 hour of latest logon in the week=16,grounded,"No rule fired: no unmatched numbers, no speculative language, no causal-context pattern, and no clear evidence-gloss assertion; needs full manual judgement.",grounded,Resolved after initial pass to close a slice-boundary gap in review.
06ffa8b234ef_s002,06ffa8b234ef,PJC1252,2010-W12,no,"R2,R4",6,6,"The most significant evidence is the elevated number of files copied to removable media (15), which is clearly above her usual range and suggests a potential data exfiltration attempt.",F001 files copied to removable media=15 [own~1 max12] ; F002 visits to job-search sites=12 [own~0 max52] [peer~1 n85],F003 removable device connections=6 [own~1.50 max4] ; F004 removable device connections outside working hours=0 [own~0 max0] ; F005 file operations=32 [own~8 max25] ; F006 visits to leak-publication sites=0 [own~0 max0] ; F007 visits to cloud-storage sites=17 [own~13 max38] [peer~1 n85] ; F008 distinct web domains visited=85 [own~72.50 max87] [peer~75 n85] ; F009 distinct workstations used=2 [own~1 max3] [peer~1 n85] ; F010 days with recorded activity=7 [own~6 max7] [peer~5 n85] ; F011 hour of earliest logon in the week=0 ; F012 hour of latest logon in the week=16,misweighted,Main clause asserts evidence fact (F001) and all numbers trace to facts[]. Rule 1 fired.,grounded,
06ffa8b234ef_s003,06ffa8b234ef,PJC1252,2010-W12,no,"R2,R4",5,5,"Additionally, the unusual browsing to job-search sites (12) is far above her typical activity and exceeds the average among peers in her role.",F001 files copied to removable media=15 [own~1 max12] ; F002 visits to job-search sites=12 [own~0 max52] [peer~1 n85],F003 removable device connections=6 [own~1.50 max4] ; F004 removable device connections outside working hours=0 [own~0 max0] ; F005 file operations=32 [own~8 max25] ; F006 visits to leak-publication sites=0 [own~0 max0] ; F007 visits to cloud-storage sites=17 [own~13 max38] [peer~1 n85] ; F008 distinct web domains visited=85 [own~72.50 max87] [peer~75 n85] ; F009 distinct workstations used=2 [own~1 max3] [peer~1 n85] ; F010 days with recorded activity=7 [own~6 max7] [peer~5 n85] ; F011 hour of earliest logon in the week=0 ; F012 hour of latest logon in the week=16,grounded,"No rule fired: no unmatched numbers, no speculative language, no causal-context pattern, and no clear evidence-gloss assertion; needs full manual judgement.",grounded,
06ffa8b234ef_s004,06ffa8b234ef,PJC1252,2010-W12,no,"R2,R4",4,4,"Rule R2 was triggered due to an elevated number of files copied to removable media, with 15 files copied, which is clearly above their usual range of 1.",F001 files copied to removable media=15 [own~1 max12] ; F002 visits to job-search sites=12 [own~0 max52] [peer~1 n85],F003 removable device connections=6 [own~1.50 max4] ; F004 removable device connections outside working hours=0 [own~0 max0] ; F005 file operations=32 [own~8 max25] ; F006 visits to leak-publication sites=0 [own~0 max0] ; F007 visits to cloud-storage sites=17 [own~13 max38] [peer~1 n85] ; F008 distinct web domains visited=85 [own~72.50 max87] [peer~75 n85] ; F009 distinct workstations used=2 [own~1 max3] [peer~1 n85] ; F010 days with recorded activity=7 [own~6 max7] [peer~5 n85] ; F011 hour of earliest logon in the week=0 ; F012 hour of latest logon in the week=16,grounded,Main clause asserts evidence fact (F001) and all numbers trace to facts[]. Rule 1 fired.,grounded,
06ffa8b234ef_s007,06ffa8b234ef,PJC1252,2010-W12,no,"R2,R4",3,3,"PJC1252, a software developer, has been flagged for an unusual week.",F001 files copied to removable media=15 [own~1 max12] ; F002 visits to job-search sites=12 [own~0 max52] [peer~1 n85],F003 removable device connections=6 [own~1.50 max4] ; F004 removable device connections outside working hours=0 [own~0 max0] ; F005 file operations=32 [own~8 max25] ; F006 visits to leak-publication sites=0 [own~0 max0] ; F007 visits to cloud-storage sites=17 [own~13 max38] [peer~1 n85] ; F008 distinct web domains visited=85 [own~72.50 max87] [peer~75 n85] ; F009 distinct workstations used=2 [own~1 max3] [peer~1 n85] ; F010 days with recorded activity=7 [own~6 max7] [peer~5 n85] ; F011 hour of earliest logon in the week=0 ; F012 hour of latest logon in the week=16,grounded,"No rule fired: no unmatched numbers, no speculative language, no causal-context pattern, and no clear evidence-gloss assertion; needs full manual judgement.",grounded,
06ffa8b234ef_s009,06ffa8b234ef,PJC1252,2010-W12,no,"R2,R4",2,2,"The second anomaly is an atypical number of visits to job-search or leak-publication sites, with 12 visits, which is far above their typical range of 0 and above the peer range of 1 across 85 peers in the same role.",F001 files copied to removable media=15 [own~1 max12] ; F002 visits to job-search sites=12 [own~0 max52] [peer~1 n85],F003 removable device connections=6 [own~1.50 max4] ; F004 removable device connections outside working hours=0 [own~0 max0] ; F005 file operations=32 [own~8 max25] ; F006 visits to leak-publication sites=0 [own~0 max0] ; F007 visits to cloud-storage sites=17 [own~13 max38] [peer~1 n85] ; F008 distinct web domains visited=85 [own~72.50 max87] [peer~75 n85] ; F009 distinct workstations used=2 [own~1 max3] [peer~1 n85] ; F010 days with recorded activity=7 [own~6 max7] [peer~5 n85] ; F011 hour of earliest logon in the week=0 ; F012 hour of latest logon in the week=16,grounded,"No rule fired: no unmatched numbers, no speculative language, no causal-context pattern, and no clear evidence-gloss assertion; needs full manual judgement.",grounded,
06ffa8b234ef_s005,06ffa8b234ef,PJC1252,2010-W12,no,"R2,R4",1,2,This suggests that Pamela may be preparing or sharing materials outside of her typical workflow.,F001 files copied to removable media=15 [own~1 max12] ; F002 visits to job-search sites=12 [own~0 max52] [peer~1 n85],F003 removable device connections=6 [own~1.50 max4] ; F004 removable device connections outside working hours=0 [own~0 max0] ; F005 file operations=32 [own~8 max25] ; F006 visits to leak-publication sites=0 [own~0 max0] ; F007 visits to cloud-storage sites=17 [own~13 max38] [peer~1 n85] ; F008 distinct web domains visited=85 [own~72.50 max87] [peer~75 n85] ; F009 distinct workstations used=2 [own~1 max3] [peer~1 n85] ; F010 days with recorded activity=7 [own~6 max7] [peer~5 n85] ; F011 hour of earliest logon in the week=0 ; F012 hour of latest logon in the week=16,unverifiable,Sentence contains speculative/hedge language ('may be'); neither matches nor contradicts any fact; rule 5 fired.,unverifiable,
06ffa8b234ef_s006,06ffa8b234ef,PJC1252,2010-W12,no,"R2,R4",1,1,"Rule R4 was also triggered due to an atypical number of visits to job-search or leak-publication sites, with 12 visits, which is far above the range of 0 typical for her role.",F001 files copied to removable media=15 [own~1 max12] ; F002 visits to job-search sites=12 [own~0 max52] [peer~1 n85],F003 removable device connections=6 [own~1.50 max4] ; F004 removable device connections outside working hours=0 [own~0 max0] ; F005 file operations=32 [own~8 max25] ; F006 visits to leak-publication sites=0 [own~0 max0] ; F007 visits to cloud-storage sites=17 [own~13 max38] [peer~1 n85] ; F008 distinct web domains visited=85 [own~72.50 max87] [peer~75 n85] ; F009 distinct workstations used=2 [own~1 max3] [peer~1 n85] ; F010 days with recorded activity=7 [own~6 max7] [peer~5 n85] ; F011 hour of earliest logon in the week=0 ; F012 hour of latest logon in the week=16,grounded,"No rule fired: no unmatched numbers, no speculative language, no causal-context pattern, and no clear evidence-gloss assertion; needs full manual judgement.",grounded,
06ffa8b234ef_s008,06ffa8b234ef,PJC1252,2010-W12,no,"R2,R4",1,1,"This suggests that PJC1252 may be transferring data to an external device, which is unusual for their role as a Software Developer.",F001 files copied to removable media=15 [own~1 max12] ; F002 visits to job-search sites=12 [own~0 max52] [peer~1 n85],F003 removable device connections=6 [own~1.50 max4] ; F004 removable device connections outside working hours=0 [own~0 max0] ; F005 file operations=32 [own~8 max25] ; F006 visits to leak-publication sites=0 [own~0 max0] ; F007 visits to cloud-storage sites=17 [own~13 max38] [peer~1 n85] ; F008 distinct web domains visited=85 [own~72.50 max87] [peer~75 n85] ; F009 distinct workstations used=2 [own~1 max3] [peer~1 n85] ; F010 days with recorded activity=7 [own~6 max7] [peer~5 n85] ; F011 hour of earliest logon in the week=0 ; F012 hour of latest logon in the week=16,unverifiable,Sentence contains speculative/hedge language ('may be'); neither matches nor contradicts any fact; rule 5 fired.,unverifiable,
06ffa8b234ef_s010,06ffa8b234ef,PJC1252,2010-W12,no,"R2,R4",1,1,This could indicate that PJC1252 is searching for a new job or considering sharing sensitive information.,F001 files copied to removable media=15 [own~1 max12] ; F002 visits to job-search sites=12 [own~0 max52] [peer~1 n85],F003 removable device connections=6 [own~1.50 max4] ; F004 removable device connections outside working hours=0 [own~0 max0] ; F005 file operations=32 [own~8 max25] ; F006 visits to leak-publication sites=0 [own~0 max0] ; F007 visits to cloud-storage sites=17 [own~13 max38] [peer~1 n85] ; F008 distinct web domains visited=85 [own~72.50 max87] [peer~75 n85] ; F009 distinct workstations used=2 [own~1 max3] [peer~1 n85] ; F010 days with recorded activity=7 [own~6 max7] [peer~5 n85] ; F011 hour of earliest logon in the week=0 ; F012 hour of latest logon in the week=16,unverifiable,Sentence contains speculative/hedge language ('could indicate'); neither matches nor contradicts any fact; rule 5 fired.,unverifiable,
06ffa8b234ef_s011,06ffa8b234ef,PJC1252,2010-W12,no,"R2,R4",1,1,The UEBA system detected two anomalies that triggered rules: an elevated number of files copied to removable media and browsing to job-search or leak-publication sites atypical for her role.,F001 files copied to removable media=15 [own~1 max12] ; F002 visits to job-search sites=12 [own~0 max52] [peer~1 n85],F003 removable device connections=6 [own~1.50 max4] ; F004 removable device connections outside working hours=0 [own~0 max0] ; F005 file operations=32 [own~8 max25] ; F006 visits to leak-publication sites=0 [own~0 max0] ; F007 visits to cloud-storage sites=17 [own~13 max38] [peer~1 n85] ; F008 distinct web domains visited=85 [own~72.50 max87] [peer~75 n85] ; F009 distinct workstations used=2 [own~1 max3] [peer~1 n85] ; F010 days with recorded activity=7 [own~6 max7] [peer~5 n85] ; F011 hour of earliest logon in the week=0 ; F012 hour of latest logon in the week=16,grounded,"Main clause asserts evidence fact (F001, F002) and all numbers trace to facts[]. Rule 1 fired.",grounded,
06ffa8b234ef_s012,06ffa8b234ef,PJC1252,2010-W12,no,"R2,R4",1,1,"This week, PJC1252's (Pamela Julie Case) behavior was flagged due to elevated file copying to removable media and atypical browsing to job-search and leak-publication sites.",F001 files copied to removable media=15 [own~1 max12] ; F002 visits to job-search sites=12 [own~0 max52] [peer~1 n85],F003 removable device connections=6 [own~1.50 max4] ; F004 removable device connections outside working hours=0 [own~0 max0] ; F005 file operations=32 [own~8 max25] ; F006 visits to leak-publication sites=0 [own~0 max0] ; F007 visits to cloud-storage sites=17 [own~13 max38] [peer~1 n85] ; F008 distinct web domains visited=85 [own~72.50 max87] [peer~75 n85] ; F009 distinct workstations used=2 [own~1 max3] [peer~1 n85] ; F010 days with recorded activity=7 [own~6 max7] [peer~5 n85] ; F011 hour of earliest logon in the week=0 ; F012 hour of latest logon in the week=16,grounded,"No rule fired: no unmatched numbers, no speculative language, no causal-context pattern, and no clear evidence-gloss assertion; needs full manual judgement.",grounded,
06ffa8b234ef_s013,06ffa8b234ef,PJC1252,2010-W12,no,"R2,R4",1,1,This is the primary driver for the detection.,F001 files copied to removable media=15 [own~1 max12] ; F002 visits to job-search sites=12 [own~0 max52] [peer~1 n85],F003 removable device connections=6 [own~1.50 max4] ; F004 removable device connections outside working hours=0 [own~0 max0] ; F005 file operations=32 [own~8 max25] ; F006 visits to leak-publication sites=0 [own~0 max0] ; F007 visits to cloud-storage sites=17 [own~13 max38] [peer~1 n85] ; F008 distinct web domains visited=85 [own~72.50 max87] [peer~75 n85] ; F009 distinct workstations used=2 [own~1 max3] [peer~1 n85] ; F010 days with recorded activity=7 [own~6 max7] [peer~5 n85] ; F011 hour of earliest logon in the week=0 ; F012 hour of latest logon in the week=16,misweighted,"No rule fired: no unmatched numbers, no speculative language, no causal-context pattern, and no clear evidence-gloss assertion; needs full manual judgement.",grounded,
0ec64e3f86ed_s003,0ec64e3f86ed,SCH3858,2010-W09,no,R4,9,9,"The evidence suggests that SCH3858 visited job-search sites 45 times, which is significantly above their usual range of 27.50 and far above the range of their peers in the same role (1).",F001 visits to job-search sites=45 [own~27.50 max65] [peer~1 n91],F002 visits to leak-publication sites=0 [own~0 max0] ; F003 visits to cloud-storage sites=8 [own~8.50 max13] [peer~4 n91] ; F004 distinct web domains visited=65 [own~55 max59] [peer~72 n91] ; F005 distinct workstations used=1 [own~1 max1] [peer~1 n91] ; F006 days with recorded activity=5 [own~5 max5] [peer~5 n91] ; F007 hour of earliest logon in the week=7 ; F008 hour of latest logon in the week=8,grounded,"No rule fired: no unmatched numbers, no speculative language, no causal-context pattern, and no clear evidence-gloss assertion; needs full manual judgement.",grounded,
0ec64e3f86ed_s002,0ec64e3f86ed,SCH3858,2010-W09,no,R4,5,5,"This week's activity for SCH3858, a Security Guard, has triggered detection rule R4 due to atypical browsing behavior.",F001 visits to job-search sites=45 [own~27.50 max65] [peer~1 n91],F002 visits to leak-publication sites=0 [own~0 max0] ; F003 visits to cloud-storage sites=8 [own~8.50 max13] [peer~4 n91] ; F004 distinct web domains visited=65 [own~55 max59] [peer~72 n91] ; F005 distinct workstations used=1 [own~1 max1] [peer~1 n91] ; F006 days with recorded activity=5 [own~5 max5] [peer~5 n91] ; F007 hour of earliest logon in the week=7 ; F008 hour of latest logon in the week=8,grounded,"Main clause uses causal language and cites context-only fact (F006), not an evidence fact. Rule 4 fired.",grounded,
0ec64e3f86ed_s001,0ec64e3f86ed,SCH3858,2010-W09,no,R4,4,4,"The UEBA system flagged this week for Sebastian Cooper Hoffman due to atypical browsing behavior, specifically visiting job-search sites 45 times, which is significantly above their usual range of 27.50 and far above the range of same-role peers this week.",F001 visits to job-search sites=45 [own~27.50 max65] [peer~1 n91],F002 visits to leak-publication sites=0 [own~0 max0] ; F003 visits to cloud-storage sites=8 [own~8.50 max13] [peer~4 n91] ; F004 distinct web domains visited=65 [own~55 max59] [peer~72 n91] ; F005 distinct workstations used=1 [own~1 max1] [peer~1 n91] ; F006 days with recorded activity=5 [own~5 max5] [peer~5 n91] ; F007 hour of earliest logon in the week=7 ; F008 hour of latest logon in the week=8,grounded,"No rule fired: no unmatched numbers, no speculative language, no causal-context pattern, and no clear evidence-gloss assertion; needs full manual judgement.",grounded,
0ec64e3f86ed_s008,0ec64e3f86ed,SCH3858,2010-W09,no,R4,2,2,This suggests that Sebastian Cooper Hoffman may be looking for a new job or considering a career change.,F001 visits to job-search sites=45 [own~27.50 max65] [peer~1 n91],F002 visits to leak-publication sites=0 [own~0 max0] ; F003 visits to cloud-storage sites=8 [own~8.50 max13] [peer~4 n91] ; F004 distinct web domains visited=65 [own~55 max59] [peer~72 n91] ; F005 distinct workstations used=1 [own~1 max1] [peer~1 n91] ; F006 days with recorded activity=5 [own~5 max5] [peer~5 n91] ; F007 hour of earliest logon in the week=7 ; F008 hour of latest logon in the week=8,unverifiable,Sentence contains speculative/hedge language ('may be'); neither matches nor contradicts any fact; rule 5 fired.,unverifiable,
0ec64e3f86ed_s009,0ec64e3f86ed,SCH3858,2010-W09,no,R4,2,2,"This suggests that he may be searching for new job opportunities or exploring alternative career paths, which is unusual for someone in his role.",F001 visits to job-search sites=45 [own~27.50 max65] [peer~1 n91],F002 visits to leak-publication sites=0 [own~0 max0] ; F003 visits to cloud-storage sites=8 [own~8.50 max13] [peer~4 n91] ; F004 distinct web domains visited=65 [own~55 max59] [peer~72 n91] ; F005 distinct workstations used=1 [own~1 max1] [peer~1 n91] ; F006 days with recorded activity=5 [own~5 max5] [peer~5 n91] ; F007 hour of earliest logon in the week=7 ; F008 hour of latest logon in the week=8,unverifiable,Sentence contains speculative/hedge language ('may be'); neither matches nor contradicts any fact; rule 5 fired.,unverifiable,
0ec64e3f86ed_s004,0ec64e3f86ed,SCH3858,2010-W09,no,R4,1,1,This anomaly is the primary reason for the week being flagged.,F001 visits to job-search sites=45 [own~27.50 max65] [peer~1 n91],F002 visits to leak-publication sites=0 [own~0 max0] ; F003 visits to cloud-storage sites=8 [own~8.50 max13] [peer~4 n91] ; F004 distinct web domains visited=65 [own~55 max59] [peer~72 n91] ; F005 distinct workstations used=1 [own~1 max1] [peer~1 n91] ; F006 days with recorded activity=5 [own~5 max5] [peer~5 n91] ; F007 hour of earliest logon in the week=7 ; F008 hour of latest logon in the week=8,grounded,"No rule fired: no unmatched numbers, no speculative language, no causal-context pattern, and no clear evidence-gloss assertion; needs full manual judgement.",grounded,
0ec64e3f86ed_s005,0ec64e3f86ed,SCH3858,2010-W09,no,R4,1,1,This increase in job-search site visits is the primary reason for the triggered rule.,F001 visits to job-search sites=45 [own~27.50 max65] [peer~1 n91],F002 visits to leak-publication sites=0 [own~0 max0] ; F003 visits to cloud-storage sites=8 [own~8.50 max13] [peer~4 n91] ; F004 distinct web domains visited=65 [own~55 max59] [peer~72 n91] ; F005 distinct workstations used=1 [own~1 max1] [peer~1 n91] ; F006 days with recorded activity=5 [own~5 max5] [peer~5 n91] ; F007 hour of earliest logon in the week=7 ; F008 hour of latest logon in the week=8,grounded,"No rule fired: no unmatched numbers, no speculative language, no causal-context pattern, and no clear evidence-gloss assertion; needs full manual judgement.",grounded,
0ec64e3f86ed_s006,0ec64e3f86ed,SCH3858,2010-W09,no,R4,1,1,This unusual behavior is the main reason for the triggered detection rules.,F001 visits to job-search sites=45 [own~27.50 max65] [peer~1 n91],F002 visits to leak-publication sites=0 [own~0 max0] ; F003 visits to cloud-storage sites=8 [own~8.50 max13] [peer~4 n91] ; F004 distinct web domains visited=65 [own~55 max59] [peer~72 n91] ; F005 distinct workstations used=1 [own~1 max1] [peer~1 n91] ; F006 days with recorded activity=5 [own~5 max5] [peer~5 n91] ; F007 hour of earliest logon in the week=7 ; F008 hour of latest logon in the week=8,grounded,"No rule fired: no unmatched numbers, no speculative language, no causal-context pattern, and no clear evidence-gloss assertion; needs full manual judgement.",grounded,
0ec64e3f86ed_s007,0ec64e3f86ed,SCH3858,2010-W09,no,R4,1,1,"This is also far above the range of their peers in the same role, who averaged 1 visit this week.",F001 visits to job-search sites=45 [own~27.50 max65] [peer~1 n91],F002 visits to leak-publication sites=0 [own~0 max0] ; F003 visits to cloud-storage sites=8 [own~8.50 max13] [peer~4 n91] ; F004 distinct web domains visited=65 [own~55 max59] [peer~72 n91] ; F005 distinct workstations used=1 [own~1 max1] [peer~1 n91] ; F006 days with recorded activity=5 [own~5 max5] [peer~5 n91] ; F007 hour of earliest logon in the week=7 ; F008 hour of latest logon in the week=8,grounded,"No rule fired: no unmatched numbers, no speculative language, no causal-context pattern, and no clear evidence-gloss assertion; needs full manual judgement.",grounded,
0ec64e3f86ed_s010,0ec64e3f86ed,SCH3858,2010-W09,no,R4,1,1,"This week, Sebastian Cooper Hoffman's browsing behavior is anomalous for his role as a Security Guard.",F001 visits to job-search sites=45 [own~27.50 max65] [peer~1 n91],F002 visits to leak-publication sites=0 [own~0 max0] ; F003 visits to cloud-storage sites=8 [own~8.50 max13] [peer~4 n91] ; F004 distinct web domains visited=65 [own~55 max59] [peer~72 n91] ; F005 distinct workstations used=1 [own~1 max1] [peer~1 n91] ; F006 days with recorded activity=5 [own~5 max5] [peer~5 n91] ; F007 hour of earliest logon in the week=7 ; F008 hour of latest logon in the week=8,grounded,"No rule fired: no unmatched numbers, no speculative language, no causal-context pattern, and no clear evidence-gloss assertion; needs full manual judgement.",grounded,
107dcedee69e_s001,107dcedee69e,ACM2278,2010-W33,yes,R4,9,10,"ACM2278's week 2010-W33 activity is flagged due to evidence of atypical browsing to leak-publication sites, with 4 visits, which is a significant departure from their usual behavior over the past 12 weeks.",F001 visits to leak-publication sites=4 [NEW: unseen in prior 12wk],F002 visits to job-search sites=25 [own~25 max42] [peer~1 n223] ; F003 visits to cloud-storage sites=11 [own~9.50 max12] ; F004 distinct web domains visited=55 [own~53 max59] [peer~59 n223] ; F005 distinct workstations used=1 [own~1 max1] [peer~1 n223] ; F006 days with recorded activity=6 [own~5 max5] [peer~5 n223] ; F007 hour of earliest logon in the week=2 ; F008 hour of latest logon in the week=21,grounded,"No rule fired: no unmatched numbers, no speculative language, no causal-context pattern, and no clear evidence-gloss assertion; needs full manual judgement.",grounded,
107dcedee69e_s002,107dcedee69e,ACM2278,2010-W33,yes,R4,6,6,"Notably, this user's browsing to job-search sites is unusually high, with 25 visits, significantly above their peers' average of 1 visit.",F001 visits to leak-publication sites=4 [NEW: unseen in prior 12wk],F002 visits to job-search sites=25 [own~25 max42] [peer~1 n223] ; F003 visits to cloud-storage sites=11 [own~9.50 max12] ; F004 distinct web domains visited=55 [own~53 max59] [peer~59 n223] ; F005 distinct workstations used=1 [own~1 max1] [peer~1 n223] ; F006 days with recorded activity=6 [own~5 max5] [peer~5 n223] ; F007 hour of earliest logon in the week=2 ; F008 hour of latest logon in the week=21,false precision,"No rule fired: no unmatched numbers, no speculative language, no causal-context pattern, and no clear evidence-gloss assertion; needs full manual judgement.",misweighted,"Misweighted: states job-search visits (context fact, F002=25, exactly at own-typical) as if atypical, using a peer comparison to manufacture apparent significance. Real evidence is F001 (leak-site visits)."
107dcedee69e_s003,107dcedee69e,ACM2278,2010-W33,yes,R4,5,6,The week in question was flagged due to ACM2278's (Allen Cruz Mccoy) unusual browsing behavior.,F001 visits to leak-publication sites=4 [NEW: unseen in prior 12wk],F002 visits to job-search sites=25 [own~25 max42] [peer~1 n223] ; F003 visits to cloud-storage sites=11 [own~9.50 max12] ; F004 distinct web domains visited=55 [own~53 max59] [peer~59 n223] ; F005 distinct workstations used=1 [own~1 max1] [peer~1 n223] ; F006 days with recorded activity=6 [own~5 max5] [peer~5 n223] ; F007 hour of earliest logon in the week=2 ; F008 hour of latest logon in the week=21,grounded,"No rule fired: no unmatched numbers, no speculative language, no causal-context pattern, and no clear evidence-gloss assertion; needs full manual judgement.",grounded,
107dcedee69e_s005,107dcedee69e,ACM2278,2010-W33,yes,R4,4,4,"This activity is not something we've seen from this user in the past 12 weeks, making it a notable anomaly.",F001 visits to leak-publication sites=4 [NEW: unseen in prior 12wk],F002 visits to job-search sites=25 [own~25 max42] [peer~1 n223] ; F003 visits to cloud-storage sites=11 [own~9.50 max12] ; F004 distinct web domains visited=55 [own~53 max59] [peer~59 n223] ; F005 distinct workstations used=1 [own~1 max1] [peer~1 n223] ; F006 days with recorded activity=6 [own~5 max5] [peer~5 n223] ; F007 hour of earliest logon in the week=2 ; F008 hour of latest logon in the week=21,grounded,"No rule fired: no unmatched numbers, no speculative language, no causal-context pattern, and no clear evidence-gloss assertion; needs full manual judgement.",grounded,
107dcedee69e_s004,107dcedee69e,ACM2278,2010-W33,yes,R4,1,1,"The evidence points to four visits to leak-publication sites, which is atypical for a Salesman in the RegionalSales team.",F001 visits to leak-publication sites=4 [NEW: unseen in prior 12wk],F002 visits to job-search sites=25 [own~25 max42] [peer~1 n223] ; F003 visits to cloud-storage sites=11 [own~9.50 max12] ; F004 distinct web domains visited=55 [own~53 max59] [peer~59 n223] ; F005 distinct workstations used=1 [own~1 max1] [peer~1 n223] ; F006 days with recorded activity=6 [own~5 max5] [peer~5 n223] ; F007 hour of earliest logon in the week=2 ; F008 hour of latest logon in the week=21,grounded,Main clause asserts evidence fact (F001) and all numbers trace to facts[]. Rule 1 fired.,grounded,
107dcedee69e_s006,107dcedee69e,ACM2278,2010-W33,yes,R4,1,1,"However, this activity is still within his typical range, suggesting that he may be looking for new job opportunities.",F001 visits to leak-publication sites=4 [NEW: unseen in prior 12wk],F002 visits to job-search sites=25 [own~25 max42] [peer~1 n223] ; F003 visits to cloud-storage sites=11 [own~9.50 max12] ; F004 distinct web domains visited=55 [own~53 max59] [peer~59 n223] ; F005 distinct workstations used=1 [own~1 max1] [peer~1 n223] ; F006 days with recorded activity=6 [own~5 max5] [peer~5 n223] ; F007 hour of earliest logon in the week=2 ; F008 hour of latest logon in the week=21,hallucinated,Sentence contains speculative/hedge language ('may be'); neither matches nor contradicts any fact; rule 5 fired.,unverifiable,
107dcedee69e_s007,107dcedee69e,ACM2278,2010-W33,yes,R4,1,1,"Overall, the unusual browsing behavior warrants further investigation to understand the motivations behind this activity.",F001 visits to leak-publication sites=4 [NEW: unseen in prior 12wk],F002 visits to job-search sites=25 [own~25 max42] [peer~1 n223] ; F003 visits to cloud-storage sites=11 [own~9.50 max12] ; F004 distinct web domains visited=55 [own~53 max59] [peer~59 n223] ; F005 distinct workstations used=1 [own~1 max1] [peer~1 n223] ; F006 days with recorded activity=6 [own~5 max5] [peer~5 n223] ; F007 hour of earliest logon in the week=2 ; F008 hour of latest logon in the week=21,unverifiable,Sentence contains speculative/hedge language ('warrants further investigation'); neither matches nor contradicts any fact; rule 5 fired.,unverifiable,
107dcedee69e_s008,107dcedee69e,ACM2278,2010-W33,yes,R4,1,1,"This anomaly is likely the most concerning aspect, as it suggests that the user may be searching for job opportunities or sharing sensitive information.",F001 visits to leak-publication sites=4 [NEW: unseen in prior 12wk],F002 visits to job-search sites=25 [own~25 max42] [peer~1 n223] ; F003 visits to cloud-storage sites=11 [own~9.50 max12] ; F004 distinct web domains visited=55 [own~53 max59] [peer~59 n223] ; F005 distinct workstations used=1 [own~1 max1] [peer~1 n223] ; F006 days with recorded activity=6 [own~5 max5] [peer~5 n223] ; F007 hour of earliest logon in the week=2 ; F008 hour of latest logon in the week=21,unverifiable,Sentence contains speculative/hedge language ('may be'); neither matches nor contradicts any fact; rule 5 fired.,unverifiable,Resolved after initial pass to close a slice-boundary gap in review.
107dcedee69e_s009,107dcedee69e,ACM2278,2010-W33,yes,R4,1,1,"While they also visited job-search sites 25 times, this is actually within their usual range, and their activity in other areas, such as cloud-storage sites and web domains, was unremarkable.",F001 visits to leak-publication sites=4 [NEW: unseen in prior 12wk],F002 visits to job-search sites=25 [own~25 max42] [peer~1 n223] ; F003 visits to cloud-storage sites=11 [own~9.50 max12] ; F004 distinct web domains visited=55 [own~53 max59] [peer~59 n223] ; F005 distinct workstations used=1 [own~1 max1] [peer~1 n223] ; F006 days with recorded activity=6 [own~5 max5] [peer~5 n223] ; F007 hour of earliest logon in the week=2 ; F008 hour of latest logon in the week=21,grounded,"No rule fired: no unmatched numbers, no speculative language, no causal-context pattern, and no clear evidence-gloss assertion; needs full manual judgement.",grounded,
107dcedee69e_s010,107dcedee69e,ACM2278,2010-W33,yes,R4,1,1,"This week, user ACM2278 (Allen Cruz Mccoy) triggered rule R4, which flags browsing to job-search or leak-publication sites as atypical for their role.",F001 visits to leak-publication sites=4 [NEW: unseen in prior 12wk],F002 visits to job-search sites=25 [own~25 max42] [peer~1 n223] ; F003 visits to cloud-storage sites=11 [own~9.50 max12] ; F004 distinct web domains visited=55 [own~53 max59] [peer~59 n223] ; F005 distinct workstations used=1 [own~1 max1] [peer~1 n223] ; F006 days with recorded activity=6 [own~5 max5] [peer~5 n223] ; F007 hour of earliest logon in the week=2 ; F008 hour of latest logon in the week=21,grounded,"No rule fired: no unmatched numbers, no speculative language, no causal-context pattern, and no clear evidence-gloss assertion; needs full manual judgement.",grounded,
107dcedee69e_s011,107dcedee69e,ACM2278,2010-W33,yes,R4,1,1,This anomaly is particularly noteworthy since it is not characteristic of his role.,F001 visits to leak-publication sites=4 [NEW: unseen in prior 12wk],F002 visits to job-search sites=25 [own~25 max42] [peer~1 n223] ; F003 visits to cloud-storage sites=11 [own~9.50 max12] ; F004 distinct web domains visited=55 [own~53 max59] [peer~59 n223] ; F005 distinct workstations used=1 [own~1 max1] [peer~1 n223] ; F006 days with recorded activity=6 [own~5 max5] [peer~5 n223] ; F007 hour of earliest logon in the week=2 ; F008 hour of latest logon in the week=21,grounded,"No rule fired: no unmatched numbers, no speculative language, no causal-context pattern, and no clear evidence-gloss assertion; needs full manual judgement.",grounded,
107dcedee69e_s012,107dcedee69e,ACM2278,2010-W33,yes,R4,1,1,"This behavior is not typical for him, as it hasn't been observed in the past 12 weeks.",F001 visits to leak-publication sites=4 [NEW: unseen in prior 12wk],F002 visits to job-search sites=25 [own~25 max42] [peer~1 n223] ; F003 visits to cloud-storage sites=11 [own~9.50 max12] ; F004 distinct web domains visited=55 [own~53 max59] [peer~59 n223] ; F005 distinct workstations used=1 [own~1 max1] [peer~1 n223] ; F006 days with recorded activity=6 [own~5 max5] [peer~5 n223] ; F007 hour of earliest logon in the week=2 ; F008 hour of latest logon in the week=21,false precision,"No rule fired: no unmatched numbers, no speculative language, no causal-context pattern, and no clear evidence-gloss assertion; needs full manual judgement.",grounded,
1f003e84ecfb_s003,1f003e84ecfb,ILK3668,2011-W14,no,"R1,R2",8,8,"Additionally, 39 files were copied to removable media, significantly exceeding her typical range of 20.50.",F001 logons outside working hours=3 [own~0 max2] ; F002 files copied to removable media=39 [own~20.50 max38],F003 logon events=10 [own~9 max11] [peer~5 n33] ; F004 logons at the weekend=0 [own~0 max1] ; F005 days with recorded activity=5 [own~5 max6] [peer~5 n33] ; F006 removable device connections=6 [own~5 max10] ; F007 removable device connections outside working hours=0 [own~0 max0] ; F008 file operations=98 [own~60 max124] [peer~1 n33] ; F009 distinct workstations used=1 [own~1 max1] [peer~1 n33] ; F010 hour of earliest logon in the week=0 ; F011 hour of latest logon in the week=13,grounded,"No rule fired: no unmatched numbers, no speculative language, no causal-context pattern, and no clear evidence-gloss assertion; needs full manual judgement.",grounded,
1f003e84ecfb_s002,1f003e84ecfb,ILK3668,2011-W14,no,"R1,R2",7,7,"Specifically, there were 3 logons outside working hours, which is above her usual range of 0.",F001 logons outside working hours=3 [own~0 max2] ; F002 files copied to removable media=39 [own~20.50 max38],F003 logon events=10 [own~9 max11] [peer~5 n33] ; F004 logons at the weekend=0 [own~0 max1] ; F005 days with recorded activity=5 [own~5 max6] [peer~5 n33] ; F006 removable device connections=6 [own~5 max10] ; F007 removable device connections outside working hours=0 [own~0 max0] ; F008 file operations=98 [own~60 max124] [peer~1 n33] ; F009 distinct workstations used=1 [own~1 max1] [peer~1 n33] ; F010 hour of earliest logon in the week=0 ; F011 hour of latest logon in the week=13,grounded,Main clause asserts evidence fact (F001) and all numbers trace to facts[]. Rule 1 fired.,grounded,
1f003e84ecfb_s001,1f003e84ecfb,ILK3668,2011-W14,no,"R1,R2",5,5,Ingrid Liberty Kane's (ILK3668) activity was flagged for review due to unusual volume of logons outside her working hours and elevated number of files copied to removable media.,F001 logons outside working hours=3 [own~0 max2] ; F002 files copied to removable media=39 [own~20.50 max38],F003 logon events=10 [own~9 max11] [peer~5 n33] ; F004 logons at the weekend=0 [own~0 max1] ; F005 days with recorded activity=5 [own~5 max6] [peer~5 n33] ; F006 removable device connections=6 [own~5 max10] ; F007 removable device connections outside working hours=0 [own~0 max0] ; F008 file operations=98 [own~60 max124] [peer~1 n33] ; F009 distinct workstations used=1 [own~1 max1] [peer~1 n33] ; F010 hour of earliest logon in the week=0 ; F011 hour of latest logon in the week=13,grounded,"Main clause asserts evidence fact (F001, F002) and all numbers trace to facts[]. Rule 1 fired.",grounded,
1f003e84ecfb_s004,1f003e84ecfb,ILK3668,2011-W14,no,"R1,R2",2,2,"This week's activity for User ILK3668, a StockroomClerk, has triggered two detection rules.",F001 logons outside working hours=3 [own~0 max2] ; F002 files copied to removable media=39 [own~20.50 max38],F003 logon events=10 [own~9 max11] [peer~5 n33] ; F004 logons at the weekend=0 [own~0 max1] ; F005 days with recorded activity=5 [own~5 max6] [peer~5 n33] ; F006 removable device connections=6 [own~5 max10] ; F007 removable device connections outside working hours=0 [own~0 max0] ; F008 file operations=98 [own~60 max124] [peer~1 n33] ; F009 distinct workstations used=1 [own~1 max1] [peer~1 n33] ; F010 hour of earliest logon in the week=0 ; F011 hour of latest logon in the week=13,grounded,"No rule fired: no unmatched numbers, no speculative language, no causal-context pattern, and no clear evidence-gloss assertion; needs full manual judgement.",grounded,
1f003e84ecfb_s005,1f003e84ecfb,ILK3668,2011-W14,no,"R1,R2",2,2,The UEBA system flagged ILK3668's (Ingrid Liberty Kane) week (2011-W14) due to triggered rules.,F001 logons outside working hours=3 [own~0 max2] ; F002 files copied to removable media=39 [own~20.50 max38],F003 logon events=10 [own~9 max11] [peer~5 n33] ; F004 logons at the weekend=0 [own~0 max1] ; F005 days with recorded activity=5 [own~5 max6] [peer~5 n33] ; F006 removable device connections=6 [own~5 max10] ; F007 removable device connections outside working hours=0 [own~0 max0] ; F008 file operations=98 [own~60 max124] [peer~1 n33] ; F009 distinct workstations used=1 [own~1 max1] [peer~1 n33] ; F010 hour of earliest logon in the week=0 ; F011 hour of latest logon in the week=13,grounded,"No rule fired: no unmatched numbers, no speculative language, no causal-context pattern, and no clear evidence-gloss assertion; needs full manual judgement.",grounded,
1f003e84ecfb_s007,1f003e84ecfb,ILK3668,2011-W14,no,"R1,R2",2,2,"This week, user ILK3668 (Ingrid Liberty Kane) triggered two anomaly detection rules.",F001 logons outside working hours=3 [own~0 max2] ; F002 files copied to removable media=39 [own~20.50 max38],F003 logon events=10 [own~9 max11] [peer~5 n33] ; F004 logons at the weekend=0 [own~0 max1] ; F005 days with recorded activity=5 [own~5 max6] [peer~5 n33] ; F006 removable device connections=6 [own~5 max10] ; F007 removable device connections outside working hours=0 [own~0 max0] ; F008 file operations=98 [own~60 max124] [peer~1 n33] ; F009 distinct workstations used=1 [own~1 max1] [peer~1 n33] ; F010 hour of earliest logon in the week=0 ; F011 hour of latest logon in the week=13,grounded,"No rule fired: no unmatched numbers, no speculative language, no causal-context pattern, and no clear evidence-gloss assertion; needs full manual judgement.",grounded,
1f003e84ecfb_s008,1f003e84ecfb,ILK3668,2011-W14,no,"R1,R2",2,2,This elevated file copying to removable media suggests potential data exfiltration or unauthorized data transfer.,F001 logons outside working hours=3 [own~0 max2] ; F002 files copied to removable media=39 [own~20.50 max38],F003 logon events=10 [own~9 max11] [peer~5 n33] ; F004 logons at the weekend=0 [own~0 max1] ; F005 days with recorded activity=5 [own~5 max6] [peer~5 n33] ; F006 removable device connections=6 [own~5 max10] ; F007 removable device connections outside working hours=0 [own~0 max0] ; F008 file operations=98 [own~60 max124] [peer~1 n33] ; F009 distinct workstations used=1 [own~1 max1] [peer~1 n33] ; F010 hour of earliest logon in the week=0 ; F011 hour of latest logon in the week=13,unverifiable,"No rule fired: no unmatched numbers, no speculative language, no causal-context pattern, and no clear evidence-gloss assertion; needs full manual judgement.",unverifiable,
1f003e84ecfb_s006,1f003e84ecfb,ILK3668,2011-W14,no,"R1,R2",1,1,"These values are clearly above Ingrid's usual range, indicating a potential anomaly that warrants further investigation.",F001 logons outside working hours=3 [own~0 max2] ; F002 files copied to removable media=39 [own~20.50 max38],F003 logon events=10 [own~9 max11] [peer~5 n33] ; F004 logons at the weekend=0 [own~0 max1] ; F005 days with recorded activity=5 [own~5 max6] [peer~5 n33] ; F006 removable device connections=6 [own~5 max10] ; F007 removable device connections outside working hours=0 [own~0 max0] ; F008 file operations=98 [own~60 max124] [peer~1 n33] ; F009 distinct workstations used=1 [own~1 max1] [peer~1 n33] ; F010 hour of earliest logon in the week=0 ; F011 hour of latest logon in the week=13,grounded,Sentence contains speculative/hedge language ('warrants further investigation'); neither matches nor contradicts any fact; rule 5 fired.,grounded,
1f003e84ecfb_s009,1f003e84ecfb,ILK3668,2011-W14,no,"R1,R2",1,1,"The primary evidence for this comes from two unusual events: [F001] logons outside working hours, which occurred three times, and [F002] files copied to removable media, which reached 39, significantly above their typical range of 20.50.",F001 logons outside working hours=3 [own~0 max2] ; F002 files copied to removable media=39 [own~20.50 max38],F003 logon events=10 [own~9 max11] [peer~5 n33] ; F004 logons at the weekend=0 [own~0 max1] ; F005 days with recorded activity=5 [own~5 max6] [peer~5 n33] ; F006 removable device connections=6 [own~5 max10] ; F007 removable device connections outside working hours=0 [own~0 max0] ; F008 file operations=98 [own~60 max124] [peer~1 n33] ; F009 distinct workstations used=1 [own~1 max1] [peer~1 n33] ; F010 hour of earliest logon in the week=0 ; F011 hour of latest logon in the week=13,grounded,"Main clause asserts evidence fact (F001, F002) and all numbers trace to facts[]. Rule 1 fired.",grounded,
30e15748717a_s001,30e15748717a,AVH0566,2010-W42,no,R1,10,17,"AVH0566's recent logon pattern suggests they have been consistently logging in within their typical working hours, with an average of 1 logon outside those hours.",F001 logons outside working hours=4 [own~1 max2],F002 logon events=9 [own~6 max7] [peer~5 n103] ; F003 logons at the weekend=0 [own~0 max0] ; F004 days with recorded activity=5 [own~5 max5] [peer~5 n103] ; F005 distinct workstations used=1 [own~1 max1] [peer~1 n103] ; F006 hour of earliest logon in the week=4 ; F007 hour of latest logon in the week=23,hallucinated,Sentence contains speculative/hedge language ('suggests they'); neither matches nor contradicts any fact; rule 5 fired.,hallucinated,"Own/current value swap: cites own-typical figure (1) as if it were the current anomalous value, omitting the actual value (4). Distinct hallucination shape."
30e15748717a_s003,30e15748717a,AVH0566,2010-W42,no,R1,4,3,This anomaly is the primary evidence for the triggered rule.,F001 logons outside working hours=4 [own~1 max2],F002 logon events=9 [own~6 max7] [peer~5 n103] ; F003 logons at the weekend=0 [own~0 max0] ; F004 days with recorded activity=5 [own~5 max5] [peer~5 n103] ; F005 distinct workstations used=1 [own~1 max1] [peer~1 n103] ; F006 hour of earliest logon in the week=4 ; F007 hour of latest logon in the week=23,grounded,"No rule fired: no unmatched numbers, no speculative language, no causal-context pattern, and no clear evidence-gloss assertion; needs full manual judgement.",grounded,
30e15748717a_s005,30e15748717a,AVH0566,2010-W42,no,R1,3,2,"Ariel Venus Hooper, a Systems Engineer, had an unusual week in terms of logon activity.",F001 logons outside working hours=4 [own~1 max2],F002 logon events=9 [own~6 max7] [peer~5 n103] ; F003 logons at the weekend=0 [own~0 max0] ; F004 days with recorded activity=5 [own~5 max5] [peer~5 n103] ; F005 distinct workstations used=1 [own~1 max1] [peer~1 n103] ; F006 hour of earliest logon in the week=4 ; F007 hour of latest logon in the week=23,hallucinated,"No rule fired: no unmatched numbers, no speculative language, no causal-context pattern, and no clear evidence-gloss assertion; needs full manual judgement.",grounded,Resolved after initial pass to close a slice-boundary gap in review.
30e15748717a_s007,30e15748717a,AVH0566,2010-W42,no,R1,2,2,"This anomaly triggered rule R1, which flags unusual logon patterns.",F001 logons outside working hours=4 [own~1 max2],F002 logon events=9 [own~6 max7] [peer~5 n103] ; F003 logons at the weekend=0 [own~0 max0] ; F004 days with recorded activity=5 [own~5 max5] [peer~5 n103] ; F005 distinct workstations used=1 [own~1 max1] [peer~1 n103] ; F006 hour of earliest logon in the week=4 ; F007 hour of latest logon in the week=23,grounded,"No rule fired: no unmatched numbers, no speculative language, no causal-context pattern, and no clear evidence-gloss assertion; needs full manual judgement.",grounded,
30e15748717a_s002,30e15748717a,AVH0566,2010-W42,no,R1,1,1,"This anomaly is particularly interesting given the absence of any other unusual activity, such as logons at the weekend or on different workstations.",F001 logons outside working hours=4 [own~1 max2],F002 logon events=9 [own~6 max7] [peer~5 n103] ; F003 logons at the weekend=0 [own~0 max0] ; F004 days with recorded activity=5 [own~5 max5] [peer~5 n103] ; F005 distinct workstations used=1 [own~1 max1] [peer~1 n103] ; F006 hour of earliest logon in the week=4 ; F007 hour of latest logon in the week=23,grounded,"No rule fired: no unmatched numbers, no speculative language, no causal-context pattern, and no clear evidence-gloss assertion; needs full manual judgement.",grounded,
30e15748717a_s004,30e15748717a,AVH0566,2010-W42,no,R1,1,1,"This anomaly is most notable, as it stands out from the user's typical behavior.",F001 logons outside working hours=4 [own~1 max2],F002 logon events=9 [own~6 max7] [peer~5 n103] ; F003 logons at the weekend=0 [own~0 max0] ; F004 days with recorded activity=5 [own~5 max5] [peer~5 n103] ; F005 distinct workstations used=1 [own~1 max1] [peer~1 n103] ; F006 hour of earliest logon in the week=4 ; F007 hour of latest logon in the week=23,grounded,"No rule fired: no unmatched numbers, no speculative language, no causal-context pattern, and no clear evidence-gloss assertion; needs full manual judgement.",grounded,
30e15748717a_s006,30e15748717a,AVH0566,2010-W42,no,R1,1,1,This spike in activity is notable and warrants further review to determine the cause.,F001 logons outside working hours=4 [own~1 max2],F002 logon events=9 [own~6 max7] [peer~5 n103] ; F003 logons at the weekend=0 [own~0 max0] ; F004 days with recorded activity=5 [own~5 max5] [peer~5 n103] ; F005 distinct workstations used=1 [own~1 max1] [peer~1 n103] ; F006 hour of earliest logon in the week=4 ; F007 hour of latest logon in the week=23,unverifiable,"No rule fired: no unmatched numbers, no speculative language, no causal-context pattern, and no clear evidence-gloss assertion; needs full manual judgement.",grounded,
30e15748717a_s008,30e15748717a,AVH0566,2010-W42,no,R1,1,1,"While her overall logon events and days with recorded activity are within her typical range, the spike in logons outside her working hours warrants further review to determine the cause and potential impact on her work.",F001 logons outside working hours=4 [own~1 max2],F002 logon events=9 [own~6 max7] [peer~5 n103] ; F003 logons at the weekend=0 [own~0 max0] ; F004 days with recorded activity=5 [own~5 max5] [peer~5 n103] ; F005 distinct workstations used=1 [own~1 max1] [peer~1 n103] ; F006 hour of earliest logon in the week=4 ; F007 hour of latest logon in the week=23,unverifiable,"No rule fired: no unmatched numbers, no speculative language, no causal-context pattern, and no clear evidence-gloss assertion; needs full manual judgement.",grounded,Compound sentence: subordinate context clause + main evidence clause. Labelled per the main-clause rule: grounded.
67ba247283ed_s007,67ba247283ed,CMP2946,2011-W07,yes,R4,8,8,"The primary evidence is the significant increase in visits to job-search sites, with 21 visits this week, far above their usual range and exceeding the typical number among peers in this role.",F001 visits to job-search sites=21 [own~0 max13] [peer~3 n70],F002 visits to leak-publication sites=0 [own~0 max0] ; F003 visits to cloud-storage sites=25 [own~13 max41] ; F004 distinct web domains visited=43 [own~33.50 max44] [peer~55.50 n70] ; F005 distinct workstations used=2 [own~1.50 max3] [peer~1 n70] ; F006 days with recorded activity=5 [own~5 max5] [peer~5 n70] ; F007 hour of earliest logon in the week=8 ; F008 hour of latest logon in the week=14,grounded,Main clause asserts evidence fact (F001) and all numbers trace to facts[]. Rule 1 fired.,grounded,
67ba247283ed_s001,67ba247283ed,CMP2946,2011-W07,yes,R4,6,6,"Chandler Martin Page, a salesman in the Regional Sales team, has been flagged for an anomaly in his browsing behavior.",F001 visits to job-search sites=21 [own~0 max13] [peer~3 n70],F002 visits to leak-publication sites=0 [own~0 max0] ; F003 visits to cloud-storage sites=25 [own~13 max41] ; F004 distinct web domains visited=43 [own~33.50 max44] [peer~55.50 n70] ; F005 distinct workstations used=2 [own~1.50 max3] [peer~1 n70] ; F006 days with recorded activity=5 [own~5 max5] [peer~5 n70] ; F007 hour of earliest logon in the week=8 ; F008 hour of latest logon in the week=14,grounded,"No rule fired: no unmatched numbers, no speculative language, no causal-context pattern, and no clear evidence-gloss assertion; needs full manual judgement.",grounded,
67ba247283ed_s009,67ba247283ed,CMP2946,2011-W07,yes,R4,5,5,"This anomaly is most concerning, as it suggests that CMP2946 may be considering a job change or seeking to access job-search resources outside of normal company activities.",F001 visits to job-search sites=21 [own~0 max13] [peer~3 n70],F002 visits to leak-publication sites=0 [own~0 max0] ; F003 visits to cloud-storage sites=25 [own~13 max41] ; F004 distinct web domains visited=43 [own~33.50 max44] [peer~55.50 n70] ; F005 distinct workstations used=2 [own~1.50 max3] [peer~1 n70] ; F006 days with recorded activity=5 [own~5 max5] [peer~5 n70] ; F007 hour of earliest logon in the week=8 ; F008 hour of latest logon in the week=14,unverifiable,Sentence contains speculative/hedge language ('may be'); neither matches nor contradicts any fact; rule 5 fired.,unverifiable,
67ba247283ed_s006,67ba247283ed,CMP2946,2011-W07,yes,R4,3,3,"This week's activity for user CMP2946, a salesman in the Regional Sales team, has triggered rule R4.",F001 visits to job-search sites=21 [own~0 max13] [peer~3 n70],F002 visits to leak-publication sites=0 [own~0 max0] ; F003 visits to cloud-storage sites=25 [own~13 max41] ; F004 distinct web domains visited=43 [own~33.50 max44] [peer~55.50 n70] ; F005 distinct workstations used=2 [own~1.50 max3] [peer~1 n70] ; F006 days with recorded activity=5 [own~5 max5] [peer~5 n70] ; F007 hour of earliest logon in the week=8 ; F008 hour of latest logon in the week=14,grounded,"No rule fired: no unmatched numbers, no speculative language, no causal-context pattern, and no clear evidence-gloss assertion; needs full manual judgement.",grounded,
67ba247283ed_s004,67ba247283ed,CMP2946,2011-W07,yes,R4,2,2,"Additionally, his browsing activity is significantly higher than that of his peers in the same role.",F001 visits to job-search sites=21 [own~0 max13] [peer~3 n70],F002 visits to leak-publication sites=0 [own~0 max0] ; F003 visits to cloud-storage sites=25 [own~13 max41] ; F004 distinct web domains visited=43 [own~33.50 max44] [peer~55.50 n70] ; F005 distinct workstations used=2 [own~1.50 max3] [peer~1 n70] ; F006 days with recorded activity=5 [own~5 max5] [peer~5 n70] ; F007 hour of earliest logon in the week=8 ; F008 hour of latest logon in the week=14,grounded,"No rule fired: no unmatched numbers, no speculative language, no causal-context pattern, and no clear evidence-gloss assertion; needs full manual judgement.",grounded,
67ba247283ed_s008,67ba247283ed,CMP2946,2011-W07,yes,R4,2,2,"This anomaly is particularly noteworthy given that there is no corresponding increase in visits to leak-publication sites, which suggests that this activity is not related to a general trend of seeking sensitive information.",F001 visits to job-search sites=21 [own~0 max13] [peer~3 n70],F002 visits to leak-publication sites=0 [own~0 max0] ; F003 visits to cloud-storage sites=25 [own~13 max41] ; F004 distinct web domains visited=43 [own~33.50 max44] [peer~55.50 n70] ; F005 distinct workstations used=2 [own~1.50 max3] [peer~1 n70] ; F006 days with recorded activity=5 [own~5 max5] [peer~5 n70] ; F007 hour of earliest logon in the week=8 ; F008 hour of latest logon in the week=14,grounded,"No rule fired: no unmatched numbers, no speculative language, no causal-context pattern, and no clear evidence-gloss assertion; needs full manual judgement.",grounded,
67ba247283ed_s002,67ba247283ed,CMP2946,2011-W07,yes,R4,1,1,"The triggered rule, R4, suggests that his visits to job-search sites are atypical for his role.",F001 visits to job-search sites=21 [own~0 max13] [peer~3 n70],F002 visits to leak-publication sites=0 [own~0 max0] ; F003 visits to cloud-storage sites=25 [own~13 max41] ; F004 distinct web domains visited=43 [own~33.50 max44] [peer~55.50 n70] ; F005 distinct workstations used=2 [own~1.50 max3] [peer~1 n70] ; F006 days with recorded activity=5 [own~5 max5] [peer~5 n70] ; F007 hour of earliest logon in the week=8 ; F008 hour of latest logon in the week=14,grounded,Main clause asserts evidence fact (F001) and all numbers trace to facts[]. Rule 1 fired.,grounded,
67ba247283ed_s003,67ba247283ed,CMP2946,2011-W07,yes,R4,1,1,"This is particularly notable since his usual range is 0, and this week's count of 21 is far above his usual range.",F001 visits to job-search sites=21 [own~0 max13] [peer~3 n70],F002 visits to leak-publication sites=0 [own~0 max0] ; F003 visits to cloud-storage sites=25 [own~13 max41] ; F004 distinct web domains visited=43 [own~33.50 max44] [peer~55.50 n70] ; F005 distinct workstations used=2 [own~1.50 max3] [peer~1 n70] ; F006 days with recorded activity=5 [own~5 max5] [peer~5 n70] ; F007 hour of earliest logon in the week=8 ; F008 hour of latest logon in the week=14,grounded,"No rule fired: no unmatched numbers, no speculative language, no causal-context pattern, and no clear evidence-gloss assertion; needs full manual judgement.",grounded,
67ba247283ed_s005,67ba247283ed,CMP2946,2011-W07,yes,R4,1,1,"While it's possible that Page is simply looking for new job opportunities, this unusual behavior warrants further review to rule out any potential security concerns.",F001 visits to job-search sites=21 [own~0 max13] [peer~3 n70],F002 visits to leak-publication sites=0 [own~0 max0] ; F003 visits to cloud-storage sites=25 [own~13 max41] ; F004 distinct web domains visited=43 [own~33.50 max44] [peer~55.50 n70] ; F005 distinct workstations used=2 [own~1.50 max3] [peer~1 n70] ; F006 days with recorded activity=5 [own~5 max5] [peer~5 n70] ; F007 hour of earliest logon in the week=8 ; F008 hour of latest logon in the week=14,unverifiable,Sentence contains speculative/hedge language ('it's possible'); neither matches nor contradicts any fact; rule 5 fired.,unverifiable,
67ba247283ed_s010,67ba247283ed,CMP2946,2011-W07,yes,R4,1,1,"This is the most concerning evidence, and it's the main reason why his week was flagged.",F001 visits to job-search sites=21 [own~0 max13] [peer~3 n70],F002 visits to leak-publication sites=0 [own~0 max0] ; F003 visits to cloud-storage sites=25 [own~13 max41] ; F004 distinct web domains visited=43 [own~33.50 max44] [peer~55.50 n70] ; F005 distinct workstations used=2 [own~1.50 max3] [peer~1 n70] ; F006 days with recorded activity=5 [own~5 max5] [peer~5 n70] ; F007 hour of earliest logon in the week=8 ; F008 hour of latest logon in the week=14,grounded,"No rule fired: no unmatched numbers, no speculative language, no causal-context pattern, and no clear evidence-gloss assertion; needs full manual judgement.",grounded,
67ba247283ed_s011,67ba247283ed,CMP2946,2011-W07,yes,R4,1,1,"While this could be a one-time anomaly, it's worth investigating further to determine if this change in behavior is a new pattern or a temporary aberration.",F001 visits to job-search sites=21 [own~0 max13] [peer~3 n70],F002 visits to leak-publication sites=0 [own~0 max0] ; F003 visits to cloud-storage sites=25 [own~13 max41] ; F004 distinct web domains visited=43 [own~33.50 max44] [peer~55.50 n70] ; F005 distinct workstations used=2 [own~1.50 max3] [peer~1 n70] ; F006 days with recorded activity=5 [own~5 max5] [peer~5 n70] ; F007 hour of earliest logon in the week=8 ; F008 hour of latest logon in the week=14,unverifiable,Sentence contains speculative/hedge language ('could be'); neither matches nor contradicts any fact; rule 5 fired.,unverifiable,Resolved after initial pass to close a slice-boundary gap in review.
67ba247283ed_s012,67ba247283ed,CMP2946,2011-W07,yes,R4,1,1,"This is also above the range seen among peers in the same role, indicating that this behavior is not typical for someone in his position.",F001 visits to job-search sites=21 [own~0 max13] [peer~3 n70],F002 visits to leak-publication sites=0 [own~0 max0] ; F003 visits to cloud-storage sites=25 [own~13 max41] ; F004 distinct web domains visited=43 [own~33.50 max44] [peer~55.50 n70] ; F005 distinct workstations used=2 [own~1.50 max3] [peer~1 n70] ; F006 days with recorded activity=5 [own~5 max5] [peer~5 n70] ; F007 hour of earliest logon in the week=8 ; F008 hour of latest logon in the week=14,grounded,"No rule fired: no unmatched numbers, no speculative language, no causal-context pattern, and no clear evidence-gloss assertion; needs full manual judgement.",grounded,
6c2facc73bac_s002,6c2facc73bac,HAG3196,2011-W10,no,"R2,R4,R5",9,11,"Specifically, 68 files were copied to removable media, which is significantly above their typical range of 43.",F001 files copied to removable media=68 [own~43 max54] ; F002 file operations=167 [own~126.50 max163] [peer~1 n93] ; F003 visits to job-search sites=31 [own~10.50 max19] [peer~4 n93] ; F004 web requests=665 [own~475 max665] [peer~475 n93],F005 removable device connections=58 [own~44 max63] ; F006 removable device connections outside working hours=0 [own~0 max3] ; F007 visits to leak-publication sites=0 [own~0 max0] ; F008 visits to cloud-storage sites=5 [own~5 max8] [peer~2 n93] ; F009 distinct web domains visited=78 [own~70 max83] [peer~66 n93] ; F010 logon events=12 [own~11 max18] [peer~5 n93] ; F011 distinct workstations used=1 [own~2 max4] [peer~1 n93] ; F012 days with recorded activity=7 [own~5 max7] [peer~5 n93] ; F013 hour of earliest logon in the week=7 ; F014 hour of latest logon in the week=13,grounded,"No rule fired: no unmatched numbers, no speculative language, no causal-context pattern, and no clear evidence-gloss assertion; needs full manual judgement.",grounded,
6c2facc73bac_s001,6c2facc73bac,HAG3196,2011-W10,no,"R2,R4,R5",4,4,"Hall Aladdin Gardner's (HAG3196) activity this week is flagged due to elevated file copying to removable media, atypical browsing behavior, and an overall activity volume that far exceeds their same-role peers.",F001 files copied to removable media=68 [own~43 max54] ; F002 file operations=167 [own~126.50 max163] [peer~1 n93] ; F003 visits to job-search sites=31 [own~10.50 max19] [peer~4 n93] ; F004 web requests=665 [own~475 max665] [peer~475 n93],F005 removable device connections=58 [own~44 max63] ; F006 removable device connections outside working hours=0 [own~0 max3] ; F007 visits to leak-publication sites=0 [own~0 max0] ; F008 visits to cloud-storage sites=5 [own~5 max8] [peer~2 n93] ; F009 distinct web domains visited=78 [own~70 max83] [peer~66 n93] ; F010 logon events=12 [own~11 max18] [peer~5 n93] ; F011 distinct workstations used=1 [own~2 max4] [peer~1 n93] ; F012 days with recorded activity=7 [own~5 max7] [peer~5 n93] ; F013 hour of earliest logon in the week=7 ; F014 hour of latest logon in the week=13,grounded,"No rule fired: no unmatched numbers, no speculative language, no causal-context pattern, and no clear evidence-gloss assertion; needs full manual judgement.",grounded,
6c2facc73bac_s003,6c2facc73bac,HAG3196,2011-W10,no,"R2,R4,R5",4,4,"Furthermore, HAG3196 visited job-search sites 31 times, which is more than double their typical frequency of 10.50.",F001 files copied to removable media=68 [own~43 max54] ; F002 file operations=167 [own~126.50 max163] [peer~1 n93] ; F003 visits to job-search sites=31 [own~10.50 max19] [peer~4 n93] ; F004 web requests=665 [own~475 max665] [peer~475 n93],F005 removable device connections=58 [own~44 max63] ; F006 removable device connections outside working hours=0 [own~0 max3] ; F007 visits to leak-publication sites=0 [own~0 max0] ; F008 visits to cloud-storage sites=5 [own~5 max8] [peer~2 n93] ; F009 distinct web domains visited=78 [own~70 max83] [peer~66 n93] ; F010 logon events=12 [own~11 max18] [peer~5 n93] ; F011 distinct workstations used=1 [own~2 max4] [peer~1 n93] ; F012 days with recorded activity=7 [own~5 max7] [peer~5 n93] ; F013 hour of earliest logon in the week=7 ; F014 hour of latest logon in the week=13,grounded,"No rule fired: no unmatched numbers, no speculative language, no causal-context pattern, and no clear evidence-gloss assertion; needs full manual judgement.",grounded,
6c2facc73bac_s004,6c2facc73bac,HAG3196,2011-W10,no,"R2,R4,R5",4,4,The week was flagged due to evidence for triggered rules.,F001 files copied to removable media=68 [own~43 max54] ; F002 file operations=167 [own~126.50 max163] [peer~1 n93] ; F003 visits to job-search sites=31 [own~10.50 max19] [peer~4 n93] ; F004 web requests=665 [own~475 max665] [peer~475 n93],F005 removable device connections=58 [own~44 max63] ; F006 removable device connections outside working hours=0 [own~0 max3] ; F007 visits to leak-publication sites=0 [own~0 max0] ; F008 visits to cloud-storage sites=5 [own~5 max8] [peer~2 n93] ; F009 distinct web domains visited=78 [own~70 max83] [peer~66 n93] ; F010 logon events=12 [own~11 max18] [peer~5 n93] ; F011 distinct workstations used=1 [own~2 max4] [peer~1 n93] ; F012 days with recorded activity=7 [own~5 max7] [peer~5 n93] ; F013 hour of earliest logon in the week=7 ; F014 hour of latest logon in the week=13,grounded,"No rule fired: no unmatched numbers, no speculative language, no causal-context pattern, and no clear evidence-gloss assertion; needs full manual judgement.",grounded,
6c2facc73bac_s005,6c2facc73bac,HAG3196,2011-W10,no,"R2,R4,R5",4,4,"Lastly, their overall activity volume, measured by web requests, was 665, which is also far above their typical range of 475.",F001 files copied to removable media=68 [own~43 max54] ; F002 file operations=167 [own~126.50 max163] [peer~1 n93] ; F003 visits to job-search sites=31 [own~10.50 max19] [peer~4 n93] ; F004 web requests=665 [own~475 max665] [peer~475 n93],F005 removable device connections=58 [own~44 max63] ; F006 removable device connections outside working hours=0 [own~0 max3] ; F007 visits to leak-publication sites=0 [own~0 max0] ; F008 visits to cloud-storage sites=5 [own~5 max8] [peer~2 n93] ; F009 distinct web domains visited=78 [own~70 max83] [peer~66 n93] ; F010 logon events=12 [own~11 max18] [peer~5 n93] ; F011 distinct workstations used=1 [own~2 max4] [peer~1 n93] ; F012 days with recorded activity=7 [own~5 max7] [peer~5 n93] ; F013 hour of earliest logon in the week=7 ; F014 hour of latest logon in the week=13,grounded,Main clause asserts evidence fact (F004) and all numbers trace to facts[]. Rule 1 fired.,grounded,
6c2facc73bac_s009,6c2facc73bac,HAG3196,2011-W10,no,"R2,R4,R5",3,4,"Additionally, [R4] Browsing to job-search or leak-publication sites atypical for the role was triggered, with 31 visits to job-search sites, far above their usual 10.50 and exceeding the peer range.",F001 files copied to removable media=68 [own~43 max54] ; F002 file operations=167 [own~126.50 max163] [peer~1 n93] ; F003 visits to job-search sites=31 [own~10.50 max19] [peer~4 n93] ; F004 web requests=665 [own~475 max665] [peer~475 n93],F005 removable device connections=58 [own~44 max63] ; F006 removable device connections outside working hours=0 [own~0 max3] ; F007 visits to leak-publication sites=0 [own~0 max0] ; F008 visits to cloud-storage sites=5 [own~5 max8] [peer~2 n93] ; F009 distinct web domains visited=78 [own~70 max83] [peer~66 n93] ; F010 logon events=12 [own~11 max18] [peer~5 n93] ; F011 distinct workstations used=1 [own~2 max4] [peer~1 n93] ; F012 days with recorded activity=7 [own~5 max7] [peer~5 n93] ; F013 hour of earliest logon in the week=7 ; F014 hour of latest logon in the week=13,grounded,Main clause asserts evidence fact (F003) and all numbers trace to facts[]. Rule 1 fired.,grounded,
6c2facc73bac_s006,6c2facc73bac,HAG3196,2011-W10,no,"R2,R4,R5",2,2,"This week's activity for HAG3196, a mathematician in the Research and Engineering team, has triggered three detection rules.",F001 files copied to removable media=68 [own~43 max54] ; F002 file operations=167 [own~126.50 max163] [peer~1 n93] ; F003 visits to job-search sites=31 [own~10.50 max19] [peer~4 n93] ; F004 web requests=665 [own~475 max665] [peer~475 n93],F005 removable device connections=58 [own~44 max63] ; F006 removable device connections outside working hours=0 [own~0 max3] ; F007 visits to leak-publication sites=0 [own~0 max0] ; F008 visits to cloud-storage sites=5 [own~5 max8] [peer~2 n93] ; F009 distinct web domains visited=78 [own~70 max83] [peer~66 n93] ; F010 logon events=12 [own~11 max18] [peer~5 n93] ; F011 distinct workstations used=1 [own~2 max4] [peer~1 n93] ; F012 days with recorded activity=7 [own~5 max7] [peer~5 n93] ; F013 hour of earliest logon in the week=7 ; F014 hour of latest logon in the week=13,grounded,"No rule fired: no unmatched numbers, no speculative language, no causal-context pattern, and no clear evidence-gloss assertion; needs full manual judgement.",grounded,
6c2facc73bac_s007,6c2facc73bac,HAG3196,2011-W10,no,"R2,R4,R5",2,2,These anomalies suggest that HAG3196's behavior this week may be unusual and warrants further investigation.,F001 files copied to removable media=68 [own~43 max54] ; F002 file operations=167 [own~126.50 max163] [peer~1 n93] ; F003 visits to job-search sites=31 [own~10.50 max19] [peer~4 n93] ; F004 web requests=665 [own~475 max665] [peer~475 n93],F005 removable device connections=58 [own~44 max63] ; F006 removable device connections outside working hours=0 [own~0 max3] ; F007 visits to leak-publication sites=0 [own~0 max0] ; F008 visits to cloud-storage sites=5 [own~5 max8] [peer~2 n93] ; F009 distinct web domains visited=78 [own~70 max83] [peer~66 n93] ; F010 logon events=12 [own~11 max18] [peer~5 n93] ; F011 distinct workstations used=1 [own~2 max4] [peer~1 n93] ; F012 days with recorded activity=7 [own~5 max7] [peer~5 n93] ; F013 hour of earliest logon in the week=7 ; F014 hour of latest logon in the week=13,unverifiable,Sentence contains speculative/hedge language ('may be'); neither matches nor contradicts any fact; rule 5 fired.,unverifiable,
6c2facc73bac_s008,6c2facc73bac,HAG3196,2011-W10,no,"R2,R4,R5",2,2,These activity levels are also significantly higher than those of their peers in the same role.,F001 files copied to removable media=68 [own~43 max54] ; F002 file operations=167 [own~126.50 max163] [peer~1 n93] ; F003 visits to job-search sites=31 [own~10.50 max19] [peer~4 n93] ; F004 web requests=665 [own~475 max665] [peer~475 n93],F005 removable device connections=58 [own~44 max63] ; F006 removable device connections outside working hours=0 [own~0 max3] ; F007 visits to leak-publication sites=0 [own~0 max0] ; F008 visits to cloud-storage sites=5 [own~5 max8] [peer~2 n93] ; F009 distinct web domains visited=78 [own~70 max83] [peer~66 n93] ; F010 logon events=12 [own~11 max18] [peer~5 n93] ; F011 distinct workstations used=1 [own~2 max4] [peer~1 n93] ; F012 days with recorded activity=7 [own~5 max7] [peer~5 n93] ; F013 hour of earliest logon in the week=7 ; F014 hour of latest logon in the week=13,grounded,"No rule fired: no unmatched numbers, no speculative language, no causal-context pattern, and no clear evidence-gloss assertion; needs full manual judgement.",grounded,
6c2facc73bac_s010,6c2facc73bac,HAG3196,2011-W10,no,"R2,R4,R5",1,1,The UEBA system has flagged HAG3196's activity for review due to evidence for triggered rules.,F001 files copied to removable media=68 [own~43 max54] ; F002 file operations=167 [own~126.50 max163] [peer~1 n93] ; F003 visits to job-search sites=31 [own~10.50 max19] [peer~4 n93] ; F004 web requests=665 [own~475 max665] [peer~475 n93],F005 removable device connections=58 [own~44 max63] ; F006 removable device connections outside working hours=0 [own~0 max3] ; F007 visits to leak-publication sites=0 [own~0 max0] ; F008 visits to cloud-storage sites=5 [own~5 max8] [peer~2 n93] ; F009 distinct web domains visited=78 [own~70 max83] [peer~66 n93] ; F010 logon events=12 [own~11 max18] [peer~5 n93] ; F011 distinct workstations used=1 [own~2 max4] [peer~1 n93] ; F012 days with recorded activity=7 [own~5 max7] [peer~5 n93] ; F013 hour of earliest logon in the week=7 ; F014 hour of latest logon in the week=13,hallucinated,"Main clause uses causal language and cites context-only fact (F012), not an evidence fact. Rule 4 fired.",grounded,
9cf542cc9e79_s004,9cf542cc9e79,MJA2380,2011-W02,no,"R3,R5",8,8,"Additionally, the number of file operations, 51, is also well above their typical range of 13 and far above the peer average of 1.",F001 bytes of email attachments sent=60.10M [own~23.15M max34.04M] [peer~8.63M n72] ; F002 external email recipients=44 [own~45.50 max71] [peer~25 n72] ; F003 file operations=51 [own~13 max19] [peer~1 n72],F004 emails sent to at least one external recipient=18 [own~18 max28] [peer~13 n72] ; F005 emails sent=49 [own~37.50 max49] [peer~29.50 n72] ; F006 logon events=13 [own~13 max14] [peer~5 n72] ; F007 web requests=1330 [own~1330 max1330] [peer~950 n72] ; F008 removable device connections=0 [own~0 max0] ; F009 distinct workstations used=1 [own~1 max1] [peer~1 n72] ; F010 days with recorded activity=7 [own~7 max7] [peer~5 n72] ; F011 hour of earliest logon in the week=7 ; F012 hour of latest logon in the week=12,grounded,Main clause asserts evidence fact (F003) and all numbers trace to facts[]. Rule 1 fired.,grounded,
9cf542cc9e79_s003,9cf542cc9e79,MJA2380,2011-W02,no,"R3,R5",7,8,"Specifically, they sent an unusual volume of email attachments, with 60.10 MB of data sent, which is significantly above their typical range of 23.15 MB and well above the peer average of 8.63 MB.",F001 bytes of email attachments sent=60.10M [own~23.15M max34.04M] [peer~8.63M n72] ; F002 external email recipients=44 [own~45.50 max71] [peer~25 n72] ; F003 file operations=51 [own~13 max19] [peer~1 n72],F004 emails sent to at least one external recipient=18 [own~18 max28] [peer~13 n72] ; F005 emails sent=49 [own~37.50 max49] [peer~29.50 n72] ; F006 logon events=13 [own~13 max14] [peer~5 n72] ; F007 web requests=1330 [own~1330 max1330] [peer~950 n72] ; F008 removable device connections=0 [own~0 max0] ; F009 distinct workstations used=1 [own~1 max1] [peer~1 n72] ; F010 days with recorded activity=7 [own~7 max7] [peer~5 n72] ; F011 hour of earliest logon in the week=7 ; F012 hour of latest logon in the week=12,grounded,"No rule fired: no unmatched numbers, no speculative language, no causal-context pattern, and no clear evidence-gloss assertion; needs full manual judgement.",grounded,
9cf542cc9e79_s009,9cf542cc9e79,MJA2380,2011-W02,no,"R3,R5",4,4,"Specifically, the volume of attachment data sent to external recipients ([F001]) and the overall activity volume far outside the same-role peer distribution ([F003]) both indicate unusual activity.",F001 bytes of email attachments sent=60.10M [own~23.15M max34.04M] [peer~8.63M n72] ; F002 external email recipients=44 [own~45.50 max71] [peer~25 n72] ; F003 file operations=51 [own~13 max19] [peer~1 n72],F004 emails sent to at least one external recipient=18 [own~18 max28] [peer~13 n72] ; F005 emails sent=49 [own~37.50 max49] [peer~29.50 n72] ; F006 logon events=13 [own~13 max14] [peer~5 n72] ; F007 web requests=1330 [own~1330 max1330] [peer~950 n72] ; F008 removable device connections=0 [own~0 max0] ; F009 distinct workstations used=1 [own~1 max1] [peer~1 n72] ; F010 days with recorded activity=7 [own~7 max7] [peer~5 n72] ; F011 hour of earliest logon in the week=7 ; F012 hour of latest logon in the week=12,grounded,"No rule fired: no unmatched numbers, no speculative language, no causal-context pattern, and no clear evidence-gloss assertion; needs full manual judgement.",grounded,
9cf542cc9e79_s006,9cf542cc9e79,MJA2380,2011-W02,no,"R3,R5",3,3,"This week's activity for Mercedes Josephine Ayala, Chief Engineer in Materials Engineering, has triggered two detection rules.",F001 bytes of email attachments sent=60.10M [own~23.15M max34.04M] [peer~8.63M n72] ; F002 external email recipients=44 [own~45.50 max71] [peer~25 n72] ; F003 file operations=51 [own~13 max19] [peer~1 n72],F004 emails sent to at least one external recipient=18 [own~18 max28] [peer~13 n72] ; F005 emails sent=49 [own~37.50 max49] [peer~29.50 n72] ; F006 logon events=13 [own~13 max14] [peer~5 n72] ; F007 web requests=1330 [own~1330 max1330] [peer~950 n72] ; F008 removable device connections=0 [own~0 max0] ; F009 distinct workstations used=1 [own~1 max1] [peer~1 n72] ; F010 days with recorded activity=7 [own~7 max7] [peer~5 n72] ; F011 hour of earliest logon in the week=7 ; F012 hour of latest logon in the week=12,grounded,"No rule fired: no unmatched numbers, no speculative language, no causal-context pattern, and no clear evidence-gloss assertion; needs full manual judgement.",grounded,
9cf542cc9e79_s008,9cf542cc9e79,MJA2380,2011-W02,no,"R3,R5",3,3,The week of 2011-W02 was flagged due to evidence from triggered rules.,F001 bytes of email attachments sent=60.10M [own~23.15M max34.04M] [peer~8.63M n72] ; F002 external email recipients=44 [own~45.50 max71] [peer~25 n72] ; F003 file operations=51 [own~13 max19] [peer~1 n72],F004 emails sent to at least one external recipient=18 [own~18 max28] [peer~13 n72] ; F005 emails sent=49 [own~37.50 max49] [peer~29.50 n72] ; F006 logon events=13 [own~13 max14] [peer~5 n72] ; F007 web requests=1330 [own~1330 max1330] [peer~950 n72] ; F008 removable device connections=0 [own~0 max0] ; F009 distinct workstations used=1 [own~1 max1] [peer~1 n72] ; F010 days with recorded activity=7 [own~7 max7] [peer~5 n72] ; F011 hour of earliest logon in the week=7 ; F012 hour of latest logon in the week=12,grounded,"No rule fired: no unmatched numbers, no speculative language, no causal-context pattern, and no clear evidence-gloss assertion; needs full manual judgement.",grounded,Resolved after initial pass to close a slice-boundary gap in review.
9cf542cc9e79_s001,9cf542cc9e79,MJA2380,2011-W02,no,"R3,R5",2,2,"MJA2380, Chief Engineer of Team 19 - Materials Engineering, had an unusual week.",F001 bytes of email attachments sent=60.10M [own~23.15M max34.04M] [peer~8.63M n72] ; F002 external email recipients=44 [own~45.50 max71] [peer~25 n72] ; F003 file operations=51 [own~13 max19] [peer~1 n72],F004 emails sent to at least one external recipient=18 [own~18 max28] [peer~13 n72] ; F005 emails sent=49 [own~37.50 max49] [peer~29.50 n72] ; F006 logon events=13 [own~13 max14] [peer~5 n72] ; F007 web requests=1330 [own~1330 max1330] [peer~950 n72] ; F008 removable device connections=0 [own~0 max0] ; F009 distinct workstations used=1 [own~1 max1] [peer~1 n72] ; F010 days with recorded activity=7 [own~7 max7] [peer~5 n72] ; F011 hour of earliest logon in the week=7 ; F012 hour of latest logon in the week=12,grounded,"No rule fired: no unmatched numbers, no speculative language, no causal-context pattern, and no clear evidence-gloss assertion; needs full manual judgement.",grounded,
9cf542cc9e79_s010,9cf542cc9e79,MJA2380,2011-W02,no,"R3,R5",2,2,These unusual volume spikes are likely driving the triggered detection rules.,F001 bytes of email attachments sent=60.10M [own~23.15M max34.04M] [peer~8.63M n72] ; F002 external email recipients=44 [own~45.50 max71] [peer~25 n72] ; F003 file operations=51 [own~13 max19] [peer~1 n72],F004 emails sent to at least one external recipient=18 [own~18 max28] [peer~13 n72] ; F005 emails sent=49 [own~37.50 max49] [peer~29.50 n72] ; F006 logon events=13 [own~13 max14] [peer~5 n72] ; F007 web requests=1330 [own~1330 max1330] [peer~950 n72] ; F008 removable device connections=0 [own~0 max0] ; F009 distinct workstations used=1 [own~1 max1] [peer~1 n72] ; F010 days with recorded activity=7 [own~7 max7] [peer~5 n72] ; F011 hour of earliest logon in the week=7 ; F012 hour of latest logon in the week=12,unverifiable,"No rule fired: no unmatched numbers, no speculative language, no causal-context pattern, and no clear evidence-gloss assertion; needs full manual judgement.",grounded,
9cf542cc9e79_s011,9cf542cc9e79,MJA2380,2011-W02,no,"R3,R5",2,2,"This week, Chief Engineer MJA2380's (Mercedes Josephine Ayala) activity volume far exceeded that of their same-role peers, with a total of 51 file operations.",F001 bytes of email attachments sent=60.10M [own~23.15M max34.04M] [peer~8.63M n72] ; F002 external email recipients=44 [own~45.50 max71] [peer~25 n72] ; F003 file operations=51 [own~13 max19] [peer~1 n72],F004 emails sent to at least one external recipient=18 [own~18 max28] [peer~13 n72] ; F005 emails sent=49 [own~37.50 max49] [peer~29.50 n72] ; F006 logon events=13 [own~13 max14] [peer~5 n72] ; F007 web requests=1330 [own~1330 max1330] [peer~950 n72] ; F008 removable device connections=0 [own~0 max0] ; F009 distinct workstations used=1 [own~1 max1] [peer~1 n72] ; F010 days with recorded activity=7 [own~7 max7] [peer~5 n72] ; F011 hour of earliest logon in the week=7 ; F012 hour of latest logon in the week=12,grounded,Main clause asserts evidence fact (F003) and all numbers trace to facts[]. Rule 1 fired.,grounded,
9cf542cc9e79_s002,9cf542cc9e79,MJA2380,2011-W02,no,"R3,R5",1,1,The triggered rules suggest that MJA2380's activity volume was far outside the norm for their role.,F001 bytes of email attachments sent=60.10M [own~23.15M max34.04M] [peer~8.63M n72] ; F002 external email recipients=44 [own~45.50 max71] [peer~25 n72] ; F003 file operations=51 [own~13 max19] [peer~1 n72],F004 emails sent to at least one external recipient=18 [own~18 max28] [peer~13 n72] ; F005 emails sent=49 [own~37.50 max49] [peer~29.50 n72] ; F006 logon events=13 [own~13 max14] [peer~5 n72] ; F007 web requests=1330 [own~1330 max1330] [peer~950 n72] ; F008 removable device connections=0 [own~0 max0] ; F009 distinct workstations used=1 [own~1 max1] [peer~1 n72] ; F010 days with recorded activity=7 [own~7 max7] [peer~5 n72] ; F011 hour of earliest logon in the week=7 ; F012 hour of latest logon in the week=12,grounded,"No rule fired: no unmatched numbers, no speculative language, no causal-context pattern, and no clear evidence-gloss assertion; needs full manual judgement.",grounded,
9cf542cc9e79_s005,9cf542cc9e79,MJA2380,2011-W02,no,"R3,R5",1,1,"This is also significantly higher than the average among same-role peers, which is 8.63 MB.",F001 bytes of email attachments sent=60.10M [own~23.15M max34.04M] [peer~8.63M n72] ; F002 external email recipients=44 [own~45.50 max71] [peer~25 n72] ; F003 file operations=51 [own~13 max19] [peer~1 n72],F004 emails sent to at least one external recipient=18 [own~18 max28] [peer~13 n72] ; F005 emails sent=49 [own~37.50 max49] [peer~29.50 n72] ; F006 logon events=13 [own~13 max14] [peer~5 n72] ; F007 web requests=1330 [own~1330 max1330] [peer~950 n72] ; F008 removable device connections=0 [own~0 max0] ; F009 distinct workstations used=1 [own~1 max1] [peer~1 n72] ; F010 days with recorded activity=7 [own~7 max7] [peer~5 n72] ; F011 hour of earliest logon in the week=7 ; F012 hour of latest logon in the week=12,grounded,"No rule fired: no unmatched numbers, no speculative language, no causal-context pattern, and no clear evidence-gloss assertion; needs full manual judgement.",grounded,
9cf542cc9e79_s007,9cf542cc9e79,MJA2380,2011-W02,no,"R3,R5",1,1,"This suggests a significant increase in file-related activity, likely driving the detection of rule R5.",F001 bytes of email attachments sent=60.10M [own~23.15M max34.04M] [peer~8.63M n72] ; F002 external email recipients=44 [own~45.50 max71] [peer~25 n72] ; F003 file operations=51 [own~13 max19] [peer~1 n72],F004 emails sent to at least one external recipient=18 [own~18 max28] [peer~13 n72] ; F005 emails sent=49 [own~37.50 max49] [peer~29.50 n72] ; F006 logon events=13 [own~13 max14] [peer~5 n72] ; F007 web requests=1330 [own~1330 max1330] [peer~950 n72] ; F008 removable device connections=0 [own~0 max0] ; F009 distinct workstations used=1 [own~1 max1] [peer~1 n72] ; F010 days with recorded activity=7 [own~7 max7] [peer~5 n72] ; F011 hour of earliest logon in the week=7 ; F012 hour of latest logon in the week=12,unverifiable,"No rule fired: no unmatched numbers, no speculative language, no causal-context pattern, and no clear evidence-gloss assertion; needs full manual judgement.",grounded,
9cf542cc9e79_s012,9cf542cc9e79,MJA2380,2011-W02,no,"R3,R5",1,1,"These values are significantly higher than the user's typical range and the peer range, suggesting an unusual level of activity.",F001 bytes of email attachments sent=60.10M [own~23.15M max34.04M] [peer~8.63M n72] ; F002 external email recipients=44 [own~45.50 max71] [peer~25 n72] ; F003 file operations=51 [own~13 max19] [peer~1 n72],F004 emails sent to at least one external recipient=18 [own~18 max28] [peer~13 n72] ; F005 emails sent=49 [own~37.50 max49] [peer~29.50 n72] ; F006 logon events=13 [own~13 max14] [peer~5 n72] ; F007 web requests=1330 [own~1330 max1330] [peer~950 n72] ; F008 removable device connections=0 [own~0 max0] ; F009 distinct workstations used=1 [own~1 max1] [peer~1 n72] ; F010 days with recorded activity=7 [own~7 max7] [peer~5 n72] ; F011 hour of earliest logon in the week=7 ; F012 hour of latest logon in the week=12,grounded,"No rule fired: no unmatched numbers, no speculative language, no causal-context pattern, and no clear evidence-gloss assertion; needs full manual judgement.",grounded,
a0a7dc154e87_s003,a0a7dc154e87,FDF2135,2010-W14,no,"R4,R5",7,8,"Additionally, Felix performed 129 file operations, which is a significant increase from their typical activity and well above the peer average.",F001 visits to job-search sites=34 [own~0 max7] [peer~1 n313] ; F002 file operations=129 [own~78 max157] [peer~1 n313],F003 visits to leak-publication sites=0 [own~0 max0] ; F004 visits to cloud-storage sites=2 [own~1 max6] ; F005 distinct web domains visited=82 [own~67.50 max74] [peer~59 n313] ; F006 logon events=14 [own~11 max12] [peer~5 n313] ; F007 web requests=600 [own~500 max600] [peer~475 n313] ; F008 removable device connections=11 [own~6 max10] ; F009 distinct workstations used=3 [own~2 max4] [peer~1 n313] ; F010 days with recorded activity=7 [own~5 max6] [peer~5 n313] ; F011 hour of earliest logon in the week=7 ; F012 hour of latest logon in the week=23,false precision,Main clause asserts evidence fact (F002) and all numbers trace to facts[]. Rule 1 fired.,grounded,
a0a7dc154e87_s004,a0a7dc154e87,FDF2135,2010-W14,no,"R4,R5",6,6,"Felix Dustin Fletcher, an Electrical Engineer in the Test and Evaluation team, was flagged for review due to evidence indicating an atypical week.",F001 visits to job-search sites=34 [own~0 max7] [peer~1 n313] ; F002 file operations=129 [own~78 max157] [peer~1 n313],F003 visits to leak-publication sites=0 [own~0 max0] ; F004 visits to cloud-storage sites=2 [own~1 max6] ; F005 distinct web domains visited=82 [own~67.50 max74] [peer~59 n313] ; F006 logon events=14 [own~11 max12] [peer~5 n313] ; F007 web requests=600 [own~500 max600] [peer~475 n313] ; F008 removable device connections=11 [own~6 max10] ; F009 distinct workstations used=3 [own~2 max4] [peer~1 n313] ; F010 days with recorded activity=7 [own~5 max6] [peer~5 n313] ; F011 hour of earliest logon in the week=7 ; F012 hour of latest logon in the week=23,grounded,"No rule fired: no unmatched numbers, no speculative language, no causal-context pattern, and no clear evidence-gloss assertion; needs full manual judgement.",grounded,
a0a7dc154e87_s002,a0a7dc154e87,FDF2135,2010-W14,no,"R4,R5",4,4,"Specifically, Felix visited job-search sites 34 times, which is far above their usual range and significantly higher than their same-role peers.",F001 visits to job-search sites=34 [own~0 max7] [peer~1 n313] ; F002 file operations=129 [own~78 max157] [peer~1 n313],F003 visits to leak-publication sites=0 [own~0 max0] ; F004 visits to cloud-storage sites=2 [own~1 max6] ; F005 distinct web domains visited=82 [own~67.50 max74] [peer~59 n313] ; F006 logon events=14 [own~11 max12] [peer~5 n313] ; F007 web requests=600 [own~500 max600] [peer~475 n313] ; F008 removable device connections=11 [own~6 max10] ; F009 distinct workstations used=3 [own~2 max4] [peer~1 n313] ; F010 days with recorded activity=7 [own~5 max6] [peer~5 n313] ; F011 hour of earliest logon in the week=7 ; F012 hour of latest logon in the week=23,grounded,"No rule fired: no unmatched numbers, no speculative language, no causal-context pattern, and no clear evidence-gloss assertion; needs full manual judgement.",grounded,
a0a7dc154e87_s007,a0a7dc154e87,FDF2135,2010-W14,no,"R4,R5",4,4,"The most significant evidence is the sudden and extreme increase in file operations, with 129 activities this week compared to their typical range of 78.",F001 visits to job-search sites=34 [own~0 max7] [peer~1 n313] ; F002 file operations=129 [own~78 max157] [peer~1 n313],F003 visits to leak-publication sites=0 [own~0 max0] ; F004 visits to cloud-storage sites=2 [own~1 max6] ; F005 distinct web domains visited=82 [own~67.50 max74] [peer~59 n313] ; F006 logon events=14 [own~11 max12] [peer~5 n313] ; F007 web requests=600 [own~500 max600] [peer~475 n313] ; F008 removable device connections=11 [own~6 max10] ; F009 distinct workstations used=3 [own~2 max4] [peer~1 n313] ; F010 days with recorded activity=7 [own~5 max6] [peer~5 n313] ; F011 hour of earliest logon in the week=7 ; F012 hour of latest logon in the week=23,grounded,Main clause asserts evidence fact (F002) and all numbers trace to facts[]. Rule 1 fired.,grounded,
a0a7dc154e87_s006,a0a7dc154e87,FDF2135,2010-W14,no,"R4,R5",3,3,"The evidence for these triggered rules includes 34 visits to job-search sites, which is far above their usual range and significantly higher than what their peers in the same role experienced this week.",F001 visits to job-search sites=34 [own~0 max7] [peer~1 n313] ; F002 file operations=129 [own~78 max157] [peer~1 n313],F003 visits to leak-publication sites=0 [own~0 max0] ; F004 visits to cloud-storage sites=2 [own~1 max6] ; F005 distinct web domains visited=82 [own~67.50 max74] [peer~59 n313] ; F006 logon events=14 [own~11 max12] [peer~5 n313] ; F007 web requests=600 [own~500 max600] [peer~475 n313] ; F008 removable device connections=11 [own~6 max10] ; F009 distinct workstations used=3 [own~2 max4] [peer~1 n313] ; F010 days with recorded activity=7 [own~5 max6] [peer~5 n313] ; F011 hour of earliest logon in the week=7 ; F012 hour of latest logon in the week=23,grounded,Main clause asserts evidence fact (F001) and all numbers trace to facts[]. Rule 1 fired.,grounded,
a0a7dc154e87_s014,a0a7dc154e87,FDF2135,2010-W14,no,"R4,R5",3,3,"This week, user FDF2135 (Felix Dustin Fletcher) exhibited atypical behavior, triggering two detection rules.",F001 visits to job-search sites=34 [own~0 max7] [peer~1 n313] ; F002 file operations=129 [own~78 max157] [peer~1 n313],F003 visits to leak-publication sites=0 [own~0 max0] ; F004 visits to cloud-storage sites=2 [own~1 max6] ; F005 distinct web domains visited=82 [own~67.50 max74] [peer~59 n313] ; F006 logon events=14 [own~11 max12] [peer~5 n313] ; F007 web requests=600 [own~500 max600] [peer~475 n313] ; F008 removable device connections=11 [own~6 max10] ; F009 distinct workstations used=3 [own~2 max4] [peer~1 n313] ; F010 days with recorded activity=7 [own~5 max6] [peer~5 n313] ; F011 hour of earliest logon in the week=7 ; F012 hour of latest logon in the week=23,grounded,"No rule fired: no unmatched numbers, no speculative language, no causal-context pattern, and no clear evidence-gloss assertion; needs full manual judgement.",grounded,
a0a7dc154e87_s005,a0a7dc154e87,FDF2135,2010-W14,no,"R4,R5",2,2,The main concerns are the unusually high volume of activity and visits to job-search sites.,F001 visits to job-search sites=34 [own~0 max7] [peer~1 n313] ; F002 file operations=129 [own~78 max157] [peer~1 n313],F003 visits to leak-publication sites=0 [own~0 max0] ; F004 visits to cloud-storage sites=2 [own~1 max6] ; F005 distinct web domains visited=82 [own~67.50 max74] [peer~59 n313] ; F006 logon events=14 [own~11 max12] [peer~5 n313] ; F007 web requests=600 [own~500 max600] [peer~475 n313] ; F008 removable device connections=11 [own~6 max10] ; F009 distinct workstations used=3 [own~2 max4] [peer~1 n313] ; F010 days with recorded activity=7 [own~5 max6] [peer~5 n313] ; F011 hour of earliest logon in the week=7 ; F012 hour of latest logon in the week=23,grounded,Main clause asserts evidence fact (F001) and all numbers trace to facts[]. Rule 1 fired.,grounded,
a0a7dc154e87_s008,a0a7dc154e87,FDF2135,2010-W14,no,"R4,R5",2,2,"This is far outside the peer range of 1, which is also typical among same-role peers this week.",F001 visits to job-search sites=34 [own~0 max7] [peer~1 n313] ; F002 file operations=129 [own~78 max157] [peer~1 n313],F003 visits to leak-publication sites=0 [own~0 max0] ; F004 visits to cloud-storage sites=2 [own~1 max6] ; F005 distinct web domains visited=82 [own~67.50 max74] [peer~59 n313] ; F006 logon events=14 [own~11 max12] [peer~5 n313] ; F007 web requests=600 [own~500 max600] [peer~475 n313] ; F008 removable device connections=11 [own~6 max10] ; F009 distinct workstations used=3 [own~2 max4] [peer~1 n313] ; F010 days with recorded activity=7 [own~5 max6] [peer~5 n313] ; F011 hour of earliest logon in the week=7 ; F012 hour of latest logon in the week=23,grounded,"No rule fired: no unmatched numbers, no speculative language, no causal-context pattern, and no clear evidence-gloss assertion; needs full manual judgement.",grounded,
a0a7dc154e87_s009,a0a7dc154e87,FDF2135,2010-W14,no,"R4,R5",2,2,This is also significantly higher than the peer range of 475.,F001 visits to job-search sites=34 [own~0 max7] [peer~1 n313] ; F002 file operations=129 [own~78 max157] [peer~1 n313],F003 visits to leak-publication sites=0 [own~0 max0] ; F004 visits to cloud-storage sites=2 [own~1 max6] ; F005 distinct web domains visited=82 [own~67.50 max74] [peer~59 n313] ; F006 logon events=14 [own~11 max12] [peer~5 n313] ; F007 web requests=600 [own~500 max600] [peer~475 n313] ; F008 removable device connections=11 [own~6 max10] ; F009 distinct workstations used=3 [own~2 max4] [peer~1 n313] ; F010 days with recorded activity=7 [own~5 max6] [peer~5 n313] ; F011 hour of earliest logon in the week=7 ; F012 hour of latest logon in the week=23,grounded,"No rule fired: no unmatched numbers, no speculative language, no causal-context pattern, and no clear evidence-gloss assertion; needs full manual judgement.",grounded,Resolved after initial pass to close a slice-boundary gap in review.
a0a7dc154e87_s001,a0a7dc154e87,FDF2135,2010-W14,no,"R4,R5",1,1,The UEBA system flagged this week for Felix Dustin Fletcher due to atypical browsing behavior and an unusual volume of activity.,F001 visits to job-search sites=34 [own~0 max7] [peer~1 n313] ; F002 file operations=129 [own~78 max157] [peer~1 n313],F003 visits to leak-publication sites=0 [own~0 max0] ; F004 visits to cloud-storage sites=2 [own~1 max6] ; F005 distinct web domains visited=82 [own~67.50 max74] [peer~59 n313] ; F006 logon events=14 [own~11 max12] [peer~5 n313] ; F007 web requests=600 [own~500 max600] [peer~475 n313] ; F008 removable device connections=11 [own~6 max10] ; F009 distinct workstations used=3 [own~2 max4] [peer~1 n313] ; F010 days with recorded activity=7 [own~5 max6] [peer~5 n313] ; F011 hour of earliest logon in the week=7 ; F012 hour of latest logon in the week=23,grounded,"Main clause uses causal language and cites context-only fact (F010), not an evidence fact. Rule 4 fired.",grounded,
a0a7dc154e87_s010,a0a7dc154e87,FDF2135,2010-W14,no,"R4,R5",1,1,These findings suggest that Felix's behavior this week was unusual and warrants further investigation.,F001 visits to job-search sites=34 [own~0 max7] [peer~1 n313] ; F002 file operations=129 [own~78 max157] [peer~1 n313],F003 visits to leak-publication sites=0 [own~0 max0] ; F004 visits to cloud-storage sites=2 [own~1 max6] ; F005 distinct web domains visited=82 [own~67.50 max74] [peer~59 n313] ; F006 logon events=14 [own~11 max12] [peer~5 n313] ; F007 web requests=600 [own~500 max600] [peer~475 n313] ; F008 removable device connections=11 [own~6 max10] ; F009 distinct workstations used=3 [own~2 max4] [peer~1 n313] ; F010 days with recorded activity=7 [own~5 max6] [peer~5 n313] ; F011 hour of earliest logon in the week=7 ; F012 hour of latest logon in the week=23,unverifiable,Sentence contains speculative/hedge language ('warrants further investigation'); neither matches nor contradicts any fact; rule 5 fired.,unverifiable,
a0a7dc154e87_s011,a0a7dc154e87,FDF2135,2010-W14,no,"R4,R5",1,1,"The main evidence for this is his browsing activity, which suggests he may be looking for new job opportunities.",F001 visits to job-search sites=34 [own~0 max7] [peer~1 n313] ; F002 file operations=129 [own~78 max157] [peer~1 n313],F003 visits to leak-publication sites=0 [own~0 max0] ; F004 visits to cloud-storage sites=2 [own~1 max6] ; F005 distinct web domains visited=82 [own~67.50 max74] [peer~59 n313] ; F006 logon events=14 [own~11 max12] [peer~5 n313] ; F007 web requests=600 [own~500 max600] [peer~475 n313] ; F008 removable device connections=11 [own~6 max10] ; F009 distinct workstations used=3 [own~2 max4] [peer~1 n313] ; F010 days with recorded activity=7 [own~5 max6] [peer~5 n313] ; F011 hour of earliest logon in the week=7 ; F012 hour of latest logon in the week=23,unverifiable,"Main clause uses causal language and cites context-only fact (F010), not an evidence fact. Rule 4 fired.",unverifiable,
a0a7dc154e87_s012,a0a7dc154e87,FDF2135,2010-W14,no,"R4,R5",1,1,The most notable anomalies are their browsing behavior and overall activity volume.,F001 visits to job-search sites=34 [own~0 max7] [peer~1 n313] ; F002 file operations=129 [own~78 max157] [peer~1 n313],F003 visits to leak-publication sites=0 [own~0 max0] ; F004 visits to cloud-storage sites=2 [own~1 max6] ; F005 distinct web domains visited=82 [own~67.50 max74] [peer~59 n313] ; F006 logon events=14 [own~11 max12] [peer~5 n313] ; F007 web requests=600 [own~500 max600] [peer~475 n313] ; F008 removable device connections=11 [own~6 max10] ; F009 distinct workstations used=3 [own~2 max4] [peer~1 n313] ; F010 days with recorded activity=7 [own~5 max6] [peer~5 n313] ; F011 hour of earliest logon in the week=7 ; F012 hour of latest logon in the week=23,grounded,"No rule fired: no unmatched numbers, no speculative language, no causal-context pattern, and no clear evidence-gloss assertion; needs full manual judgement.",grounded,
a0a7dc154e87_s013,a0a7dc154e87,FDF2135,2010-W14,no,"R4,R5",1,1,"These deviations from their typical behavior, as well as that of their peers, are the primary drivers of the triggered rules.",F001 visits to job-search sites=34 [own~0 max7] [peer~1 n313] ; F002 file operations=129 [own~78 max157] [peer~1 n313],F003 visits to leak-publication sites=0 [own~0 max0] ; F004 visits to cloud-storage sites=2 [own~1 max6] ; F005 distinct web domains visited=82 [own~67.50 max74] [peer~59 n313] ; F006 logon events=14 [own~11 max12] [peer~5 n313] ; F007 web requests=600 [own~500 max600] [peer~475 n313] ; F008 removable device connections=11 [own~6 max10] ; F009 distinct workstations used=3 [own~2 max4] [peer~1 n313] ; F010 days with recorded activity=7 [own~5 max6] [peer~5 n313] ; F011 hour of earliest logon in the week=7 ; F012 hour of latest logon in the week=23,grounded,"No rule fired: no unmatched numbers, no speculative language, no causal-context pattern, and no clear evidence-gloss assertion; needs full manual judgement.",grounded,
a0a7dc154e87_s015,a0a7dc154e87,FDF2135,2010-W14,no,"R4,R5",1,1,These anomalies suggest that Felix may be engaging in job searching or other activities outside their typical role as an Electrical Engineer in the Research and Engineering Government Foreign unit.,F001 visits to job-search sites=34 [own~0 max7] [peer~1 n313] ; F002 file operations=129 [own~78 max157] [peer~1 n313],F003 visits to leak-publication sites=0 [own~0 max0] ; F004 visits to cloud-storage sites=2 [own~1 max6] ; F005 distinct web domains visited=82 [own~67.50 max74] [peer~59 n313] ; F006 logon events=14 [own~11 max12] [peer~5 n313] ; F007 web requests=600 [own~500 max600] [peer~475 n313] ; F008 removable device connections=11 [own~6 max10] ; F009 distinct workstations used=3 [own~2 max4] [peer~1 n313] ; F010 days with recorded activity=7 [own~5 max6] [peer~5 n313] ; F011 hour of earliest logon in the week=7 ; F012 hour of latest logon in the week=23,unverifiable,Sentence contains speculative/hedge language ('may be'); neither matches nor contradicts any fact; rule 5 fired.,unverifiable,
a0a7dc154e87_s016,a0a7dc154e87,FDF2135,2010-W14,no,"R4,R5",1,1,"This is unusual behavior for an Electrical Engineer, as job-search sites are not typical for someone in this role.",F001 visits to job-search sites=34 [own~0 max7] [peer~1 n313] ; F002 file operations=129 [own~78 max157] [peer~1 n313],F003 visits to leak-publication sites=0 [own~0 max0] ; F004 visits to cloud-storage sites=2 [own~1 max6] ; F005 distinct web domains visited=82 [own~67.50 max74] [peer~59 n313] ; F006 logon events=14 [own~11 max12] [peer~5 n313] ; F007 web requests=600 [own~500 max600] [peer~475 n313] ; F008 removable device connections=11 [own~6 max10] ; F009 distinct workstations used=3 [own~2 max4] [peer~1 n313] ; F010 days with recorded activity=7 [own~5 max6] [peer~5 n313] ; F011 hour of earliest logon in the week=7 ; F012 hour of latest logon in the week=23,grounded,"No rule fired: no unmatched numbers, no speculative language, no causal-context pattern, and no clear evidence-gloss assertion; needs full manual judgement.",grounded,
a5957fc70bf9_s002,a5957fc70bf9,CDE1846,2011-W17,yes,R3,10,13,"Specifically, 57.08 MB of email attachments were sent to 33 external recipients, which is significantly above their usual range of 9.49 MB and above the peer range of 6.96 MB.",F001 bytes of email attachments sent=57.08M [own~9.49M max50.06M] [peer~6.96M n366] ; F002 external email recipients=33 [own~15 max36] [peer~13 n366],F003 emails sent to at least one external recipient=24 [own~6.50 max29] [peer~8 n366] ; F004 emails sent=33 [own~14.50 max40] [peer~17 n366] ; F005 distinct workstations used=2 [own~1.50 max3] [peer~1 n366] ; F006 days with recorded activity=5 [own~5 max5] [peer~5 n366] ; F007 hour of earliest logon in the week=8 ; F008 hour of latest logon in the week=17,hallucinated,"No rule fired: no unmatched numbers, no speculative language, no causal-context pattern, and no clear evidence-gloss assertion; needs full manual judgement.",grounded,
a5957fc70bf9_s001,a5957fc70bf9,CDE1846,2011-W17,yes,R3,7,7,The UEBA system flagged CDE1846's week for triggered rules due to an unusual volume of attachment data sent to external recipients.,F001 bytes of email attachments sent=57.08M [own~9.49M max50.06M] [peer~6.96M n366] ; F002 external email recipients=33 [own~15 max36] [peer~13 n366],F003 emails sent to at least one external recipient=24 [own~6.50 max29] [peer~8 n366] ; F004 emails sent=33 [own~14.50 max40] [peer~17 n366] ; F005 distinct workstations used=2 [own~1.50 max3] [peer~1 n366] ; F006 days with recorded activity=5 [own~5 max5] [peer~5 n366] ; F007 hour of earliest logon in the week=8 ; F008 hour of latest logon in the week=17,grounded,"No rule fired: no unmatched numbers, no speculative language, no causal-context pattern, and no clear evidence-gloss assertion; needs full manual judgement.",grounded,
a5957fc70bf9_s005,a5957fc70bf9,CDE1846,2011-W17,yes,R3,5,5,"Additionally, the 33 external recipients this week is also above his typical and peer ranges.",F001 bytes of email attachments sent=57.08M [own~9.49M max50.06M] [peer~6.96M n366] ; F002 external email recipients=33 [own~15 max36] [peer~13 n366],F003 emails sent to at least one external recipient=24 [own~6.50 max29] [peer~8 n366] ; F004 emails sent=33 [own~14.50 max40] [peer~17 n366] ; F005 distinct workstations used=2 [own~1.50 max3] [peer~1 n366] ; F006 days with recorded activity=5 [own~5 max5] [peer~5 n366] ; F007 hour of earliest logon in the week=8 ; F008 hour of latest logon in the week=17,grounded,"No rule fired: no unmatched numbers, no speculative language, no causal-context pattern, and no clear evidence-gloss assertion; needs full manual judgement.",grounded,
a5957fc70bf9_s003,a5957fc70bf9,CDE1846,2011-W17,yes,R3,3,3,"Carlos Dieter Ewing, an Electrical Engineer, had an unusual week flagged by the UEBA system.",F001 bytes of email attachments sent=57.08M [own~9.49M max50.06M] [peer~6.96M n366] ; F002 external email recipients=33 [own~15 max36] [peer~13 n366],F003 emails sent to at least one external recipient=24 [own~6.50 max29] [peer~8 n366] ; F004 emails sent=33 [own~14.50 max40] [peer~17 n366] ; F005 distinct workstations used=2 [own~1.50 max3] [peer~1 n366] ; F006 days with recorded activity=5 [own~5 max5] [peer~5 n366] ; F007 hour of earliest logon in the week=8 ; F008 hour of latest logon in the week=17,grounded,"No rule fired: no unmatched numbers, no speculative language, no causal-context pattern, and no clear evidence-gloss assertion; needs full manual judgement.",grounded,
a5957fc70bf9_s004,a5957fc70bf9,CDE1846,2011-W17,yes,R3,2,2,"This is also above the range seen among their peers, who averaged 6.96 MB this week.",F001 bytes of email attachments sent=57.08M [own~9.49M max50.06M] [peer~6.96M n366] ; F002 external email recipients=33 [own~15 max36] [peer~13 n366],F003 emails sent to at least one external recipient=24 [own~6.50 max29] [peer~8 n366] ; F004 emails sent=33 [own~14.50 max40] [peer~17 n366] ; F005 distinct workstations used=2 [own~1.50 max3] [peer~1 n366] ; F006 days with recorded activity=5 [own~5 max5] [peer~5 n366] ; F007 hour of earliest logon in the week=8 ; F008 hour of latest logon in the week=17,grounded,"No rule fired: no unmatched numbers, no speculative language, no causal-context pattern, and no clear evidence-gloss assertion; needs full manual judgement.",grounded,
ad1fbe8ed862_s003,ad1fbe8ed862,CMP2946,2011-W08,yes,R4,6,6,"This suggests that CMP2946 may be searching for job opportunities outside of their usual norms, which warrants further investigation.",F001 visits to job-search sites=7 [own~0 max21] [peer~1 n65],F002 visits to leak-publication sites=0 [own~0 max0] ; F003 visits to cloud-storage sites=9 [own~14 max41] [peer~1 n65] ; F004 distinct web domains visited=41 [own~34 max44] [peer~57 n65] ; F005 distinct workstations used=2 [own~2 max3] [peer~1 n65] ; F006 days with recorded activity=5 [own~5 max5] [peer~5 n65] ; F007 hour of earliest logon in the week=8 ; F008 hour of latest logon in the week=15,unverifiable,Sentence contains speculative/hedge language ('may be'); neither matches nor contradicts any fact; rule 5 fired.,unverifiable,
ad1fbe8ed862_s002,ad1fbe8ed862,CMP2946,2011-W08,yes,R4,5,5,"The evidence is that he visited job-search sites 7 times, which is clearly above his typical range and also above the range of his peers.",F001 visits to job-search sites=7 [own~0 max21] [peer~1 n65],F002 visits to leak-publication sites=0 [own~0 max0] ; F003 visits to cloud-storage sites=9 [own~14 max41] [peer~1 n65] ; F004 distinct web domains visited=41 [own~34 max44] [peer~57 n65] ; F005 distinct workstations used=2 [own~2 max3] [peer~1 n65] ; F006 days with recorded activity=5 [own~5 max5] [peer~5 n65] ; F007 hour of earliest logon in the week=8 ; F008 hour of latest logon in the week=15,grounded,"No rule fired: no unmatched numbers, no speculative language, no causal-context pattern, and no clear evidence-gloss assertion; needs full manual judgement.",grounded,
ad1fbe8ed862_s005,ad1fbe8ed862,CMP2946,2011-W08,yes,R4,5,5,The UEBA system flagged CMP2946's week (2011-W08) due to evidence of atypical browsing behavior for a salesman in the Regional Sales team.,F001 visits to job-search sites=7 [own~0 max21] [peer~1 n65],F002 visits to leak-publication sites=0 [own~0 max0] ; F003 visits to cloud-storage sites=9 [own~14 max41] [peer~1 n65] ; F004 distinct web domains visited=41 [own~34 max44] [peer~57 n65] ; F005 distinct workstations used=2 [own~2 max3] [peer~1 n65] ; F006 days with recorded activity=5 [own~5 max5] [peer~5 n65] ; F007 hour of earliest logon in the week=8 ; F008 hour of latest logon in the week=15,grounded,"No rule fired: no unmatched numbers, no speculative language, no causal-context pattern, and no clear evidence-gloss assertion; needs full manual judgement.",grounded,
ad1fbe8ed862_s001,ad1fbe8ed862,CMP2946,2011-W08,yes,R4,2,2,"Chandler Martin Page, a salesman in the Regional Sales team, had a week that triggered rule R4.",F001 visits to job-search sites=7 [own~0 max21] [peer~1 n65],F002 visits to leak-publication sites=0 [own~0 max0] ; F003 visits to cloud-storage sites=9 [own~14 max41] [peer~1 n65] ; F004 distinct web domains visited=41 [own~34 max44] [peer~57 n65] ; F005 distinct workstations used=2 [own~2 max3] [peer~1 n65] ; F006 days with recorded activity=5 [own~5 max5] [peer~5 n65] ; F007 hour of earliest logon in the week=8 ; F008 hour of latest logon in the week=15,grounded,"No rule fired: no unmatched numbers, no speculative language, no causal-context pattern, and no clear evidence-gloss assertion; needs full manual judgement.",grounded,Resolved after initial pass to close a slice-boundary gap in review.
ad1fbe8ed862_s004,ad1fbe8ed862,CMP2946,2011-W08,yes,R4,2,2,"This is also above the range of their peers in the same role, with 1 instance among 65 peers this week.",F001 visits to job-search sites=7 [own~0 max21] [peer~1 n65],F002 visits to leak-publication sites=0 [own~0 max0] ; F003 visits to cloud-storage sites=9 [own~14 max41] [peer~1 n65] ; F004 distinct web domains visited=41 [own~34 max44] [peer~57 n65] ; F005 distinct workstations used=2 [own~2 max3] [peer~1 n65] ; F006 days with recorded activity=5 [own~5 max5] [peer~5 n65] ; F007 hour of earliest logon in the week=8 ; F008 hour of latest logon in the week=15,grounded,"No rule fired: no unmatched numbers, no speculative language, no causal-context pattern, and no clear evidence-gloss assertion; needs full manual judgement.",grounded,
ad1fbe8ed862_s006,ad1fbe8ed862,CMP2946,2011-W08,yes,R4,2,2,This anomaly is the primary evidence for the triggered rule.,F001 visits to job-search sites=7 [own~0 max21] [peer~1 n65],F002 visits to leak-publication sites=0 [own~0 max0] ; F003 visits to cloud-storage sites=9 [own~14 max41] [peer~1 n65] ; F004 distinct web domains visited=41 [own~34 max44] [peer~57 n65] ; F005 distinct workstations used=2 [own~2 max3] [peer~1 n65] ; F006 days with recorded activity=5 [own~5 max5] [peer~5 n65] ; F007 hour of earliest logon in the week=8 ; F008 hour of latest logon in the week=15,grounded,"No rule fired: no unmatched numbers, no speculative language, no causal-context pattern, and no clear evidence-gloss assertion; needs full manual judgement.",grounded,
ad1fbe8ed862_s007,ad1fbe8ed862,CMP2946,2011-W08,yes,R4,2,2,"The triggered rule [R4] detected atypical browsing to job-search sites, with 7 visits this week.",F001 visits to job-search sites=7 [own~0 max21] [peer~1 n65],F002 visits to leak-publication sites=0 [own~0 max0] ; F003 visits to cloud-storage sites=9 [own~14 max41] [peer~1 n65] ; F004 distinct web domains visited=41 [own~34 max44] [peer~57 n65] ; F005 distinct workstations used=2 [own~2 max3] [peer~1 n65] ; F006 days with recorded activity=5 [own~5 max5] [peer~5 n65] ; F007 hour of earliest logon in the week=8 ; F008 hour of latest logon in the week=15,grounded,"No rule fired: no unmatched numbers, no speculative language, no causal-context pattern, and no clear evidence-gloss assertion; needs full manual judgement.",grounded,
ad1fbe8ed862_s008,ad1fbe8ed862,CMP2946,2011-W08,yes,R4,2,2,This is significantly above their usual range of 0 visits and even above the average of 1 visit among same-role peers.,F001 visits to job-search sites=7 [own~0 max21] [peer~1 n65],F002 visits to leak-publication sites=0 [own~0 max0] ; F003 visits to cloud-storage sites=9 [own~14 max41] [peer~1 n65] ; F004 distinct web domains visited=41 [own~34 max44] [peer~57 n65] ; F005 distinct workstations used=2 [own~2 max3] [peer~1 n65] ; F006 days with recorded activity=5 [own~5 max5] [peer~5 n65] ; F007 hour of earliest logon in the week=8 ; F008 hour of latest logon in the week=15,grounded,"No rule fired: no unmatched numbers, no speculative language, no causal-context pattern, and no clear evidence-gloss assertion; needs full manual judgement.",grounded,
b1e9fc4b7ae7_s001,b1e9fc4b7ae7,ACM2278,2010-W34,yes,R4,10,11,"ACM2278's activity this week (2010-W34) was flagged due to an unusual number of visits to leak-publication sites, with 3 visits, which is clearly above their usual range of 0.",F001 visits to leak-publication sites=3 [own~0 max4],F002 visits to job-search sites=22 [own~25 max42] [peer~2 n216] ; F003 visits to cloud-storage sites=12 [own~9.50 max12] [peer~1 n216] ; F004 distinct web domains visited=49 [own~53 max59] [peer~59 n216] ; F005 distinct workstations used=1 [own~1 max1] [peer~1 n216] ; F006 days with recorded activity=5 [own~5 max6] [peer~5 n216] ; F007 hour of earliest logon in the week=1 ; F008 hour of latest logon in the week=12,grounded,Main clause asserts evidence fact (F001) and all numbers trace to facts[]. Rule 1 fired.,grounded,
b1e9fc4b7ae7_s002,b1e9fc4b7ae7,ACM2278,2010-W34,yes,R4,3,3,This suggests that ACM2278 may have been browsing to job-search or leak-publication sites atypical for their role as a salesman.,F001 visits to leak-publication sites=3 [own~0 max4],F002 visits to job-search sites=22 [own~25 max42] [peer~2 n216] ; F003 visits to cloud-storage sites=12 [own~9.50 max12] [peer~1 n216] ; F004 distinct web domains visited=49 [own~53 max59] [peer~59 n216] ; F005 distinct workstations used=1 [own~1 max1] [peer~1 n216] ; F006 days with recorded activity=5 [own~5 max6] [peer~5 n216] ; F007 hour of earliest logon in the week=1 ; F008 hour of latest logon in the week=12,unverifiable,"No rule fired: no unmatched numbers, no speculative language, no causal-context pattern, and no clear evidence-gloss assertion; needs full manual judgement.",hallucinated,"Category conflation: describes 'browsing to job-search or leak-publication sites' as atypical as a bundled category, but job-search (F002=22) is below its own typical (25) -- not atypical. Only the leak-site component (F001) is genuinely evidence."
b1e9fc4b7ae7_s003,b1e9fc4b7ae7,ACM2278,2010-W34,yes,R4,2,2,"The UEBA system flagged this week for ACM2278, a salesman in the RegionalSales team, due to triggered detection rules related to browsing to job-search or leak-publication sites.",F001 visits to leak-publication sites=3 [own~0 max4],F002 visits to job-search sites=22 [own~25 max42] [peer~2 n216] ; F003 visits to cloud-storage sites=12 [own~9.50 max12] [peer~1 n216] ; F004 distinct web domains visited=49 [own~53 max59] [peer~59 n216] ; F005 distinct workstations used=1 [own~1 max1] [peer~1 n216] ; F006 days with recorded activity=5 [own~5 max6] [peer~5 n216] ; F007 hour of earliest logon in the week=1 ; F008 hour of latest logon in the week=12,grounded,"No rule fired: no unmatched numbers, no speculative language, no causal-context pattern, and no clear evidence-gloss assertion; needs full manual judgement.",grounded,
b1e9fc4b7ae7_s005,b1e9fc4b7ae7,ACM2278,2010-W34,yes,R4,2,2,This suggests that he may have been searching for or sharing sensitive information outside of his usual duties.,F001 visits to leak-publication sites=3 [own~0 max4],F002 visits to job-search sites=22 [own~25 max42] [peer~2 n216] ; F003 visits to cloud-storage sites=12 [own~9.50 max12] [peer~1 n216] ; F004 distinct web domains visited=49 [own~53 max59] [peer~59 n216] ; F005 distinct workstations used=1 [own~1 max1] [peer~1 n216] ; F006 days with recorded activity=5 [own~5 max6] [peer~5 n216] ; F007 hour of earliest logon in the week=1 ; F008 hour of latest logon in the week=12,unverifiable,"No rule fired: no unmatched numbers, no speculative language, no causal-context pattern, and no clear evidence-gloss assertion; needs full manual judgement.",unverifiable,
b1e9fc4b7ae7_s006,b1e9fc4b7ae7,ACM2278,2010-W34,yes,R4,2,2,"This week, ACM2278 (Allen Cruz Mccoy) exhibited unusual browsing behavior for a Salesman, triggering rule R4.",F001 visits to leak-publication sites=3 [own~0 max4],F002 visits to job-search sites=22 [own~25 max42] [peer~2 n216] ; F003 visits to cloud-storage sites=12 [own~9.50 max12] [peer~1 n216] ; F004 distinct web domains visited=49 [own~53 max59] [peer~59 n216] ; F005 distinct workstations used=1 [own~1 max1] [peer~1 n216] ; F006 days with recorded activity=5 [own~5 max6] [peer~5 n216] ; F007 hour of earliest logon in the week=1 ; F008 hour of latest logon in the week=12,grounded,"No rule fired: no unmatched numbers, no speculative language, no causal-context pattern, and no clear evidence-gloss assertion; needs full manual judgement.",grounded,
b1e9fc4b7ae7_s008,b1e9fc4b7ae7,ACM2278,2010-W34,yes,R4,2,2,"Specifically, Allen visited these sites 3 times, which is significantly above their typical range of 0 visits.",F001 visits to leak-publication sites=3 [own~0 max4],F002 visits to job-search sites=22 [own~25 max42] [peer~2 n216] ; F003 visits to cloud-storage sites=12 [own~9.50 max12] [peer~1 n216] ; F004 distinct web domains visited=49 [own~53 max59] [peer~59 n216] ; F005 distinct workstations used=1 [own~1 max1] [peer~1 n216] ; F006 days with recorded activity=5 [own~5 max6] [peer~5 n216] ; F007 hour of earliest logon in the week=1 ; F008 hour of latest logon in the week=12,grounded,"No rule fired: no unmatched numbers, no speculative language, no causal-context pattern, and no clear evidence-gloss assertion; needs full manual judgement.",grounded,
b1e9fc4b7ae7_s004,b1e9fc4b7ae7,ACM2278,2010-W34,yes,R4,1,1,"This is the primary evidence driving the flag, and it suggests that ACM2278 may be engaging in atypical behavior for their role.",F001 visits to leak-publication sites=3 [own~0 max4],F002 visits to job-search sites=22 [own~25 max42] [peer~2 n216] ; F003 visits to cloud-storage sites=12 [own~9.50 max12] [peer~1 n216] ; F004 distinct web domains visited=49 [own~53 max59] [peer~59 n216] ; F005 distinct workstations used=1 [own~1 max1] [peer~1 n216] ; F006 days with recorded activity=5 [own~5 max6] [peer~5 n216] ; F007 hour of earliest logon in the week=1 ; F008 hour of latest logon in the week=12,unverifiable,Sentence contains speculative/hedge language ('may be'); neither matches nor contradicts any fact; rule 5 fired.,unverifiable,
b1e9fc4b7ae7_s007,b1e9fc4b7ae7,ACM2278,2010-W34,yes,R4,1,1,"This anomaly suggests that Allen may be searching for job information outside of their usual channels, which is not typical for someone in their role.",F001 visits to leak-publication sites=3 [own~0 max4],F002 visits to job-search sites=22 [own~25 max42] [peer~2 n216] ; F003 visits to cloud-storage sites=12 [own~9.50 max12] [peer~1 n216] ; F004 distinct web domains visited=49 [own~53 max59] [peer~59 n216] ; F005 distinct workstations used=1 [own~1 max1] [peer~1 n216] ; F006 days with recorded activity=5 [own~5 max6] [peer~5 n216] ; F007 hour of earliest logon in the week=1 ; F008 hour of latest logon in the week=12,unverifiable,Sentence contains speculative/hedge language ('may be'); neither matches nor contradicts any fact; rule 5 fired.,unverifiable,
b1e9fc4b7ae7_s009,b1e9fc4b7ae7,ACM2278,2010-W34,yes,R4,1,1,"This spike in activity triggered rule R4, which flags browsing to job-search or leak-publication sites as atypical for their role.",F001 visits to leak-publication sites=3 [own~0 max4],F002 visits to job-search sites=22 [own~25 max42] [peer~2 n216] ; F003 visits to cloud-storage sites=12 [own~9.50 max12] [peer~1 n216] ; F004 distinct web domains visited=49 [own~53 max59] [peer~59 n216] ; F005 distinct workstations used=1 [own~1 max1] [peer~1 n216] ; F006 days with recorded activity=5 [own~5 max6] [peer~5 n216] ; F007 hour of earliest logon in the week=1 ; F008 hour of latest logon in the week=12,grounded,"No rule fired: no unmatched numbers, no speculative language, no causal-context pattern, and no clear evidence-gloss assertion; needs full manual judgement.",grounded,
b1e9fc4b7ae7_s010,b1e9fc4b7ae7,ACM2278,2010-W34,yes,R4,1,1,"This is the only unusual behavior observed, as their visits to job-search sites, cloud-storage sites, and overall web domains visited are within their typical range.",F001 visits to leak-publication sites=3 [own~0 max4],F002 visits to job-search sites=22 [own~25 max42] [peer~2 n216] ; F003 visits to cloud-storage sites=12 [own~9.50 max12] [peer~1 n216] ; F004 distinct web domains visited=49 [own~53 max59] [peer~59 n216] ; F005 distinct workstations used=1 [own~1 max1] [peer~1 n216] ; F006 days with recorded activity=5 [own~5 max6] [peer~5 n216] ; F007 hour of earliest logon in the week=1 ; F008 hour of latest logon in the week=12,hallucinated,"No rule fired: no unmatched numbers, no speculative language, no causal-context pattern, and no clear evidence-gloss assertion; needs full manual judgement.",grounded,
b4ce2baa3e04_s005,b4ce2baa3e04,AFB3228,2010-W42,no,"R1,R4",7,5,"Adele Fiona Boone, an Electrical Engineer, had an unusual week.",F001 logons outside working hours=4 [own~0.50 max4] ; F002 visits to job-search sites=70 [own~36 max61] [peer~8 n366],F003 logon events=12 [own~10 max12] [peer~5 n366] ; F004 logons at the weekend=0 [own~0 max1] ; F005 days with recorded activity=5 [own~5 max6] [peer~5 n366] ; F006 visits to leak-publication sites=0 [own~0 max0] ; F007 visits to cloud-storage sites=2 [own~1.50 max6] [peer~1 n366] ; F008 distinct web domains visited=67 [own~60 max71] [peer~66 n366] ; F009 distinct workstations used=1 [own~1 max1] [peer~1 n366] ; F010 hour of earliest logon in the week=0 ; F011 hour of latest logon in the week=22,grounded,"No rule fired: no unmatched numbers, no speculative language, no causal-context pattern, and no clear evidence-gloss assertion; needs full manual judgement.",grounded,
b4ce2baa3e04_s002,b4ce2baa3e04,AFB3228,2010-W42,no,"R1,R4",6,7,"Firstly, there were 4 logons outside their typical working hours, which is significantly above their usual range.",F001 logons outside working hours=4 [own~0.50 max4] ; F002 visits to job-search sites=70 [own~36 max61] [peer~8 n366],F003 logon events=12 [own~10 max12] [peer~5 n366] ; F004 logons at the weekend=0 [own~0 max1] ; F005 days with recorded activity=5 [own~5 max6] [peer~5 n366] ; F006 visits to leak-publication sites=0 [own~0 max0] ; F007 visits to cloud-storage sites=2 [own~1.50 max6] [peer~1 n366] ; F008 distinct web domains visited=67 [own~60 max71] [peer~66 n366] ; F009 distinct workstations used=1 [own~1 max1] [peer~1 n366] ; F010 hour of earliest logon in the week=0 ; F011 hour of latest logon in the week=22,grounded,"No rule fired: no unmatched numbers, no speculative language, no causal-context pattern, and no clear evidence-gloss assertion; needs full manual judgement.",grounded,Resolved after initial pass to close a slice-boundary gap in review.
b4ce2baa3e04_s003,b4ce2baa3e04,AFB3228,2010-W42,no,"R1,R4",6,6,"Secondly, there were 70 visits to job-search sites, which is also well above their typical range and even above the range seen among their peers in the same role.",F001 logons outside working hours=4 [own~0.50 max4] ; F002 visits to job-search sites=70 [own~36 max61] [peer~8 n366],F003 logon events=12 [own~10 max12] [peer~5 n366] ; F004 logons at the weekend=0 [own~0 max1] ; F005 days with recorded activity=5 [own~5 max6] [peer~5 n366] ; F006 visits to leak-publication sites=0 [own~0 max0] ; F007 visits to cloud-storage sites=2 [own~1.50 max6] [peer~1 n366] ; F008 distinct web domains visited=67 [own~60 max71] [peer~66 n366] ; F009 distinct workstations used=1 [own~1 max1] [peer~1 n366] ; F010 hour of earliest logon in the week=0 ; F011 hour of latest logon in the week=22,grounded,Main clause asserts evidence fact (F002) and all numbers trace to facts[]. Rule 1 fired.,grounded,
b4ce2baa3e04_s006,b4ce2baa3e04,AFB3228,2010-W42,no,"R1,R4",4,5,Evidence suggests that she triggered two detection rules: Unusual volume of logons outside her working hours and Browsing to job-search or leak-publication sites atypical for her role.,F001 logons outside working hours=4 [own~0.50 max4] ; F002 visits to job-search sites=70 [own~36 max61] [peer~8 n366],F003 logon events=12 [own~10 max12] [peer~5 n366] ; F004 logons at the weekend=0 [own~0 max1] ; F005 days with recorded activity=5 [own~5 max6] [peer~5 n366] ; F006 visits to leak-publication sites=0 [own~0 max0] ; F007 visits to cloud-storage sites=2 [own~1.50 max6] [peer~1 n366] ; F008 distinct web domains visited=67 [own~60 max71] [peer~66 n366] ; F009 distinct workstations used=1 [own~1 max1] [peer~1 n366] ; F010 hour of earliest logon in the week=0 ; F011 hour of latest logon in the week=22,grounded,"No rule fired: no unmatched numbers, no speculative language, no causal-context pattern, and no clear evidence-gloss assertion; needs full manual judgement.",grounded,
b4ce2baa3e04_s001,b4ce2baa3e04,AFB3228,2010-W42,no,"R1,R4",3,3,"AFB3228's activity this week, 2010-W42, has triggered two detection rules.",F001 logons outside working hours=4 [own~0.50 max4] ; F002 visits to job-search sites=70 [own~36 max61] [peer~8 n366],F003 logon events=12 [own~10 max12] [peer~5 n366] ; F004 logons at the weekend=0 [own~0 max1] ; F005 days with recorded activity=5 [own~5 max6] [peer~5 n366] ; F006 visits to leak-publication sites=0 [own~0 max0] ; F007 visits to cloud-storage sites=2 [own~1.50 max6] [peer~1 n366] ; F008 distinct web domains visited=67 [own~60 max71] [peer~66 n366] ; F009 distinct workstations used=1 [own~1 max1] [peer~1 n366] ; F010 hour of earliest logon in the week=0 ; F011 hour of latest logon in the week=22,grounded,"No rule fired: no unmatched numbers, no speculative language, no causal-context pattern, and no clear evidence-gloss assertion; needs full manual judgement.",grounded,
b4ce2baa3e04_s007,b4ce2baa3e04,AFB3228,2010-W42,no,"R1,R4",3,3,This is also above the peer range of 8 visits among 366 peers in the same role.,F001 logons outside working hours=4 [own~0.50 max4] ; F002 visits to job-search sites=70 [own~36 max61] [peer~8 n366],F003 logon events=12 [own~10 max12] [peer~5 n366] ; F004 logons at the weekend=0 [own~0 max1] ; F005 days with recorded activity=5 [own~5 max6] [peer~5 n366] ; F006 visits to leak-publication sites=0 [own~0 max0] ; F007 visits to cloud-storage sites=2 [own~1.50 max6] [peer~1 n366] ; F008 distinct web domains visited=67 [own~60 max71] [peer~66 n366] ; F009 distinct workstations used=1 [own~1 max1] [peer~1 n366] ; F010 hour of earliest logon in the week=0 ; F011 hour of latest logon in the week=22,grounded,"No rule fired: no unmatched numbers, no speculative language, no causal-context pattern, and no clear evidence-gloss assertion; needs full manual judgement.",grounded,
b4ce2baa3e04_s008,b4ce2baa3e04,AFB3228,2010-W42,no,"R1,R4",2,2,"The UEBA system flagged her activity due to the ""Evidence for triggered rules.""",F001 logons outside working hours=4 [own~0.50 max4] ; F002 visits to job-search sites=70 [own~36 max61] [peer~8 n366],F003 logon events=12 [own~10 max12] [peer~5 n366] ; F004 logons at the weekend=0 [own~0 max1] ; F005 days with recorded activity=5 [own~5 max6] [peer~5 n366] ; F006 visits to leak-publication sites=0 [own~0 max0] ; F007 visits to cloud-storage sites=2 [own~1.50 max6] [peer~1 n366] ; F008 distinct web domains visited=67 [own~60 max71] [peer~66 n366] ; F009 distinct workstations used=1 [own~1 max1] [peer~1 n366] ; F010 hour of earliest logon in the week=0 ; F011 hour of latest logon in the week=22,grounded,"Main clause uses causal language and cites context-only fact (F005), not an evidence fact. Rule 4 fired.",grounded,
b4ce2baa3e04_s010,b4ce2baa3e04,AFB3228,2010-W42,no,"R1,R4",2,2,"Secondly, Adele visited job-search sites at an atypical frequency, with 70 visits logged, exceeding their typical range of 36.",F001 logons outside working hours=4 [own~0.50 max4] ; F002 visits to job-search sites=70 [own~36 max61] [peer~8 n366],F003 logon events=12 [own~10 max12] [peer~5 n366] ; F004 logons at the weekend=0 [own~0 max1] ; F005 days with recorded activity=5 [own~5 max6] [peer~5 n366] ; F006 visits to leak-publication sites=0 [own~0 max0] ; F007 visits to cloud-storage sites=2 [own~1.50 max6] [peer~1 n366] ; F008 distinct web domains visited=67 [own~60 max71] [peer~66 n366] ; F009 distinct workstations used=1 [own~1 max1] [peer~1 n366] ; F010 hour of earliest logon in the week=0 ; F011 hour of latest logon in the week=22,grounded,"No rule fired: no unmatched numbers, no speculative language, no causal-context pattern, and no clear evidence-gloss assertion; needs full manual judgement.",grounded,
b4ce2baa3e04_s004,b4ce2baa3e04,AFB3228,2010-W42,no,"R1,R4",1,1,These unusual logon patterns and browsing habits are the primary evidence for these triggered rules.,F001 logons outside working hours=4 [own~0.50 max4] ; F002 visits to job-search sites=70 [own~36 max61] [peer~8 n366],F003 logon events=12 [own~10 max12] [peer~5 n366] ; F004 logons at the weekend=0 [own~0 max1] ; F005 days with recorded activity=5 [own~5 max6] [peer~5 n366] ; F006 visits to leak-publication sites=0 [own~0 max0] ; F007 visits to cloud-storage sites=2 [own~1.50 max6] [peer~1 n366] ; F008 distinct web domains visited=67 [own~60 max71] [peer~66 n366] ; F009 distinct workstations used=1 [own~1 max1] [peer~1 n366] ; F010 hour of earliest logon in the week=0 ; F011 hour of latest logon in the week=22,grounded,"No rule fired: no unmatched numbers, no speculative language, no causal-context pattern, and no clear evidence-gloss assertion; needs full manual judgement.",grounded,
b4ce2baa3e04_s009,b4ce2baa3e04,AFB3228,2010-W42,no,"R1,R4",1,1,"These events triggered rules R1 and R4, respectively.",F001 logons outside working hours=4 [own~0.50 max4] ; F002 visits to job-search sites=70 [own~36 max61] [peer~8 n366],F003 logon events=12 [own~10 max12] [peer~5 n366] ; F004 logons at the weekend=0 [own~0 max1] ; F005 days with recorded activity=5 [own~5 max6] [peer~5 n366] ; F006 visits to leak-publication sites=0 [own~0 max0] ; F007 visits to cloud-storage sites=2 [own~1.50 max6] [peer~1 n366] ; F008 distinct web domains visited=67 [own~60 max71] [peer~66 n366] ; F009 distinct workstations used=1 [own~1 max1] [peer~1 n366] ; F010 hour of earliest logon in the week=0 ; F011 hour of latest logon in the week=22,grounded,"No rule fired: no unmatched numbers, no speculative language, no causal-context pattern, and no clear evidence-gloss assertion; needs full manual judgement.",grounded,
b4ce2baa3e04_s011,b4ce2baa3e04,AFB3228,2010-W42,no,"R1,R4",1,1,The week in question (2010-W42) was flagged due to evidence from triggered rules.,F001 logons outside working hours=4 [own~0.50 max4] ; F002 visits to job-search sites=70 [own~36 max61] [peer~8 n366],F003 logon events=12 [own~10 max12] [peer~5 n366] ; F004 logons at the weekend=0 [own~0 max1] ; F005 days with recorded activity=5 [own~5 max6] [peer~5 n366] ; F006 visits to leak-publication sites=0 [own~0 max0] ; F007 visits to cloud-storage sites=2 [own~1.50 max6] [peer~1 n366] ; F008 distinct web domains visited=67 [own~60 max71] [peer~66 n366] ; F009 distinct workstations used=1 [own~1 max1] [peer~1 n366] ; F010 hour of earliest logon in the week=0 ; F011 hour of latest logon in the week=22,grounded,"No rule fired: no unmatched numbers, no speculative language, no causal-context pattern, and no clear evidence-gloss assertion; needs full manual judgement.",grounded,
b6b2b02a91c9_s004,b6b2b02a91c9,ABP2917,2010-W23,no,R2,8,9,"The UEBA system flagged Alice Britanney Pope's activity for the week 2010-W23 due to the elevated number of files copied to removable media, with 19 files copied, which is significantly above her usual range of 6.50.",F001 files copied to removable media=19 [own~6.50 max17],F002 removable device connections=12 [own~6 max10] ; F003 removable device connections outside working hours=0 [own~0 max0] ; F004 file operations=53 [own~24 max49] ; F005 distinct workstations used=1 [own~1 max1] [peer~1 n370] ; F006 days with recorded activity=7 [own~6 max6] [peer~5 n370] ; F007 hour of earliest logon in the week=7 ; F008 hour of latest logon in the week=13,grounded,Main clause asserts evidence fact (F001) and all numbers trace to facts[]. Rule 1 fired.,grounded,
b6b2b02a91c9_s002,b6b2b02a91c9,ABP2917,2010-W23,no,R2,6,6,"Specifically, 19 files were copied to removable media, which is significantly above their typical range of 6.5 files per week.",F001 files copied to removable media=19 [own~6.50 max17],F002 removable device connections=12 [own~6 max10] ; F003 removable device connections outside working hours=0 [own~0 max0] ; F004 file operations=53 [own~24 max49] ; F005 distinct workstations used=1 [own~1 max1] [peer~1 n370] ; F006 days with recorded activity=7 [own~6 max6] [peer~5 n370] ; F007 hour of earliest logon in the week=7 ; F008 hour of latest logon in the week=13,grounded,"No rule fired: no unmatched numbers, no speculative language, no causal-context pattern, and no clear evidence-gloss assertion; needs full manual judgement.",grounded,
b6b2b02a91c9_s001,b6b2b02a91c9,ABP2917,2010-W23,no,R2,3,3,"ABP2917, a technician in the Regional Field Service team, has triggered a detection rule due to an elevated number of files copied to removable media.",F001 files copied to removable media=19 [own~6.50 max17],F002 removable device connections=12 [own~6 max10] ; F003 removable device connections outside working hours=0 [own~0 max0] ; F004 file operations=53 [own~24 max49] ; F005 distinct workstations used=1 [own~1 max1] [peer~1 n370] ; F006 days with recorded activity=7 [own~6 max6] [peer~5 n370] ; F007 hour of earliest logon in the week=7 ; F008 hour of latest logon in the week=13,grounded,Main clause asserts evidence fact (F001) and all numbers trace to facts[]. Rule 1 fired.,grounded,
b6b2b02a91c9_s005,b6b2b02a91c9,ABP2917,2010-W23,no,R2,2,2,This anomaly is the primary evidence for the triggered rule R2.,F001 files copied to removable media=19 [own~6.50 max17],F002 removable device connections=12 [own~6 max10] ; F003 removable device connections outside working hours=0 [own~0 max0] ; F004 file operations=53 [own~24 max49] ; F005 distinct workstations used=1 [own~1 max1] [peer~1 n370] ; F006 days with recorded activity=7 [own~6 max6] [peer~5 n370] ; F007 hour of earliest logon in the week=7 ; F008 hour of latest logon in the week=13,grounded,"No rule fired: no unmatched numbers, no speculative language, no causal-context pattern, and no clear evidence-gloss assertion; needs full manual judgement.",grounded,
b6b2b02a91c9_s006,b6b2b02a91c9,ABP2917,2010-W23,no,R2,2,2,"This suggests that Alice may have been copying more files to removable media than usual, potentially indicating a change in her work habits or a need for additional data transfer.",F001 files copied to removable media=19 [own~6.50 max17],F002 removable device connections=12 [own~6 max10] ; F003 removable device connections outside working hours=0 [own~0 max0] ; F004 file operations=53 [own~24 max49] ; F005 distinct workstations used=1 [own~1 max1] [peer~1 n370] ; F006 days with recorded activity=7 [own~6 max6] [peer~5 n370] ; F007 hour of earliest logon in the week=7 ; F008 hour of latest logon in the week=13,unverifiable,"No rule fired: no unmatched numbers, no speculative language, no causal-context pattern, and no clear evidence-gloss assertion; needs full manual judgement.",unverifiable,
b6b2b02a91c9_s003,b6b2b02a91c9,ABP2917,2010-W23,no,R2,1,1,"This anomaly stands out as the user's overall removable device connections and file operations are within their usual range, suggesting that this increased activity is not part of their typical pattern.",F001 files copied to removable media=19 [own~6.50 max17],F002 removable device connections=12 [own~6 max10] ; F003 removable device connections outside working hours=0 [own~0 max0] ; F004 file operations=53 [own~24 max49] ; F005 distinct workstations used=1 [own~1 max1] [peer~1 n370] ; F006 days with recorded activity=7 [own~6 max6] [peer~5 n370] ; F007 hour of earliest logon in the week=7 ; F008 hour of latest logon in the week=13,hallucinated,"No rule fired: no unmatched numbers, no speculative language, no causal-context pattern, and no clear evidence-gloss assertion; needs full manual judgement.",grounded,
b6b2b02a91c9_s007,b6b2b02a91c9,ABP2917,2010-W23,no,R2,1,1,"This anomaly is the primary reason for the flag, and it warrants further investigation to determine the nature of the file copying activity and ensure it is not a security concern.",F001 files copied to removable media=19 [own~6.50 max17],F002 removable device connections=12 [own~6 max10] ; F003 removable device connections outside working hours=0 [own~0 max0] ; F004 file operations=53 [own~24 max49] ; F005 distinct workstations used=1 [own~1 max1] [peer~1 n370] ; F006 days with recorded activity=7 [own~6 max6] [peer~5 n370] ; F007 hour of earliest logon in the week=7 ; F008 hour of latest logon in the week=13,unverifiable,"Main clause uses causal language and cites context-only fact (F006), not an evidence fact. Rule 4 fired.",grounded,Resolved after initial pass to close a slice-boundary gap in review.
b6b2b02a91c9_s008,b6b2b02a91c9,ABP2917,2010-W23,no,R2,1,1,The lack of distinct workstations used and days with recorded activity also suggests that this unusual file copying is not part of a larger pattern of unusual behavior.,F001 files copied to removable media=19 [own~6.50 max17],F002 removable device connections=12 [own~6 max10] ; F003 removable device connections outside working hours=0 [own~0 max0] ; F004 file operations=53 [own~24 max49] ; F005 distinct workstations used=1 [own~1 max1] [peer~1 n370] ; F006 days with recorded activity=7 [own~6 max6] [peer~5 n370] ; F007 hour of earliest logon in the week=7 ; F008 hour of latest logon in the week=13,hallucinated,"No rule fired: no unmatched numbers, no speculative language, no causal-context pattern, and no clear evidence-gloss assertion; needs full manual judgement.",grounded,
c649b67f9bdc_s001,c649b67f9bdc,CDE1846,2011-W14,yes,R5,6,6,The UEBA system flagged CDE1846's (Carlos Dieter Ewing) week for review due to an unusual volume of file operations.,F001 file operations=8 [own~1.50 max13] [peer~1 n366],F002 logon events=7 [own~5 max6] [peer~5 n366] ; F003 web requests=475 [own~475 max475] [peer~475 n366] ; F004 removable device connections=0 [own~0 max0] ; F005 distinct workstations used=3 [own~1 max2] [peer~1 n366] ; F006 days with recorded activity=5 [own~5 max5] [peer~5 n366] ; F007 hour of earliest logon in the week=8 ; F008 hour of latest logon in the week=17,grounded,Main clause asserts evidence fact (F001) and all numbers trace to facts[]. Rule 1 fired.,grounded,
c649b67f9bdc_s002,c649b67f9bdc,CDE1846,2011-W14,yes,R5,4,4,"According to the evidence, Carlos's file operations for the week (8) are significantly above his usual range (1.50) and also exceed the typical volume among his same-role peers (1).",F001 file operations=8 [own~1.50 max13] [peer~1 n366],F002 logon events=7 [own~5 max6] [peer~5 n366] ; F003 web requests=475 [own~475 max475] [peer~475 n366] ; F004 removable device connections=0 [own~0 max0] ; F005 distinct workstations used=3 [own~1 max2] [peer~1 n366] ; F006 days with recorded activity=5 [own~5 max5] [peer~5 n366] ; F007 hour of earliest logon in the week=8 ; F008 hour of latest logon in the week=17,grounded,Main clause asserts evidence fact (F001) and all numbers trace to facts[]. Rule 1 fired.,grounded,
c649b67f9bdc_s003,c649b67f9bdc,CDE1846,2011-W14,yes,R5,4,4,This anomaly is the primary reason for the triggered detection rules.,F001 file operations=8 [own~1.50 max13] [peer~1 n366],F002 logon events=7 [own~5 max6] [peer~5 n366] ; F003 web requests=475 [own~475 max475] [peer~475 n366] ; F004 removable device connections=0 [own~0 max0] ; F005 distinct workstations used=3 [own~1 max2] [peer~1 n366] ; F006 days with recorded activity=5 [own~5 max5] [peer~5 n366] ; F007 hour of earliest logon in the week=8 ; F008 hour of latest logon in the week=17,grounded,"No rule fired: no unmatched numbers, no speculative language, no causal-context pattern, and no clear evidence-gloss assertion; needs full manual judgement.",grounded,
c649b67f9bdc_s004,c649b67f9bdc,CDE1846,2011-W14,yes,R5,4,6,"Specifically, the overall volume of file operations was significantly higher than what's typical for their role and peers.",F001 file operations=8 [own~1.50 max13] [peer~1 n366],F002 logon events=7 [own~5 max6] [peer~5 n366] ; F003 web requests=475 [own~475 max475] [peer~475 n366] ; F004 removable device connections=0 [own~0 max0] ; F005 distinct workstations used=3 [own~1 max2] [peer~1 n366] ; F006 days with recorded activity=5 [own~5 max5] [peer~5 n366] ; F007 hour of earliest logon in the week=8 ; F008 hour of latest logon in the week=17,grounded,Main clause asserts evidence fact (F001) and all numbers trace to facts[]. Rule 1 fired.,grounded,
c649b67f9bdc_s005,c649b67f9bdc,CDE1846,2011-W14,yes,R5,2,2,This unusual surge in file activity is the primary evidence that triggered the detection rules.,F001 file operations=8 [own~1.50 max13] [peer~1 n366],F002 logon events=7 [own~5 max6] [peer~5 n366] ; F003 web requests=475 [own~475 max475] [peer~475 n366] ; F004 removable device connections=0 [own~0 max0] ; F005 distinct workstations used=3 [own~1 max2] [peer~1 n366] ; F006 days with recorded activity=5 [own~5 max5] [peer~5 n366] ; F007 hour of earliest logon in the week=8 ; F008 hour of latest logon in the week=17,grounded,"No rule fired: no unmatched numbers, no speculative language, no causal-context pattern, and no clear evidence-gloss assertion; needs full manual judgement.",grounded,
c649b67f9bdc_s006,c649b67f9bdc,CDE1846,2011-W14,yes,R5,2,2,"Carlos Dieter Ewing, an Electrical Engineer, had an unusual week (2011-W14).",F001 file operations=8 [own~1.50 max13] [peer~1 n366],F002 logon events=7 [own~5 max6] [peer~5 n366] ; F003 web requests=475 [own~475 max475] [peer~475 n366] ; F004 removable device connections=0 [own~0 max0] ; F005 distinct workstations used=3 [own~1 max2] [peer~1 n366] ; F006 days with recorded activity=5 [own~5 max5] [peer~5 n366] ; F007 hour of earliest logon in the week=8 ; F008 hour of latest logon in the week=17,grounded,"No rule fired: no unmatched numbers, no speculative language, no causal-context pattern, and no clear evidence-gloss assertion; needs full manual judgement.",grounded,
c649b67f9bdc_s007,c649b67f9bdc,CDE1846,2011-W14,yes,R5,1,1,The system flagged his activity due to an overall activity volume that far exceeded that of his same-role peers.,F001 file operations=8 [own~1.50 max13] [peer~1 n366],F002 logon events=7 [own~5 max6] [peer~5 n366] ; F003 web requests=475 [own~475 max475] [peer~475 n366] ; F004 removable device connections=0 [own~0 max0] ; F005 distinct workstations used=3 [own~1 max2] [peer~1 n366] ; F006 days with recorded activity=5 [own~5 max5] [peer~5 n366] ; F007 hour of earliest logon in the week=8 ; F008 hour of latest logon in the week=17,grounded,"Main clause uses causal language and cites context-only fact (F006), not an evidence fact. Rule 4 fired.",grounded,
c649b67f9bdc_s008,c649b67f9bdc,CDE1846,2011-W14,yes,R5,1,1,This week's value is also above the peer range of 1 across 366 peers in the same role.,F001 file operations=8 [own~1.50 max13] [peer~1 n366],F002 logon events=7 [own~5 max6] [peer~5 n366] ; F003 web requests=475 [own~475 max475] [peer~475 n366] ; F004 removable device connections=0 [own~0 max0] ; F005 distinct workstations used=3 [own~1 max2] [peer~1 n366] ; F006 days with recorded activity=5 [own~5 max5] [peer~5 n366] ; F007 hour of earliest logon in the week=8 ; F008 hour of latest logon in the week=17,grounded,"No rule fired: no unmatched numbers, no speculative language, no causal-context pattern, and no clear evidence-gloss assertion; needs full manual judgement.",grounded,
c649b67f9bdc_s009,c649b67f9bdc,CDE1846,2011-W14,yes,R5,1,1,"This week, Carlos Dieter Ewing's (CDE1846) overall activity volume was significantly higher than that of his same-role peers.",F001 file operations=8 [own~1.50 max13] [peer~1 n366],F002 logon events=7 [own~5 max6] [peer~5 n366] ; F003 web requests=475 [own~475 max475] [peer~475 n366] ; F004 removable device connections=0 [own~0 max0] ; F005 distinct workstations used=3 [own~1 max2] [peer~1 n366] ; F006 days with recorded activity=5 [own~5 max5] [peer~5 n366] ; F007 hour of earliest logon in the week=8 ; F008 hour of latest logon in the week=17,hallucinated,"No rule fired: no unmatched numbers, no speculative language, no causal-context pattern, and no clear evidence-gloss assertion; needs full manual judgement.",grounded,
d0dc80a513b1_s004,d0dc80a513b1,AGW1590,2011-W10,no,"R2,R5",9,10,"Additionally, there were 12 files copied to removable media, which is also above her usual range of 3.",F001 files copied to removable media=12 [own~3 max13] ; F002 file operations=34 [own~14 max28] [peer~1 n328],F003 removable device connections=10 [own~5.50 max8] ; F004 removable device connections outside working hours=0 [own~0 max0] ; F005 logon events=12 [own~11 max12] [peer~5 n328] ; F006 web requests=765 [own~765 max765] [peer~810 n328] ; F007 distinct workstations used=3 [own~2 max3] [peer~1 n328] ; F008 days with recorded activity=5 [own~5 max5] [peer~5 n328] ; F009 hour of earliest logon in the week=6 ; F010 hour of latest logon in the week=14,grounded,Main clause asserts evidence fact (F001) and all numbers trace to facts[]. Rule 1 fired.,grounded,
d0dc80a513b1_s002,d0dc80a513b1,AGW1590,2011-W10,no,"R2,R5",7,7,"The most significant evidence is the unusually high number of file operations, with 34 operations this week, compared to the usual 14.",F001 files copied to removable media=12 [own~3 max13] ; F002 file operations=34 [own~14 max28] [peer~1 n328],F003 removable device connections=10 [own~5.50 max8] ; F004 removable device connections outside working hours=0 [own~0 max0] ; F005 logon events=12 [own~11 max12] [peer~5 n328] ; F006 web requests=765 [own~765 max765] [peer~810 n328] ; F007 distinct workstations used=3 [own~2 max3] [peer~1 n328] ; F008 days with recorded activity=5 [own~5 max5] [peer~5 n328] ; F009 hour of earliest logon in the week=6 ; F010 hour of latest logon in the week=14,grounded,Main clause asserts evidence fact (F002) and all numbers trace to facts[]. Rule 1 fired.,grounded,
d0dc80a513b1_s003,d0dc80a513b1,AGW1590,2011-W10,no,"R2,R5",3,3,"This is significantly above not only her typical range but also the range of her same-role peers, who averaged only 1 file operation this week.",F001 files copied to removable media=12 [own~3 max13] ; F002 file operations=34 [own~14 max28] [peer~1 n328],F003 removable device connections=10 [own~5.50 max8] ; F004 removable device connections outside working hours=0 [own~0 max0] ; F005 logon events=12 [own~11 max12] [peer~5 n328] ; F006 web requests=765 [own~765 max765] [peer~810 n328] ; F007 distinct workstations used=3 [own~2 max3] [peer~1 n328] ; F008 days with recorded activity=5 [own~5 max5] [peer~5 n328] ; F009 hour of earliest logon in the week=6 ; F010 hour of latest logon in the week=14,grounded,"No rule fired: no unmatched numbers, no speculative language, no causal-context pattern, and no clear evidence-gloss assertion; needs full manual judgement.",grounded,
d0dc80a513b1_s005,d0dc80a513b1,AGW1590,2011-W10,no,"R2,R5",2,2,"This week's activity for user AGW1590, a salesman in the RegionalSales team, was flagged due to an elevated number of files copied to removable media and overall activity volume far outside the peer distribution.",F001 files copied to removable media=12 [own~3 max13] ; F002 file operations=34 [own~14 max28] [peer~1 n328],F003 removable device connections=10 [own~5.50 max8] ; F004 removable device connections outside working hours=0 [own~0 max0] ; F005 logon events=12 [own~11 max12] [peer~5 n328] ; F006 web requests=765 [own~765 max765] [peer~810 n328] ; F007 distinct workstations used=3 [own~2 max3] [peer~1 n328] ; F008 days with recorded activity=5 [own~5 max5] [peer~5 n328] ; F009 hour of earliest logon in the week=6 ; F010 hour of latest logon in the week=14,grounded,Main clause asserts evidence fact (F001) and all numbers trace to facts[]. Rule 1 fired.,grounded,
d0dc80a513b1_s007,d0dc80a513b1,AGW1590,2011-W10,no,"R2,R5",2,2,The UEBA system flagged AGW1590's week (2011-W10) due to evidence from triggered rules.,F001 files copied to removable media=12 [own~3 max13] ; F002 file operations=34 [own~14 max28] [peer~1 n328],F003 removable device connections=10 [own~5.50 max8] ; F004 removable device connections outside working hours=0 [own~0 max0] ; F005 logon events=12 [own~11 max12] [peer~5 n328] ; F006 web requests=765 [own~765 max765] [peer~810 n328] ; F007 distinct workstations used=3 [own~2 max3] [peer~1 n328] ; F008 days with recorded activity=5 [own~5 max5] [peer~5 n328] ; F009 hour of earliest logon in the week=6 ; F010 hour of latest logon in the week=14,grounded,"No rule fired: no unmatched numbers, no speculative language, no causal-context pattern, and no clear evidence-gloss assertion; needs full manual judgement.",grounded,
d0dc80a513b1_s001,d0dc80a513b1,AGW1590,2011-W10,no,"R2,R5",1,1,Alma Gloria Wolfe's activity this week is flagged due to two triggered detection rules.,F001 files copied to removable media=12 [own~3 max13] ; F002 file operations=34 [own~14 max28] [peer~1 n328],F003 removable device connections=10 [own~5.50 max8] ; F004 removable device connections outside working hours=0 [own~0 max0] ; F005 logon events=12 [own~11 max12] [peer~5 n328] ; F006 web requests=765 [own~765 max765] [peer~810 n328] ; F007 distinct workstations used=3 [own~2 max3] [peer~1 n328] ; F008 days with recorded activity=5 [own~5 max5] [peer~5 n328] ; F009 hour of earliest logon in the week=6 ; F010 hour of latest logon in the week=14,grounded,"Main clause uses causal language and cites context-only fact (F008), not an evidence fact. Rule 4 fired.",grounded,Resolved after initial pass to close a slice-boundary gap in review.
d0dc80a513b1_s006,d0dc80a513b1,AGW1590,2011-W10,no,"R2,R5",1,1,"These elevated numbers are not just a one-time spike, but rather a sustained increase that is far above their peer group's activity volume this week.",F001 files copied to removable media=12 [own~3 max13] ; F002 file operations=34 [own~14 max28] [peer~1 n328],F003 removable device connections=10 [own~5.50 max8] ; F004 removable device connections outside working hours=0 [own~0 max0] ; F005 logon events=12 [own~11 max12] [peer~5 n328] ; F006 web requests=765 [own~765 max765] [peer~810 n328] ; F007 distinct workstations used=3 [own~2 max3] [peer~1 n328] ; F008 days with recorded activity=5 [own~5 max5] [peer~5 n328] ; F009 hour of earliest logon in the week=6 ; F010 hour of latest logon in the week=14,unverifiable,"No rule fired: no unmatched numbers, no speculative language, no causal-context pattern, and no clear evidence-gloss assertion; needs full manual judgement.",grounded,
d0dc80a513b1_s008,d0dc80a513b1,AGW1590,2011-W10,no,"R2,R5",1,1,These elevated numbers triggered rules R2 and R5.,F001 files copied to removable media=12 [own~3 max13] ; F002 file operations=34 [own~14 max28] [peer~1 n328],F003 removable device connections=10 [own~5.50 max8] ; F004 removable device connections outside working hours=0 [own~0 max0] ; F005 logon events=12 [own~11 max12] [peer~5 n328] ; F006 web requests=765 [own~765 max765] [peer~810 n328] ; F007 distinct workstations used=3 [own~2 max3] [peer~1 n328] ; F008 days with recorded activity=5 [own~5 max5] [peer~5 n328] ; F009 hour of earliest logon in the week=6 ; F010 hour of latest logon in the week=14,grounded,"No rule fired: no unmatched numbers, no speculative language, no causal-context pattern, and no clear evidence-gloss assertion; needs full manual judgement.",grounded,
d0dc80a513b1_s009,d0dc80a513b1,AGW1590,2011-W10,no,"R2,R5",1,1,"This suggests that AGW1590 may have been engaging in some unusual activity or handling more files than usual, which warrants further investigation.",F001 files copied to removable media=12 [own~3 max13] ; F002 file operations=34 [own~14 max28] [peer~1 n328],F003 removable device connections=10 [own~5.50 max8] ; F004 removable device connections outside working hours=0 [own~0 max0] ; F005 logon events=12 [own~11 max12] [peer~5 n328] ; F006 web requests=765 [own~765 max765] [peer~810 n328] ; F007 distinct workstations used=3 [own~2 max3] [peer~1 n328] ; F008 days with recorded activity=5 [own~5 max5] [peer~5 n328] ; F009 hour of earliest logon in the week=6 ; F010 hour of latest logon in the week=14,unverifiable,Sentence contains speculative/hedge language ('warrants further investigation'); neither matches nor contradicts any fact; rule 5 fired.,unverifiable,
d0dc80a513b1_s010,d0dc80a513b1,AGW1590,2011-W10,no,"R2,R5",1,1,"The elevated activity volume is further supported by the fact that it is far outside the peer distribution for same-role users, with 34 operations compared to the typical 1 among 328 peers.",F001 files copied to removable media=12 [own~3 max13] ; F002 file operations=34 [own~14 max28] [peer~1 n328],F003 removable device connections=10 [own~5.50 max8] ; F004 removable device connections outside working hours=0 [own~0 max0] ; F005 logon events=12 [own~11 max12] [peer~5 n328] ; F006 web requests=765 [own~765 max765] [peer~810 n328] ; F007 distinct workstations used=3 [own~2 max3] [peer~1 n328] ; F008 days with recorded activity=5 [own~5 max5] [peer~5 n328] ; F009 hour of earliest logon in the week=6 ; F010 hour of latest logon in the week=14,grounded,"No rule fired: no unmatched numbers, no speculative language, no causal-context pattern, and no clear evidence-gloss assertion; needs full manual judgement.",grounded,
d0dc80a513b1_s011,d0dc80a513b1,AGW1590,2011-W10,no,"R2,R5",1,1,"This is likely due to an elevated number of files copied to removable media, which triggered rule R2.",F001 files copied to removable media=12 [own~3 max13] ; F002 file operations=34 [own~14 max28] [peer~1 n328],F003 removable device connections=10 [own~5.50 max8] ; F004 removable device connections outside working hours=0 [own~0 max0] ; F005 logon events=12 [own~11 max12] [peer~5 n328] ; F006 web requests=765 [own~765 max765] [peer~810 n328] ; F007 distinct workstations used=3 [own~2 max3] [peer~1 n328] ; F008 days with recorded activity=5 [own~5 max5] [peer~5 n328] ; F009 hour of earliest logon in the week=6 ; F010 hour of latest logon in the week=14,hallucinated,Main clause asserts evidence fact (F001) and all numbers trace to facts[]. Rule 1 fired.,grounded,Mislabelled 'hallucinated' in the earlier mechanical pre-pass despite its own rationale describing grounded reasoning. Manually re-verified: grounded.
d7021ac17ab1_s003,d7021ac17ab1,CDE1846,2011-W12,yes,R5,6,6,"Carlos Dieter Ewing, an Electrical Engineer, had a week (2011-W12) where his overall activity volume was significantly higher than that of his peers.",F001 file operations=13 [own~1 max6] [peer~1 n366],F002 logon events=6 [own~5 max6] [peer~5 n366] ; F003 web requests=475 [own~475 max475] [peer~475 n366] ; F004 removable device connections=0 [own~0 max0] ; F005 distinct workstations used=2 [own~1 max2] [peer~1 n366] ; F006 days with recorded activity=5 [own~5 max5] [peer~5 n366] ; F007 hour of earliest logon in the week=9 ; F008 hour of latest logon in the week=17,hallucinated,"No rule fired: no unmatched numbers, no speculative language, no causal-context pattern, and no clear evidence-gloss assertion; needs full manual judgement.",grounded,
d7021ac17ab1_s004,d7021ac17ab1,CDE1846,2011-W12,yes,R5,5,5,"Specifically, he performed 13 file operations, which is well above his usual range and far outside the typical range for his role.",F001 file operations=13 [own~1 max6] [peer~1 n366],F002 logon events=6 [own~5 max6] [peer~5 n366] ; F003 web requests=475 [own~475 max475] [peer~475 n366] ; F004 removable device connections=0 [own~0 max0] ; F005 distinct workstations used=2 [own~1 max2] [peer~1 n366] ; F006 days with recorded activity=5 [own~5 max5] [peer~5 n366] ; F007 hour of earliest logon in the week=9 ; F008 hour of latest logon in the week=17,hallucinated,Main clause asserts evidence fact (F001) and all numbers trace to facts[]. Rule 1 fired.,grounded,
d7021ac17ab1_s002,d7021ac17ab1,CDE1846,2011-W12,yes,R5,4,4,"Specifically, the file operations for this week, at 13, are significantly higher than their typical range of 1 and exceed the peer average of 1 across 366 peers in this role.",F001 file operations=13 [own~1 max6] [peer~1 n366],F002 logon events=6 [own~5 max6] [peer~5 n366] ; F003 web requests=475 [own~475 max475] [peer~475 n366] ; F004 removable device connections=0 [own~0 max0] ; F005 distinct workstations used=2 [own~1 max2] [peer~1 n366] ; F006 days with recorded activity=5 [own~5 max5] [peer~5 n366] ; F007 hour of earliest logon in the week=9 ; F008 hour of latest logon in the week=17,hallucinated,Main clause asserts evidence fact (F001) and all numbers trace to facts[]. Rule 1 fired.,grounded,
d7021ac17ab1_s007,d7021ac17ab1,CDE1846,2011-W12,yes,R5,4,4,This anomaly is the primary evidence for the triggered detection rule.,F001 file operations=13 [own~1 max6] [peer~1 n366],F002 logon events=6 [own~5 max6] [peer~5 n366] ; F003 web requests=475 [own~475 max475] [peer~475 n366] ; F004 removable device connections=0 [own~0 max0] ; F005 distinct workstations used=2 [own~1 max2] [peer~1 n366] ; F006 days with recorded activity=5 [own~5 max5] [peer~5 n366] ; F007 hour of earliest logon in the week=9 ; F008 hour of latest logon in the week=17,grounded,"No rule fired: no unmatched numbers, no speculative language, no causal-context pattern, and no clear evidence-gloss assertion; needs full manual judgement.",grounded,
d7021ac17ab1_s006,d7021ac17ab1,CDE1846,2011-W12,yes,R5,3,3,"This week's activity for user CDE1846, Carlos Dieter Ewing, was flagged due to an unusually high volume of file operations.",F001 file operations=13 [own~1 max6] [peer~1 n366],F002 logon events=6 [own~5 max6] [peer~5 n366] ; F003 web requests=475 [own~475 max475] [peer~475 n366] ; F004 removable device connections=0 [own~0 max0] ; F005 distinct workstations used=2 [own~1 max2] [peer~1 n366] ; F006 days with recorded activity=5 [own~5 max5] [peer~5 n366] ; F007 hour of earliest logon in the week=9 ; F008 hour of latest logon in the week=17,grounded,Main clause asserts evidence fact (F001) and all numbers trace to facts[]. Rule 1 fired.,grounded,
d7021ac17ab1_s008,d7021ac17ab1,CDE1846,2011-W12,yes,R5,2,2,"This suggests that Carlos has been working extensively with files, potentially indicating a project or task that requires a large amount of data processing or manipulation.",F001 file operations=13 [own~1 max6] [peer~1 n366],F002 logon events=6 [own~5 max6] [peer~5 n366] ; F003 web requests=475 [own~475 max475] [peer~475 n366] ; F004 removable device connections=0 [own~0 max0] ; F005 distinct workstations used=2 [own~1 max2] [peer~1 n366] ; F006 days with recorded activity=5 [own~5 max5] [peer~5 n366] ; F007 hour of earliest logon in the week=9 ; F008 hour of latest logon in the week=17,unverifiable,"No rule fired: no unmatched numbers, no speculative language, no causal-context pattern, and no clear evidence-gloss assertion; needs full manual judgement.",unverifiable,
d7021ac17ab1_s001,d7021ac17ab1,CDE1846,2011-W12,yes,R5,1,2,The UEBA system flagged CDE1846's week due to evidence of overall activity volume far outside the same-role peer distribution.,F001 file operations=13 [own~1 max6] [peer~1 n366],F002 logon events=6 [own~5 max6] [peer~5 n366] ; F003 web requests=475 [own~475 max475] [peer~475 n366] ; F004 removable device connections=0 [own~0 max0] ; F005 distinct workstations used=2 [own~1 max2] [peer~1 n366] ; F006 days with recorded activity=5 [own~5 max5] [peer~5 n366] ; F007 hour of earliest logon in the week=9 ; F008 hour of latest logon in the week=17,grounded,"Main clause uses causal language and cites context-only fact (F006), not an evidence fact. Rule 4 fired.",grounded,
d7021ac17ab1_s005,d7021ac17ab1,CDE1846,2011-W12,yes,R5,1,1,This anomaly is likely the primary reason why his week was flagged.,F001 file operations=13 [own~1 max6] [peer~1 n366],F002 logon events=6 [own~5 max6] [peer~5 n366] ; F003 web requests=475 [own~475 max475] [peer~475 n366] ; F004 removable device connections=0 [own~0 max0] ; F005 distinct workstations used=2 [own~1 max2] [peer~1 n366] ; F006 days with recorded activity=5 [own~5 max5] [peer~5 n366] ; F007 hour of earliest logon in the week=9 ; F008 hour of latest logon in the week=17,grounded,"No rule fired: no unmatched numbers, no speculative language, no causal-context pattern, and no clear evidence-gloss assertion; needs full manual judgement.",grounded,
d7021ac17ab1_s009,d7021ac17ab1,CDE1846,2011-W12,yes,R5,1,1,"While other aspects of their behavior, such as logon events, web requests, and workstation usage, are within their usual range, the file operations anomaly stands out.",F001 file operations=13 [own~1 max6] [peer~1 n366],F002 logon events=6 [own~5 max6] [peer~5 n366] ; F003 web requests=475 [own~475 max475] [peer~475 n366] ; F004 removable device connections=0 [own~0 max0] ; F005 distinct workstations used=2 [own~1 max2] [peer~1 n366] ; F006 days with recorded activity=5 [own~5 max5] [peer~5 n366] ; F007 hour of earliest logon in the week=9 ; F008 hour of latest logon in the week=17,grounded,"Main clause asserts evidence fact (F001) and all numbers trace to facts[]. [Compound: main='such as logon events, web requests, and workstation usage, a...', sub='While other aspects of their behavior...'] Rule 1 fired.",grounded,
e0daedcec5e8_s001,e0daedcec5e8,ZCS0012,2010-W32,no,R3,10,11,ZCS0012's activity this week is flagged due to an unusual volume of attachment data sent to external recipients.,F001 bytes of email attachments sent=54.57M [own~23.37M max45.10M] [peer~15.75M n10] ; F002 external email recipients=61 [own~39 max50] [peer~44 n10],F003 emails sent to at least one external recipient=36 [own~23.50 max30] [peer~23.50 n10] ; F004 emails sent=50 [own~47 max62] [peer~48.50 n10] ; F005 distinct workstations used=1 [own~1 max1] [peer~1 n10] ; F006 days with recorded activity=5 [own~5 max5] [peer~5 n10] ; F007 hour of earliest logon in the week=8 ; F008 hour of latest logon in the week=8,grounded,"No rule fired: no unmatched numbers, no speculative language, no causal-context pattern, and no clear evidence-gloss assertion; needs full manual judgement.",grounded,
e0daedcec5e8_s002,e0daedcec5e8,ZCS0012,2010-W32,no,R3,10,10,"Specifically, the 54.57 MB of email attachments sent is significantly higher than their usual range of 23.37 MB.",F001 bytes of email attachments sent=54.57M [own~23.37M max45.10M] [peer~15.75M n10] ; F002 external email recipients=61 [own~39 max50] [peer~44 n10],F003 emails sent to at least one external recipient=36 [own~23.50 max30] [peer~23.50 n10] ; F004 emails sent=50 [own~47 max62] [peer~48.50 n10] ; F005 distinct workstations used=1 [own~1 max1] [peer~1 n10] ; F006 days with recorded activity=5 [own~5 max5] [peer~5 n10] ; F007 hour of earliest logon in the week=8 ; F008 hour of latest logon in the week=8,grounded,"No rule fired: no unmatched numbers, no speculative language, no causal-context pattern, and no clear evidence-gloss assertion; needs full manual judgement.",grounded,Resolved after initial pass to close a slice-boundary gap in review.
e0daedcec5e8_s006,e0daedcec5e8,ZCS0012,2010-W32,no,R3,4,4,"Additionally, she sent attachments to 61 external recipients, which is within her usual range of 39.",F001 bytes of email attachments sent=54.57M [own~23.37M max45.10M] [peer~15.75M n10] ; F002 external email recipients=61 [own~39 max50] [peer~44 n10],F003 emails sent to at least one external recipient=36 [own~23.50 max30] [peer~23.50 n10] ; F004 emails sent=50 [own~47 max62] [peer~48.50 n10] ; F005 distinct workstations used=1 [own~1 max1] [peer~1 n10] ; F006 days with recorded activity=5 [own~5 max5] [peer~5 n10] ; F007 hour of earliest logon in the week=8 ; F008 hour of latest logon in the week=8,false precision,"No rule fired: no unmatched numbers, no speculative language, no causal-context pattern, and no clear evidence-gloss assertion; needs full manual judgement.",grounded,
e0daedcec5e8_s005,e0daedcec5e8,ZCS0012,2010-W32,no,R3,3,3,"This week's attachment volume is also within the range of their peers in the same role, but it's still notable that it's above their own typical range.",F001 bytes of email attachments sent=54.57M [own~23.37M max45.10M] [peer~15.75M n10] ; F002 external email recipients=61 [own~39 max50] [peer~44 n10],F003 emails sent to at least one external recipient=36 [own~23.50 max30] [peer~23.50 n10] ; F004 emails sent=50 [own~47 max62] [peer~48.50 n10] ; F005 distinct workstations used=1 [own~1 max1] [peer~1 n10] ; F006 days with recorded activity=5 [own~5 max5] [peer~5 n10] ; F007 hour of earliest logon in the week=8 ; F008 hour of latest logon in the week=8,hallucinated,"No rule fired: no unmatched numbers, no speculative language, no causal-context pattern, and no clear evidence-gloss assertion; needs full manual judgement.",grounded,
e0daedcec5e8_s003,e0daedcec5e8,ZCS0012,2010-W32,no,R3,2,2,"This volume is also higher than what their peers in the same role typically send this week, which is 15.75 MB.",F001 bytes of email attachments sent=54.57M [own~23.37M max45.10M] [peer~15.75M n10] ; F002 external email recipients=61 [own~39 max50] [peer~44 n10],F003 emails sent to at least one external recipient=36 [own~23.50 max30] [peer~23.50 n10] ; F004 emails sent=50 [own~47 max62] [peer~48.50 n10] ; F005 distinct workstations used=1 [own~1 max1] [peer~1 n10] ; F006 days with recorded activity=5 [own~5 max5] [peer~5 n10] ; F007 hour of earliest logon in the week=8 ; F008 hour of latest logon in the week=8,grounded,"No rule fired: no unmatched numbers, no speculative language, no causal-context pattern, and no clear evidence-gloss assertion; needs full manual judgement.",grounded,
e0daedcec5e8_s004,e0daedcec5e8,ZCS0012,2010-W32,no,R3,2,2,"However, it's worth noting that the number of external email recipients, 61, is within their usual range and similar to what peers in the same role have seen this week.",F001 bytes of email attachments sent=54.57M [own~23.37M max45.10M] [peer~15.75M n10] ; F002 external email recipients=61 [own~39 max50] [peer~44 n10],F003 emails sent to at least one external recipient=36 [own~23.50 max30] [peer~23.50 n10] ; F004 emails sent=50 [own~47 max62] [peer~48.50 n10] ; F005 distinct workstations used=1 [own~1 max1] [peer~1 n10] ; F006 days with recorded activity=5 [own~5 max5] [peer~5 n10] ; F007 hour of earliest logon in the week=8 ; F008 hour of latest logon in the week=8,grounded,"Main clause asserts evidence fact (F001, F002) and all numbers trace to facts[]. Rule 1 fired.",grounded,
e0daedcec5e8_s007,e0daedcec5e8,ZCS0012,2010-W32,no,R3,1,1,"This anomaly is concerning, as it indicates that Vice President Snow may have sent a larger-than-usual amount of sensitive or confidential information to external parties.",F001 bytes of email attachments sent=54.57M [own~23.37M max45.10M] [peer~15.75M n10] ; F002 external email recipients=61 [own~39 max50] [peer~44 n10],F003 emails sent to at least one external recipient=36 [own~23.50 max30] [peer~23.50 n10] ; F004 emails sent=50 [own~47 max62] [peer~48.50 n10] ; F005 distinct workstations used=1 [own~1 max1] [peer~1 n10] ; F006 days with recorded activity=5 [own~5 max5] [peer~5 n10] ; F007 hour of earliest logon in the week=8 ; F008 hour of latest logon in the week=8,grounded,"No rule fired: no unmatched numbers, no speculative language, no causal-context pattern, and no clear evidence-gloss assertion; needs full manual judgement.",unverifiable,
e4f5ca67cebc_s002,e4f5ca67cebc,JAF0209,2010-W52,no,"R1,R5",10,11,"The most notable evidence is the unusually high volume of logons (8) outside the user's working hours, which is far above their typical range.",F001 logons outside working hours=8 [own~2.50 max6] ; F002 web requests=1330 [own~950 max1140] [peer~760 n23],F003 logon events=14 [own~9.50 max14] [peer~5 n23] ; F004 logons at the weekend=3 [own~0.50 max3] ; F005 days with recorded activity=7 [own~5 max7] [peer~4 n23] ; F006 file operations=5 [own~3 max8] [peer~1 n23] ; F007 removable device connections=0 [own~0 max0] ; F008 distinct workstations used=1 [own~1 max1] [peer~1 n23] ; F009 hour of earliest logon in the week=1 ; F010 hour of latest logon in the week=20,grounded,"No rule fired: no unmatched numbers, no speculative language, no causal-context pattern, and no clear evidence-gloss assertion; needs full manual judgement.",grounded,
e4f5ca67cebc_s003,e4f5ca67cebc,JAF0209,2010-W52,no,"R1,R5",10,10,"Additionally, the overall activity volume (1330 web requests) is far outside the peer distribution for users in the same role.",F001 logons outside working hours=8 [own~2.50 max6] ; F002 web requests=1330 [own~950 max1140] [peer~760 n23],F003 logon events=14 [own~9.50 max14] [peer~5 n23] ; F004 logons at the weekend=3 [own~0.50 max3] ; F005 days with recorded activity=7 [own~5 max7] [peer~4 n23] ; F006 file operations=5 [own~3 max8] [peer~1 n23] ; F007 removable device connections=0 [own~0 max0] ; F008 distinct workstations used=1 [own~1 max1] [peer~1 n23] ; F009 hour of earliest logon in the week=1 ; F010 hour of latest logon in the week=20,grounded,"Main clause asserts evidence fact (F001, F002) and all numbers trace to facts[]. Rule 1 fired.",grounded,
e4f5ca67cebc_s005,e4f5ca67cebc,JAF0209,2010-W52,no,"R1,R5",6,6,"This week's activity for JAF0209, Director of Research and Engineering, has triggered detection rules due to unusual volume of logons outside their working hours and overall activity volume far outside their same-role peer distribution.",F001 logons outside working hours=8 [own~2.50 max6] ; F002 web requests=1330 [own~950 max1140] [peer~760 n23],F003 logon events=14 [own~9.50 max14] [peer~5 n23] ; F004 logons at the weekend=3 [own~0.50 max3] ; F005 days with recorded activity=7 [own~5 max7] [peer~4 n23] ; F006 file operations=5 [own~3 max8] [peer~1 n23] ; F007 removable device connections=0 [own~0 max0] ; F008 distinct workstations used=1 [own~1 max1] [peer~1 n23] ; F009 hour of earliest logon in the week=1 ; F010 hour of latest logon in the week=20,misweighted,"No rule fired: no unmatched numbers, no speculative language, no causal-context pattern, and no clear evidence-gloss assertion; needs full manual judgement.",grounded,
e4f5ca67cebc_s004,e4f5ca67cebc,JAF0209,2010-W52,no,"R1,R5",2,2,"This week's activity for Jason Amery Franco, Director of ResearchAndEngineering_Government_Foreign, has been flagged due to evidence from triggered rules.",F001 logons outside working hours=8 [own~2.50 max6] ; F002 web requests=1330 [own~950 max1140] [peer~760 n23],F003 logon events=14 [own~9.50 max14] [peer~5 n23] ; F004 logons at the weekend=3 [own~0.50 max3] ; F005 days with recorded activity=7 [own~5 max7] [peer~4 n23] ; F006 file operations=5 [own~3 max8] [peer~1 n23] ; F007 removable device connections=0 [own~0 max0] ; F008 distinct workstations used=1 [own~1 max1] [peer~1 n23] ; F009 hour of earliest logon in the week=1 ; F010 hour of latest logon in the week=20,misweighted,"Main clause uses causal language and cites context-only fact (F005), not an evidence fact. Rule 4 fired.",grounded,
e4f5ca67cebc_s001,e4f5ca67cebc,JAF0209,2010-W52,no,"R1,R5",1,1,The week ending 2010-12-27 to 2010-01-02 was flagged due to evidence from triggered rules.,F001 logons outside working hours=8 [own~2.50 max6] ; F002 web requests=1330 [own~950 max1140] [peer~760 n23],F003 logon events=14 [own~9.50 max14] [peer~5 n23] ; F004 logons at the weekend=3 [own~0.50 max3] ; F005 days with recorded activity=7 [own~5 max7] [peer~4 n23] ; F006 file operations=5 [own~3 max8] [peer~1 n23] ; F007 removable device connections=0 [own~0 max0] ; F008 distinct workstations used=1 [own~1 max1] [peer~1 n23] ; F009 hour of earliest logon in the week=1 ; F010 hour of latest logon in the week=20,hallucinated,Text contains sub-week temporal claim (HH:MM / ISO date / day-of-week) unsupported by any week-level fact; rule 2 fired.,grounded,"Contains a malformed date range ('2010-12-27 to 2010-01-02', year wraps backward) but this is not checkable against facts[]. Kept grounded since no anomaly-relevant fact is misstated. Candidate for a future 'malformed but non-substantive' category."
e4f5ca67cebc_s006,e4f5ca67cebc,JAF0209,2010-W52,no,"R1,R5",1,1,"This suggests that Jason's activity was not only unusual but also significant, warranting further investigation.",F001 logons outside working hours=8 [own~2.50 max6] ; F002 web requests=1330 [own~950 max1140] [peer~760 n23],F003 logon events=14 [own~9.50 max14] [peer~5 n23] ; F004 logons at the weekend=3 [own~0.50 max3] ; F005 days with recorded activity=7 [own~5 max7] [peer~4 n23] ; F006 file operations=5 [own~3 max8] [peer~1 n23] ; F007 removable device connections=0 [own~0 max0] ; F008 distinct workstations used=1 [own~1 max1] [peer~1 n23] ; F009 hour of earliest logon in the week=1 ; F010 hour of latest logon in the week=20,grounded,"No rule fired: no unmatched numbers, no speculative language, no causal-context pattern, and no clear evidence-gloss assertion; needs full manual judgement.",unverifiable,
e4f5ca67cebc_s007,e4f5ca67cebc,JAF0209,2010-W52,no,"R1,R5",1,1,"Jason Amery Franco, a Director in the Research and Engineering department, had a week that triggered some alarm bells.",F001 logons outside working hours=8 [own~2.50 max6] ; F002 web requests=1330 [own~950 max1140] [peer~760 n23],F003 logon events=14 [own~9.50 max14] [peer~5 n23] ; F004 logons at the weekend=3 [own~0.50 max3] ; F005 days with recorded activity=7 [own~5 max7] [peer~4 n23] ; F006 file operations=5 [own~3 max8] [peer~1 n23] ; F007 removable device connections=0 [own~0 max0] ; F008 distinct workstations used=1 [own~1 max1] [peer~1 n23] ; F009 hour of earliest logon in the week=1 ; F010 hour of latest logon in the week=20,grounded,"No rule fired: no unmatched numbers, no speculative language, no causal-context pattern, and no clear evidence-gloss assertion; needs full manual judgement.",grounded,
ea3d0678f325_s002,ea3d0678f325,CDE1846,2011-W15,yes,"R3,R5",8,9,"The main evidence points are that he sent 50.06 MB of email attachments, which is far above his typical range of 9.49 MB, and also above the range of his peers in the same role.",F001 bytes of email attachments sent=50.06M [own~9.49M max21.08M] [peer~9.00M n366] ; F002 external email recipients=36 [own~11.50 max28] [peer~14 n366] ; F003 file operations=16 [own~2 max13] [peer~1 n366],F004 emails sent to at least one external recipient=29 [own~5.50 max18] [peer~8 n366] ; F005 emails sent=40 [own~14.50 max31] [peer~18 n366] ; F006 logon events=7 [own~5 max7] [peer~5 n366] ; F007 web requests=475 [own~475 max475] [peer~475 n366] ; F008 removable device connections=0 [own~0 max0] ; F009 distinct workstations used=3 [own~1 max3] [peer~1 n366] ; F010 days with recorded activity=5 [own~5 max5] [peer~5 n366] ; F011 hour of earliest logon in the week=8 ; F012 hour of latest logon in the week=17,grounded,"No rule fired: no unmatched numbers, no speculative language, no causal-context pattern, and no clear evidence-gloss assertion; needs full manual judgement.",grounded,
ea3d0678f325_s004,ea3d0678f325,CDE1846,2011-W15,yes,"R3,R5",5,6,"This unusual activity volume, combined with the large volume of attachment data sent to external recipients, prompted the triggered detection rules.",F001 bytes of email attachments sent=50.06M [own~9.49M max21.08M] [peer~9.00M n366] ; F002 external email recipients=36 [own~11.50 max28] [peer~14 n366] ; F003 file operations=16 [own~2 max13] [peer~1 n366],F004 emails sent to at least one external recipient=29 [own~5.50 max18] [peer~8 n366] ; F005 emails sent=40 [own~14.50 max31] [peer~18 n366] ; F006 logon events=7 [own~5 max7] [peer~5 n366] ; F007 web requests=475 [own~475 max475] [peer~475 n366] ; F008 removable device connections=0 [own~0 max0] ; F009 distinct workstations used=3 [own~1 max3] [peer~1 n366] ; F010 days with recorded activity=5 [own~5 max5] [peer~5 n366] ; F011 hour of earliest logon in the week=8 ; F012 hour of latest logon in the week=17,grounded,"No rule fired: no unmatched numbers, no speculative language, no causal-context pattern, and no clear evidence-gloss assertion; needs full manual judgement.",grounded,
ea3d0678f325_s008,ea3d0678f325,CDE1846,2011-W15,yes,"R3,R5",5,5,"Additionally, the overall activity volume is extremely high, with 16 file operations, which is far above their typical range of 2 and the average of 1 among same-role peers.",F001 bytes of email attachments sent=50.06M [own~9.49M max21.08M] [peer~9.00M n366] ; F002 external email recipients=36 [own~11.50 max28] [peer~14 n366] ; F003 file operations=16 [own~2 max13] [peer~1 n366],F004 emails sent to at least one external recipient=29 [own~5.50 max18] [peer~8 n366] ; F005 emails sent=40 [own~14.50 max31] [peer~18 n366] ; F006 logon events=7 [own~5 max7] [peer~5 n366] ; F007 web requests=475 [own~475 max475] [peer~475 n366] ; F008 removable device connections=0 [own~0 max0] ; F009 distinct workstations used=3 [own~1 max3] [peer~1 n366] ; F010 days with recorded activity=5 [own~5 max5] [peer~5 n366] ; F011 hour of earliest logon in the week=8 ; F012 hour of latest logon in the week=17,grounded,Main clause asserts evidence fact (F003) and all numbers trace to facts[]. Rule 1 fired.,grounded,
ea3d0678f325_s001,ea3d0678f325,CDE1846,2011-W15,yes,"R3,R5",4,4,"Carlos Dieter Ewing, an Electrical Engineer in the Research and Engineering department, had a week (2011-W15) that triggered our anomaly detection rules.",F001 bytes of email attachments sent=50.06M [own~9.49M max21.08M] [peer~9.00M n366] ; F002 external email recipients=36 [own~11.50 max28] [peer~14 n366] ; F003 file operations=16 [own~2 max13] [peer~1 n366],F004 emails sent to at least one external recipient=29 [own~5.50 max18] [peer~8 n366] ; F005 emails sent=40 [own~14.50 max31] [peer~18 n366] ; F006 logon events=7 [own~5 max7] [peer~5 n366] ; F007 web requests=475 [own~475 max475] [peer~475 n366] ; F008 removable device connections=0 [own~0 max0] ; F009 distinct workstations used=3 [own~1 max3] [peer~1 n366] ; F010 days with recorded activity=5 [own~5 max5] [peer~5 n366] ; F011 hour of earliest logon in the week=8 ; F012 hour of latest logon in the week=17,grounded,"No rule fired: no unmatched numbers, no speculative language, no causal-context pattern, and no clear evidence-gloss assertion; needs full manual judgement.",grounded,
ea3d0678f325_s003,ea3d0678f325,CDE1846,2011-W15,yes,"R3,R5",3,3,"Additionally, he performed 16 file operations, which is significantly higher than his typical 2 and far above the peer range of 1.",F001 bytes of email attachments sent=50.06M [own~9.49M max21.08M] [peer~9.00M n366] ; F002 external email recipients=36 [own~11.50 max28] [peer~14 n366] ; F003 file operations=16 [own~2 max13] [peer~1 n366],F004 emails sent to at least one external recipient=29 [own~5.50 max18] [peer~8 n366] ; F005 emails sent=40 [own~14.50 max31] [peer~18 n366] ; F006 logon events=7 [own~5 max7] [peer~5 n366] ; F007 web requests=475 [own~475 max475] [peer~475 n366] ; F008 removable device connections=0 [own~0 max0] ; F009 distinct workstations used=3 [own~1 max3] [peer~1 n366] ; F010 days with recorded activity=5 [own~5 max5] [peer~5 n366] ; F011 hour of earliest logon in the week=8 ; F012 hour of latest logon in the week=17,grounded,Main clause asserts evidence fact (F003) and all numbers trace to facts[]. Rule 1 fired.,grounded,
ea3d0678f325_s005,ea3d0678f325,CDE1846,2011-W15,yes,"R3,R5",3,3,This week's activity for user CDE1846 (Carlos Dieter Ewing) was flagged due to unusual evidence triggered by rules R3 and R5.,F001 bytes of email attachments sent=50.06M [own~9.49M max21.08M] [peer~9.00M n366] ; F002 external email recipients=36 [own~11.50 max28] [peer~14 n366] ; F003 file operations=16 [own~2 max13] [peer~1 n366],F004 emails sent to at least one external recipient=29 [own~5.50 max18] [peer~8 n366] ; F005 emails sent=40 [own~14.50 max31] [peer~18 n366] ; F006 logon events=7 [own~5 max7] [peer~5 n366] ; F007 web requests=475 [own~475 max475] [peer~475 n366] ; F008 removable device connections=0 [own~0 max0] ; F009 distinct workstations used=3 [own~1 max3] [peer~1 n366] ; F010 days with recorded activity=5 [own~5 max5] [peer~5 n366] ; F011 hour of earliest logon in the week=8 ; F012 hour of latest logon in the week=17,grounded,"Main clause uses causal language and cites context-only fact (F010), not an evidence fact. Rule 4 fired.",grounded,
ea3d0678f325_s006,ea3d0678f325,CDE1846,2011-W15,yes,"R3,R5",2,3,"Additionally, Carlos sent files to 16 recipients, which is significantly higher than their typical volume of 2 file operations and far above the peer average of 1.",F001 bytes of email attachments sent=50.06M [own~9.49M max21.08M] [peer~9.00M n366] ; F002 external email recipients=36 [own~11.50 max28] [peer~14 n366] ; F003 file operations=16 [own~2 max13] [peer~1 n366],F004 emails sent to at least one external recipient=29 [own~5.50 max18] [peer~8 n366] ; F005 emails sent=40 [own~14.50 max31] [peer~18 n366] ; F006 logon events=7 [own~5 max7] [peer~5 n366] ; F007 web requests=475 [own~475 max475] [peer~475 n366] ; F008 removable device connections=0 [own~0 max0] ; F009 distinct workstations used=3 [own~1 max3] [peer~1 n366] ; F010 days with recorded activity=5 [own~5 max5] [peer~5 n366] ; F011 hour of earliest logon in the week=8 ; F012 hour of latest logon in the week=17,grounded,"Main clause asserts evidence fact (F002, F003) and all numbers trace to facts[]. Rule 1 fired.",hallucinated,Fact-mixing: attributes '16 recipients' when 16 is actually F003 (file operations); real recipient count is F002=36. Two distinct facts merged into one incoherent claim.
ea3d0678f325_s007,ea3d0678f325,CDE1846,2011-W15,yes,"R3,R5",2,1,The week of 2011-W15 was flagged due to unusual activity patterns.,F001 bytes of email attachments sent=50.06M [own~9.49M max21.08M] [peer~9.00M n366] ; F002 external email recipients=36 [own~11.50 max28] [peer~14 n366] ; F003 file operations=16 [own~2 max13] [peer~1 n366],F004 emails sent to at least one external recipient=29 [own~5.50 max18] [peer~8 n366] ; F005 emails sent=40 [own~14.50 max31] [peer~18 n366] ; F006 logon events=7 [own~5 max7] [peer~5 n366] ; F007 web requests=475 [own~475 max475] [peer~475 n366] ; F008 removable device connections=0 [own~0 max0] ; F009 distinct workstations used=3 [own~1 max3] [peer~1 n366] ; F010 days with recorded activity=5 [own~5 max5] [peer~5 n366] ; F011 hour of earliest logon in the week=8 ; F012 hour of latest logon in the week=17,grounded,"Main clause uses causal language and cites context-only fact (F010), not an evidence fact. Rule 4 fired.",grounded,
ea3d0678f325_s009,ea3d0678f325,CDE1846,2011-W15,yes,"R3,R5",1,1,"This suggests that Carlos Dieter Ewing's activity was unusually intense and focused on external communication and file operations, warranting further review.",F001 bytes of email attachments sent=50.06M [own~9.49M max21.08M] [peer~9.00M n366] ; F002 external email recipients=36 [own~11.50 max28] [peer~14 n366] ; F003 file operations=16 [own~2 max13] [peer~1 n366],F004 emails sent to at least one external recipient=29 [own~5.50 max18] [peer~8 n366] ; F005 emails sent=40 [own~14.50 max31] [peer~18 n366] ; F006 logon events=7 [own~5 max7] [peer~5 n366] ; F007 web requests=475 [own~475 max475] [peer~475 n366] ; F008 removable device connections=0 [own~0 max0] ; F009 distinct workstations used=3 [own~1 max3] [peer~1 n366] ; F010 days with recorded activity=5 [own~5 max5] [peer~5 n366] ; F011 hour of earliest logon in the week=8 ; F012 hour of latest logon in the week=17,grounded,"Main clause asserts evidence fact (F002, F003) and all numbers trace to facts[]. Rule 1 fired.",unverifiable,
ea3d0678f325_s010,ea3d0678f325,CDE1846,2011-W15,yes,"R3,R5",1,1,"These two factors have triggered detection rules R3 and R5, respectively.",F001 bytes of email attachments sent=50.06M [own~9.49M max21.08M] [peer~9.00M n366] ; F002 external email recipients=36 [own~11.50 max28] [peer~14 n366] ; F003 file operations=16 [own~2 max13] [peer~1 n366],F004 emails sent to at least one external recipient=29 [own~5.50 max18] [peer~8 n366] ; F005 emails sent=40 [own~14.50 max31] [peer~18 n366] ; F006 logon events=7 [own~5 max7] [peer~5 n366] ; F007 web requests=475 [own~475 max475] [peer~475 n366] ; F008 removable device connections=0 [own~0 max0] ; F009 distinct workstations used=3 [own~1 max3] [peer~1 n366] ; F010 days with recorded activity=5 [own~5 max5] [peer~5 n366] ; F011 hour of earliest logon in the week=8 ; F012 hour of latest logon in the week=17,grounded,"No rule fired: no unmatched numbers, no speculative language, no causal-context pattern, and no clear evidence-gloss assertion; needs full manual judgement.",grounded,
