cluster_id,signal_id,user,period,malicious,rules,n_samples,n_variants,representative_text,evidence_facts,context_facts,suggested_label,suggested_rationale,suggestion_conflict,label,notes
06ffa8b234ef_s001,06ffa8b234ef,PJC1252,2010-W12,no,"R2,R4",6,6,The UEBA system flagged Pamela Julie Case (PJC1252) for the week of 2010-W12 due to evidence from two triggered rules.,F001 files copied to removable media=15 [own~1 max12] ; F002 visits to job-search sites=12 [own~0 max52] [peer~1 n85],F003 removable device connections=6 [own~1.50 max4] ; F004 removable device connections outside working hours=0 [own~0 max0] ; F005 file operations=32 [own~8 max25] ; F006 visits to leak-publication sites=0 [own~0 max0] ; F007 visits to cloud-storage sites=17 [own~13 max38] [peer~1 n85] ; F008 distinct web domains visited=85 [own~72.50 max87] [peer~75 n85] ; F009 distinct workstations used=2 [own~1 max3] [peer~1 n85] ; F010 days with recorded activity=7 [own~6 max7] [peer~5 n85] ; F011 hour of earliest logon in the week=0 ; F012 hour of latest logon in the week=16,grounded,"No rule fired: no unmatched numbers, no speculative language, no causal-context pattern, and no clear evidence-gloss assertion; needs full manual judgement.",,grounded,Resolved after initial pass to close a slice-boundary gap in review.
06ffa8b234ef_s002,06ffa8b234ef,PJC1252,2010-W12,no,"R2,R4",6,6,"The most significant evidence is the elevated number of files copied to removable media (15), which is clearly above her usual range and suggests a potential data exfiltration attempt.",F001 files copied to removable media=15 [own~1 max12] ; F002 visits to job-search sites=12 [own~0 max52] [peer~1 n85],F003 removable device connections=6 [own~1.50 max4] ; F004 removable device connections outside working hours=0 [own~0 max0] ; F005 file operations=32 [own~8 max25] ; F006 visits to leak-publication sites=0 [own~0 max0] ; F007 visits to cloud-storage sites=17 [own~13 max38] [peer~1 n85] ; F008 distinct web domains visited=85 [own~72.50 max87] [peer~75 n85] ; F009 distinct workstations used=2 [own~1 max3] [peer~1 n85] ; F010 days with recorded activity=7 [own~6 max7] [peer~5 n85] ; F011 hour of earliest logon in the week=0 ; F012 hour of latest logon in the week=16,misweighted,Main clause asserts evidence fact (F001) and all numbers trace to facts[]. Rule 1 fired.,,grounded,
06ffa8b234ef_s003,06ffa8b234ef,PJC1252,2010-W12,no,"R2,R4",5,5,"Additionally, the unusual browsing to job-search sites (12) is far above her typical activity and exceeds the average among peers in her role.",F001 files copied to removable media=15 [own~1 max12] ; F002 visits to job-search sites=12 [own~0 max52] [peer~1 n85],F003 removable device connections=6 [own~1.50 max4] ; F004 removable device connections outside working hours=0 [own~0 max0] ; F005 file operations=32 [own~8 max25] ; F006 visits to leak-publication sites=0 [own~0 max0] ; F007 visits to cloud-storage sites=17 [own~13 max38] [peer~1 n85] ; F008 distinct web domains visited=85 [own~72.50 max87] [peer~75 n85] ; F009 distinct workstations used=2 [own~1 max3] [peer~1 n85] ; F010 days with recorded activity=7 [own~6 max7] [peer~5 n85] ; F011 hour of earliest logon in the week=0 ; F012 hour of latest logon in the week=16,grounded,"No rule fired: no unmatched numbers, no speculative language, no causal-context pattern, and no clear evidence-gloss assertion; needs full manual judgement.",,grounded,
06ffa8b234ef_s004,06ffa8b234ef,PJC1252,2010-W12,no,"R2,R4",4,4,"Rule R2 was triggered due to an elevated number of files copied to removable media, with 15 files copied, which is clearly above their usual range of 1.",F001 files copied to removable media=15 [own~1 max12] ; F002 visits to job-search sites=12 [own~0 max52] [peer~1 n85],F003 removable device connections=6 [own~1.50 max4] ; F004 removable device connections outside working hours=0 [own~0 max0] ; F005 file operations=32 [own~8 max25] ; F006 visits to leak-publication sites=0 [own~0 max0] ; F007 visits to cloud-storage sites=17 [own~13 max38] [peer~1 n85] ; F008 distinct web domains visited=85 [own~72.50 max87] [peer~75 n85] ; F009 distinct workstations used=2 [own~1 max3] [peer~1 n85] ; F010 days with recorded activity=7 [own~6 max7] [peer~5 n85] ; F011 hour of earliest logon in the week=0 ; F012 hour of latest logon in the week=16,grounded,Main clause asserts evidence fact (F001) and all numbers trace to facts[]. Rule 1 fired.,,grounded,
06ffa8b234ef_s007,06ffa8b234ef,PJC1252,2010-W12,no,"R2,R4",3,3,"PJC1252, a software developer, has been flagged for an unusual week.",F001 files copied to removable media=15 [own~1 max12] ; F002 visits to job-search sites=12 [own~0 max52] [peer~1 n85],F003 removable device connections=6 [own~1.50 max4] ; F004 removable device connections outside working hours=0 [own~0 max0] ; F005 file operations=32 [own~8 max25] ; F006 visits to leak-publication sites=0 [own~0 max0] ; F007 visits to cloud-storage sites=17 [own~13 max38] [peer~1 n85] ; F008 distinct web domains visited=85 [own~72.50 max87] [peer~75 n85] ; F009 distinct workstations used=2 [own~1 max3] [peer~1 n85] ; F010 days with recorded activity=7 [own~6 max7] [peer~5 n85] ; F011 hour of earliest logon in the week=0 ; F012 hour of latest logon in the week=16,grounded,"No rule fired: no unmatched numbers, no speculative language, no causal-context pattern, and no clear evidence-gloss assertion; needs full manual judgement.",,grounded,
06ffa8b234ef_s009,06ffa8b234ef,PJC1252,2010-W12,no,"R2,R4",2,2,"The second anomaly is an atypical number of visits to job-search or leak-publication sites, with 12 visits, which is far above their typical range of 0 and above the peer range of 1 across 85 peers in the same role.",F001 files copied to removable media=15 [own~1 max12] ; F002 visits to job-search sites=12 [own~0 max52] [peer~1 n85],F003 removable device connections=6 [own~1.50 max4] ; F004 removable device connections outside working hours=0 [own~0 max0] ; F005 file operations=32 [own~8 max25] ; F006 visits to leak-publication sites=0 [own~0 max0] ; F007 visits to cloud-storage sites=17 [own~13 max38] [peer~1 n85] ; F008 distinct web domains visited=85 [own~72.50 max87] [peer~75 n85] ; F009 distinct workstations used=2 [own~1 max3] [peer~1 n85] ; F010 days with recorded activity=7 [own~6 max7] [peer~5 n85] ; F011 hour of earliest logon in the week=0 ; F012 hour of latest logon in the week=16,grounded,"No rule fired: no unmatched numbers, no speculative language, no causal-context pattern, and no clear evidence-gloss assertion; needs full manual judgement.",,grounded,
06ffa8b234ef_s005,06ffa8b234ef,PJC1252,2010-W12,no,"R2,R4",1,2,This suggests that Pamela may be preparing or sharing materials outside of her typical workflow.,F001 files copied to removable media=15 [own~1 max12] ; F002 visits to job-search sites=12 [own~0 max52] [peer~1 n85],F003 removable device connections=6 [own~1.50 max4] ; F004 removable device connections outside working hours=0 [own~0 max0] ; F005 file operations=32 [own~8 max25] ; F006 visits to leak-publication sites=0 [own~0 max0] ; F007 visits to cloud-storage sites=17 [own~13 max38] [peer~1 n85] ; F008 distinct web domains visited=85 [own~72.50 max87] [peer~75 n85] ; F009 distinct workstations used=2 [own~1 max3] [peer~1 n85] ; F010 days with recorded activity=7 [own~6 max7] [peer~5 n85] ; F011 hour of earliest logon in the week=0 ; F012 hour of latest logon in the week=16,unverifiable,Sentence contains speculative/hedge language ('may be'); neither matches nor contradicts any fact; rule 5 fired.,,unverifiable,
06ffa8b234ef_s006,06ffa8b234ef,PJC1252,2010-W12,no,"R2,R4",1,1,"Rule R4 was also triggered due to an atypical number of visits to job-search or leak-publication sites, with 12 visits, which is far above the range of 0 typical for her role.",F001 files copied to removable media=15 [own~1 max12] ; F002 visits to job-search sites=12 [own~0 max52] [peer~1 n85],F003 removable device connections=6 [own~1.50 max4] ; F004 removable device connections outside working hours=0 [own~0 max0] ; F005 file operations=32 [own~8 max25] ; F006 visits to leak-publication sites=0 [own~0 max0] ; F007 visits to cloud-storage sites=17 [own~13 max38] [peer~1 n85] ; F008 distinct web domains visited=85 [own~72.50 max87] [peer~75 n85] ; F009 distinct workstations used=2 [own~1 max3] [peer~1 n85] ; F010 days with recorded activity=7 [own~6 max7] [peer~5 n85] ; F011 hour of earliest logon in the week=0 ; F012 hour of latest logon in the week=16,grounded,"No rule fired: no unmatched numbers, no speculative language, no causal-context pattern, and no clear evidence-gloss assertion; needs full manual judgement.",,grounded,
06ffa8b234ef_s008,06ffa8b234ef,PJC1252,2010-W12,no,"R2,R4",1,1,"This suggests that PJC1252 may be transferring data to an external device, which is unusual for their role as a Software Developer.",F001 files copied to removable media=15 [own~1 max12] ; F002 visits to job-search sites=12 [own~0 max52] [peer~1 n85],F003 removable device connections=6 [own~1.50 max4] ; F004 removable device connections outside working hours=0 [own~0 max0] ; F005 file operations=32 [own~8 max25] ; F006 visits to leak-publication sites=0 [own~0 max0] ; F007 visits to cloud-storage sites=17 [own~13 max38] [peer~1 n85] ; F008 distinct web domains visited=85 [own~72.50 max87] [peer~75 n85] ; F009 distinct workstations used=2 [own~1 max3] [peer~1 n85] ; F010 days with recorded activity=7 [own~6 max7] [peer~5 n85] ; F011 hour of earliest logon in the week=0 ; F012 hour of latest logon in the week=16,unverifiable,Sentence contains speculative/hedge language ('may be'); neither matches nor contradicts any fact; rule 5 fired.,,unverifiable,
06ffa8b234ef_s010,06ffa8b234ef,PJC1252,2010-W12,no,"R2,R4",1,1,This could indicate that PJC1252 is searching for a new job or considering sharing sensitive information.,F001 files copied to removable media=15 [own~1 max12] ; F002 visits to job-search sites=12 [own~0 max52] [peer~1 n85],F003 removable device connections=6 [own~1.50 max4] ; F004 removable device connections outside working hours=0 [own~0 max0] ; F005 file operations=32 [own~8 max25] ; F006 visits to leak-publication sites=0 [own~0 max0] ; F007 visits to cloud-storage sites=17 [own~13 max38] [peer~1 n85] ; F008 distinct web domains visited=85 [own~72.50 max87] [peer~75 n85] ; F009 distinct workstations used=2 [own~1 max3] [peer~1 n85] ; F010 days with recorded activity=7 [own~6 max7] [peer~5 n85] ; F011 hour of earliest logon in the week=0 ; F012 hour of latest logon in the week=16,unverifiable,Sentence contains speculative/hedge language ('could indicate'); neither matches nor contradicts any fact; rule 5 fired.,,unverifiable,
06ffa8b234ef_s011,06ffa8b234ef,PJC1252,2010-W12,no,"R2,R4",1,1,The UEBA system detected two anomalies that triggered rules: an elevated number of files copied to removable media and browsing to job-search or leak-publication sites atypical for her role.,F001 files copied to removable media=15 [own~1 max12] ; F002 visits to job-search sites=12 [own~0 max52] [peer~1 n85],F003 removable device connections=6 [own~1.50 max4] ; F004 removable device connections outside working hours=0 [own~0 max0] ; F005 file operations=32 [own~8 max25] ; F006 visits to leak-publication sites=0 [own~0 max0] ; F007 visits to cloud-storage sites=17 [own~13 max38] [peer~1 n85] ; F008 distinct web domains visited=85 [own~72.50 max87] [peer~75 n85] ; F009 distinct workstations used=2 [own~1 max3] [peer~1 n85] ; F010 days with recorded activity=7 [own~6 max7] [peer~5 n85] ; F011 hour of earliest logon in the week=0 ; F012 hour of latest logon in the week=16,grounded,"Main clause asserts evidence fact (F001, F002) and all numbers trace to facts[]. Rule 1 fired.",,grounded,
06ffa8b234ef_s012,06ffa8b234ef,PJC1252,2010-W12,no,"R2,R4",1,1,"This week, PJC1252's (Pamela Julie Case) behavior was flagged due to elevated file copying to removable media and atypical browsing to job-search and leak-publication sites.",F001 files copied to removable media=15 [own~1 max12] ; F002 visits to job-search sites=12 [own~0 max52] [peer~1 n85],F003 removable device connections=6 [own~1.50 max4] ; F004 removable device connections outside working hours=0 [own~0 max0] ; F005 file operations=32 [own~8 max25] ; F006 visits to leak-publication sites=0 [own~0 max0] ; F007 visits to cloud-storage sites=17 [own~13 max38] [peer~1 n85] ; F008 distinct web domains visited=85 [own~72.50 max87] [peer~75 n85] ; F009 distinct workstations used=2 [own~1 max3] [peer~1 n85] ; F010 days with recorded activity=7 [own~6 max7] [peer~5 n85] ; F011 hour of earliest logon in the week=0 ; F012 hour of latest logon in the week=16,grounded,"No rule fired: no unmatched numbers, no speculative language, no causal-context pattern, and no clear evidence-gloss assertion; needs full manual judgement.",,grounded,
06ffa8b234ef_s013,06ffa8b234ef,PJC1252,2010-W12,no,"R2,R4",1,1,This is the primary driver for the detection.,F001 files copied to removable media=15 [own~1 max12] ; F002 visits to job-search sites=12 [own~0 max52] [peer~1 n85],F003 removable device connections=6 [own~1.50 max4] ; F004 removable device connections outside working hours=0 [own~0 max0] ; F005 file operations=32 [own~8 max25] ; F006 visits to leak-publication sites=0 [own~0 max0] ; F007 visits to cloud-storage sites=17 [own~13 max38] [peer~1 n85] ; F008 distinct web domains visited=85 [own~72.50 max87] [peer~75 n85] ; F009 distinct workstations used=2 [own~1 max3] [peer~1 n85] ; F010 days with recorded activity=7 [own~6 max7] [peer~5 n85] ; F011 hour of earliest logon in the week=0 ; F012 hour of latest logon in the week=16,misweighted,"No rule fired: no unmatched numbers, no speculative language, no causal-context pattern, and no clear evidence-gloss assertion; needs full manual judgement.",,grounded,
0ec64e3f86ed_s003,0ec64e3f86ed,SCH3858,2010-W09,no,R4,9,9,"The evidence suggests that SCH3858 visited job-search sites 45 times, which is significantly above their usual range of 27.50 and far above the range of their peers in the same role (1).",F001 visits to job-search sites=45 [own~27.50 max65] [peer~1 n91],F002 visits to leak-publication sites=0 [own~0 max0] ; F003 visits to cloud-storage sites=8 [own~8.50 max13] [peer~4 n91] ; F004 distinct web domains visited=65 [own~55 max59] [peer~72 n91] ; F005 distinct workstations used=1 [own~1 max1] [peer~1 n91] ; F006 days with recorded activity=5 [own~5 max5] [peer~5 n91] ; F007 hour of earliest logon in the week=7 ; F008 hour of latest logon in the week=8,grounded,"No rule fired: no unmatched numbers, no speculative language, no causal-context pattern, and no clear evidence-gloss assertion; needs full manual judgement.",,grounded,
0ec64e3f86ed_s002,0ec64e3f86ed,SCH3858,2010-W09,no,R4,5,5,"This week's activity for SCH3858, a Security Guard, has triggered detection rule R4 due to atypical browsing behavior.",F001 visits to job-search sites=45 [own~27.50 max65] [peer~1 n91],F002 visits to leak-publication sites=0 [own~0 max0] ; F003 visits to cloud-storage sites=8 [own~8.50 max13] [peer~4 n91] ; F004 distinct web domains visited=65 [own~55 max59] [peer~72 n91] ; F005 distinct workstations used=1 [own~1 max1] [peer~1 n91] ; F006 days with recorded activity=5 [own~5 max5] [peer~5 n91] ; F007 hour of earliest logon in the week=7 ; F008 hour of latest logon in the week=8,grounded,"Main clause uses causal language and cites context-only fact (F006), not an evidence fact. Rule 4 fired.",,grounded,
0ec64e3f86ed_s001,0ec64e3f86ed,SCH3858,2010-W09,no,R4,4,4,"The UEBA system flagged this week for Sebastian Cooper Hoffman due to atypical browsing behavior, specifically visiting job-search sites 45 times, which is significantly above their usual range of 27.50 and far above the range of same-role peers this week.",F001 visits to job-search sites=45 [own~27.50 max65] [peer~1 n91],F002 visits to leak-publication sites=0 [own~0 max0] ; F003 visits to cloud-storage sites=8 [own~8.50 max13] [peer~4 n91] ; F004 distinct web domains visited=65 [own~55 max59] [peer~72 n91] ; F005 distinct workstations used=1 [own~1 max1] [peer~1 n91] ; F006 days with recorded activity=5 [own~5 max5] [peer~5 n91] ; F007 hour of earliest logon in the week=7 ; F008 hour of latest logon in the week=8,grounded,"No rule fired: no unmatched numbers, no speculative language, no causal-context pattern, and no clear evidence-gloss assertion; needs full manual judgement.",,grounded,
0ec64e3f86ed_s008,0ec64e3f86ed,SCH3858,2010-W09,no,R4,2,2,This suggests that Sebastian Cooper Hoffman may be looking for a new job or considering a career change.,F001 visits to job-search sites=45 [own~27.50 max65] [peer~1 n91],F002 visits to leak-publication sites=0 [own~0 max0] ; F003 visits to cloud-storage sites=8 [own~8.50 max13] [peer~4 n91] ; F004 distinct web domains visited=65 [own~55 max59] [peer~72 n91] ; F005 distinct workstations used=1 [own~1 max1] [peer~1 n91] ; F006 days with recorded activity=5 [own~5 max5] [peer~5 n91] ; F007 hour of earliest logon in the week=7 ; F008 hour of latest logon in the week=8,unverifiable,Sentence contains speculative/hedge language ('may be'); neither matches nor contradicts any fact; rule 5 fired.,,unverifiable,
0ec64e3f86ed_s009,0ec64e3f86ed,SCH3858,2010-W09,no,R4,2,2,"This suggests that he may be searching for new job opportunities or exploring alternative career paths, which is unusual for someone in his role.",F001 visits to job-search sites=45 [own~27.50 max65] [peer~1 n91],F002 visits to leak-publication sites=0 [own~0 max0] ; F003 visits to cloud-storage sites=8 [own~8.50 max13] [peer~4 n91] ; F004 distinct web domains visited=65 [own~55 max59] [peer~72 n91] ; F005 distinct workstations used=1 [own~1 max1] [peer~1 n91] ; F006 days with recorded activity=5 [own~5 max5] [peer~5 n91] ; F007 hour of earliest logon in the week=7 ; F008 hour of latest logon in the week=8,unverifiable,Sentence contains speculative/hedge language ('may be'); neither matches nor contradicts any fact; rule 5 fired.,,unverifiable,
0ec64e3f86ed_s004,0ec64e3f86ed,SCH3858,2010-W09,no,R4,1,1,This anomaly is the primary reason for the week being flagged.,F001 visits to job-search sites=45 [own~27.50 max65] [peer~1 n91],F002 visits to leak-publication sites=0 [own~0 max0] ; F003 visits to cloud-storage sites=8 [own~8.50 max13] [peer~4 n91] ; F004 distinct web domains visited=65 [own~55 max59] [peer~72 n91] ; F005 distinct workstations used=1 [own~1 max1] [peer~1 n91] ; F006 days with recorded activity=5 [own~5 max5] [peer~5 n91] ; F007 hour of earliest logon in the week=7 ; F008 hour of latest logon in the week=8,grounded,"No rule fired: no unmatched numbers, no speculative language, no causal-context pattern, and no clear evidence-gloss assertion; needs full manual judgement.",,grounded,
0ec64e3f86ed_s005,0ec64e3f86ed,SCH3858,2010-W09,no,R4,1,1,This increase in job-search site visits is the primary reason for the triggered rule.,F001 visits to job-search sites=45 [own~27.50 max65] [peer~1 n91],F002 visits to leak-publication sites=0 [own~0 max0] ; F003 visits to cloud-storage sites=8 [own~8.50 max13] [peer~4 n91] ; F004 distinct web domains visited=65 [own~55 max59] [peer~72 n91] ; F005 distinct workstations used=1 [own~1 max1] [peer~1 n91] ; F006 days with recorded activity=5 [own~5 max5] [peer~5 n91] ; F007 hour of earliest logon in the week=7 ; F008 hour of latest logon in the week=8,grounded,"No rule fired: no unmatched numbers, no speculative language, no causal-context pattern, and no clear evidence-gloss assertion; needs full manual judgement.",,grounded,
0ec64e3f86ed_s006,0ec64e3f86ed,SCH3858,2010-W09,no,R4,1,1,This unusual behavior is the main reason for the triggered detection rules.,F001 visits to job-search sites=45 [own~27.50 max65] [peer~1 n91],F002 visits to leak-publication sites=0 [own~0 max0] ; F003 visits to cloud-storage sites=8 [own~8.50 max13] [peer~4 n91] ; F004 distinct web domains visited=65 [own~55 max59] [peer~72 n91] ; F005 distinct workstations used=1 [own~1 max1] [peer~1 n91] ; F006 days with recorded activity=5 [own~5 max5] [peer~5 n91] ; F007 hour of earliest logon in the week=7 ; F008 hour of latest logon in the week=8,grounded,"No rule fired: no unmatched numbers, no speculative language, no causal-context pattern, and no clear evidence-gloss assertion; needs full manual judgement.",,grounded,
0ec64e3f86ed_s007,0ec64e3f86ed,SCH3858,2010-W09,no,R4,1,1,"This is also far above the range of their peers in the same role, who averaged 1 visit this week.",F001 visits to job-search sites=45 [own~27.50 max65] [peer~1 n91],F002 visits to leak-publication sites=0 [own~0 max0] ; F003 visits to cloud-storage sites=8 [own~8.50 max13] [peer~4 n91] ; F004 distinct web domains visited=65 [own~55 max59] [peer~72 n91] ; F005 distinct workstations used=1 [own~1 max1] [peer~1 n91] ; F006 days with recorded activity=5 [own~5 max5] [peer~5 n91] ; F007 hour of earliest logon in the week=7 ; F008 hour of latest logon in the week=8,grounded,"No rule fired: no unmatched numbers, no speculative language, no causal-context pattern, and no clear evidence-gloss assertion; needs full manual judgement.",,grounded,
0ec64e3f86ed_s010,0ec64e3f86ed,SCH3858,2010-W09,no,R4,1,1,"This week, Sebastian Cooper Hoffman's browsing behavior is anomalous for his role as a Security Guard.",F001 visits to job-search sites=45 [own~27.50 max65] [peer~1 n91],F002 visits to leak-publication sites=0 [own~0 max0] ; F003 visits to cloud-storage sites=8 [own~8.50 max13] [peer~4 n91] ; F004 distinct web domains visited=65 [own~55 max59] [peer~72 n91] ; F005 distinct workstations used=1 [own~1 max1] [peer~1 n91] ; F006 days with recorded activity=5 [own~5 max5] [peer~5 n91] ; F007 hour of earliest logon in the week=7 ; F008 hour of latest logon in the week=8,grounded,"No rule fired: no unmatched numbers, no speculative language, no causal-context pattern, and no clear evidence-gloss assertion; needs full manual judgement.",,grounded,
107dcedee69e_s001,107dcedee69e,ACM2278,2010-W33,yes,R4,9,10,"ACM2278's week 2010-W33 activity is flagged due to evidence of atypical browsing to leak-publication sites, with 4 visits, which is a significant departure from their usual behavior over the past 12 weeks.",F001 visits to leak-publication sites=4 [NEW: unseen in prior 12wk],F002 visits to job-search sites=25 [own~25 max42] [peer~1 n223] ; F003 visits to cloud-storage sites=11 [own~9.50 max12] ; F004 distinct web domains visited=55 [own~53 max59] [peer~59 n223] ; F005 distinct workstations used=1 [own~1 max1] [peer~1 n223] ; F006 days with recorded activity=6 [own~5 max5] [peer~5 n223] ; F007 hour of earliest logon in the week=2 ; F008 hour of latest logon in the week=21,grounded,"No rule fired: no unmatched numbers, no speculative language, no causal-context pattern, and no clear evidence-gloss assertion; needs full manual judgement.",,grounded,
107dcedee69e_s002,107dcedee69e,ACM2278,2010-W33,yes,R4,6,6,"Notably, this user's browsing to job-search sites is unusually high, with 25 visits, significantly above their peers' average of 1 visit.",F001 visits to leak-publication sites=4 [NEW: unseen in prior 12wk],F002 visits to job-search sites=25 [own~25 max42] [peer~1 n223] ; F003 visits to cloud-storage sites=11 [own~9.50 max12] ; F004 distinct web domains visited=55 [own~53 max59] [peer~59 n223] ; F005 distinct workstations used=1 [own~1 max1] [peer~1 n223] ; F006 days with recorded activity=6 [own~5 max5] [peer~5 n223] ; F007 hour of earliest logon in the week=2 ; F008 hour of latest logon in the week=21,false precision,"No rule fired: no unmatched numbers, no speculative language, no causal-context pattern, and no clear evidence-gloss assertion; needs full manual judgement.",,misweighted,"Misweighted: states job-search visits (context fact, F002=25, exactly at own-typical) as if atypical, using a peer comparison to manufacture apparent significance. Real evidence is F001 (leak-site visits)."
107dcedee69e_s003,107dcedee69e,ACM2278,2010-W33,yes,R4,5,6,The week in question was flagged due to ACM2278's (Allen Cruz Mccoy) unusual browsing behavior.,F001 visits to leak-publication sites=4 [NEW: unseen in prior 12wk],F002 visits to job-search sites=25 [own~25 max42] [peer~1 n223] ; F003 visits to cloud-storage sites=11 [own~9.50 max12] ; F004 distinct web domains visited=55 [own~53 max59] [peer~59 n223] ; F005 distinct workstations used=1 [own~1 max1] [peer~1 n223] ; F006 days with recorded activity=6 [own~5 max5] [peer~5 n223] ; F007 hour of earliest logon in the week=2 ; F008 hour of latest logon in the week=21,grounded,"No rule fired: no unmatched numbers, no speculative language, no causal-context pattern, and no clear evidence-gloss assertion; needs full manual judgement.",,grounded,
107dcedee69e_s005,107dcedee69e,ACM2278,2010-W33,yes,R4,4,4,"This activity is not something we've seen from this user in the past 12 weeks, making it a notable anomaly.",F001 visits to leak-publication sites=4 [NEW: unseen in prior 12wk],F002 visits to job-search sites=25 [own~25 max42] [peer~1 n223] ; F003 visits to cloud-storage sites=11 [own~9.50 max12] ; F004 distinct web domains visited=55 [own~53 max59] [peer~59 n223] ; F005 distinct workstations used=1 [own~1 max1] [peer~1 n223] ; F006 days with recorded activity=6 [own~5 max5] [peer~5 n223] ; F007 hour of earliest logon in the week=2 ; F008 hour of latest logon in the week=21,grounded,"No rule fired: no unmatched numbers, no speculative language, no causal-context pattern, and no clear evidence-gloss assertion; needs full manual judgement.",,grounded,
107dcedee69e_s004,107dcedee69e,ACM2278,2010-W33,yes,R4,1,1,"The evidence points to four visits to leak-publication sites, which is atypical for a Salesman in the RegionalSales team.",F001 visits to leak-publication sites=4 [NEW: unseen in prior 12wk],F002 visits to job-search sites=25 [own~25 max42] [peer~1 n223] ; F003 visits to cloud-storage sites=11 [own~9.50 max12] ; F004 distinct web domains visited=55 [own~53 max59] [peer~59 n223] ; F005 distinct workstations used=1 [own~1 max1] [peer~1 n223] ; F006 days with recorded activity=6 [own~5 max5] [peer~5 n223] ; F007 hour of earliest logon in the week=2 ; F008 hour of latest logon in the week=21,grounded,Main clause asserts evidence fact (F001) and all numbers trace to facts[]. Rule 1 fired.,,grounded,
107dcedee69e_s006,107dcedee69e,ACM2278,2010-W33,yes,R4,1,1,"However, this activity is still within his typical range, suggesting that he may be looking for new job opportunities.",F001 visits to leak-publication sites=4 [NEW: unseen in prior 12wk],F002 visits to job-search sites=25 [own~25 max42] [peer~1 n223] ; F003 visits to cloud-storage sites=11 [own~9.50 max12] ; F004 distinct web domains visited=55 [own~53 max59] [peer~59 n223] ; F005 distinct workstations used=1 [own~1 max1] [peer~1 n223] ; F006 days with recorded activity=6 [own~5 max5] [peer~5 n223] ; F007 hour of earliest logon in the week=2 ; F008 hour of latest logon in the week=21,hallucinated,Sentence contains speculative/hedge language ('may be'); neither matches nor contradicts any fact; rule 5 fired.,,unverifiable,
107dcedee69e_s007,107dcedee69e,ACM2278,2010-W33,yes,R4,1,1,"Overall, the unusual browsing behavior warrants further investigation to understand the motivations behind this activity.",F001 visits to leak-publication sites=4 [NEW: unseen in prior 12wk],F002 visits to job-search sites=25 [own~25 max42] [peer~1 n223] ; F003 visits to cloud-storage sites=11 [own~9.50 max12] ; F004 distinct web domains visited=55 [own~53 max59] [peer~59 n223] ; F005 distinct workstations used=1 [own~1 max1] [peer~1 n223] ; F006 days with recorded activity=6 [own~5 max5] [peer~5 n223] ; F007 hour of earliest logon in the week=2 ; F008 hour of latest logon in the week=21,unverifiable,Sentence contains speculative/hedge language ('warrants further investigation'); neither matches nor contradicts any fact; rule 5 fired.,,unverifiable,
107dcedee69e_s008,107dcedee69e,ACM2278,2010-W33,yes,R4,1,1,"This anomaly is likely the most concerning aspect, as it suggests that the user may be searching for job opportunities or sharing sensitive information.",F001 visits to leak-publication sites=4 [NEW: unseen in prior 12wk],F002 visits to job-search sites=25 [own~25 max42] [peer~1 n223] ; F003 visits to cloud-storage sites=11 [own~9.50 max12] ; F004 distinct web domains visited=55 [own~53 max59] [peer~59 n223] ; F005 distinct workstations used=1 [own~1 max1] [peer~1 n223] ; F006 days with recorded activity=6 [own~5 max5] [peer~5 n223] ; F007 hour of earliest logon in the week=2 ; F008 hour of latest logon in the week=21,unverifiable,Sentence contains speculative/hedge language ('may be'); neither matches nor contradicts any fact; rule 5 fired.,,unverifiable,Resolved after initial pass to close a slice-boundary gap in review.
107dcedee69e_s009,107dcedee69e,ACM2278,2010-W33,yes,R4,1,1,"While they also visited job-search sites 25 times, this is actually within their usual range, and their activity in other areas, such as cloud-storage sites and web domains, was unremarkable.",F001 visits to leak-publication sites=4 [NEW: unseen in prior 12wk],F002 visits to job-search sites=25 [own~25 max42] [peer~1 n223] ; F003 visits to cloud-storage sites=11 [own~9.50 max12] ; F004 distinct web domains visited=55 [own~53 max59] [peer~59 n223] ; F005 distinct workstations used=1 [own~1 max1] [peer~1 n223] ; F006 days with recorded activity=6 [own~5 max5] [peer~5 n223] ; F007 hour of earliest logon in the week=2 ; F008 hour of latest logon in the week=21,grounded,"No rule fired: no unmatched numbers, no speculative language, no causal-context pattern, and no clear evidence-gloss assertion; needs full manual judgement.",,grounded,
107dcedee69e_s010,107dcedee69e,ACM2278,2010-W33,yes,R4,1,1,"This week, user ACM2278 (Allen Cruz Mccoy) triggered rule R4, which flags browsing to job-search or leak-publication sites as atypical for their role.",F001 visits to leak-publication sites=4 [NEW: unseen in prior 12wk],F002 visits to job-search sites=25 [own~25 max42] [peer~1 n223] ; F003 visits to cloud-storage sites=11 [own~9.50 max12] ; F004 distinct web domains visited=55 [own~53 max59] [peer~59 n223] ; F005 distinct workstations used=1 [own~1 max1] [peer~1 n223] ; F006 days with recorded activity=6 [own~5 max5] [peer~5 n223] ; F007 hour of earliest logon in the week=2 ; F008 hour of latest logon in the week=21,grounded,"No rule fired: no unmatched numbers, no speculative language, no causal-context pattern, and no clear evidence-gloss assertion; needs full manual judgement.",,grounded,
107dcedee69e_s011,107dcedee69e,ACM2278,2010-W33,yes,R4,1,1,This anomaly is particularly noteworthy since it is not characteristic of his role.,F001 visits to leak-publication sites=4 [NEW: unseen in prior 12wk],F002 visits to job-search sites=25 [own~25 max42] [peer~1 n223] ; F003 visits to cloud-storage sites=11 [own~9.50 max12] ; F004 distinct web domains visited=55 [own~53 max59] [peer~59 n223] ; F005 distinct workstations used=1 [own~1 max1] [peer~1 n223] ; F006 days with recorded activity=6 [own~5 max5] [peer~5 n223] ; F007 hour of earliest logon in the week=2 ; F008 hour of latest logon in the week=21,grounded,"No rule fired: no unmatched numbers, no speculative language, no causal-context pattern, and no clear evidence-gloss assertion; needs full manual judgement.",,grounded,
107dcedee69e_s012,107dcedee69e,ACM2278,2010-W33,yes,R4,1,1,"This behavior is not typical for him, as it hasn't been observed in the past 12 weeks.",F001 visits to leak-publication sites=4 [NEW: unseen in prior 12wk],F002 visits to job-search sites=25 [own~25 max42] [peer~1 n223] ; F003 visits to cloud-storage sites=11 [own~9.50 max12] ; F004 distinct web domains visited=55 [own~53 max59] [peer~59 n223] ; F005 distinct workstations used=1 [own~1 max1] [peer~1 n223] ; F006 days with recorded activity=6 [own~5 max5] [peer~5 n223] ; F007 hour of earliest logon in the week=2 ; F008 hour of latest logon in the week=21,false precision,"No rule fired: no unmatched numbers, no speculative language, no causal-context pattern, and no clear evidence-gloss assertion; needs full manual judgement.",,grounded,
1f003e84ecfb_s003,1f003e84ecfb,ILK3668,2011-W14,no,"R1,R2",8,8,"Additionally, 39 files were copied to removable media, significantly exceeding her typical range of 20.50.",F001 logons outside working hours=3 [own~0 max2] ; F002 files copied to removable media=39 [own~20.50 max38],F003 logon events=10 [own~9 max11] [peer~5 n33] ; F004 logons at the weekend=0 [own~0 max1] ; F005 days with recorded activity=5 [own~5 max6] [peer~5 n33] ; F006 removable device connections=6 [own~5 max10] ; F007 removable device connections outside working hours=0 [own~0 max0] ; F008 file operations=98 [own~60 max124] [peer~1 n33] ; F009 distinct workstations used=1 [own~1 max1] [peer~1 n33] ; F010 hour of earliest logon in the week=0 ; F011 hour of latest logon in the week=13,grounded,"No rule fired: no unmatched numbers, no speculative language, no causal-context pattern, and no clear evidence-gloss assertion; needs full manual judgement.",,grounded,
1f003e84ecfb_s002,1f003e84ecfb,ILK3668,2011-W14,no,"R1,R2",7,7,"Specifically, there were 3 logons outside working hours, which is above her usual range of 0.",F001 logons outside working hours=3 [own~0 max2] ; F002 files copied to removable media=39 [own~20.50 max38],F003 logon events=10 [own~9 max11] [peer~5 n33] ; F004 logons at the weekend=0 [own~0 max1] ; F005 days with recorded activity=5 [own~5 max6] [peer~5 n33] ; F006 removable device connections=6 [own~5 max10] ; F007 removable device connections outside working hours=0 [own~0 max0] ; F008 file operations=98 [own~60 max124] [peer~1 n33] ; F009 distinct workstations used=1 [own~1 max1] [peer~1 n33] ; F010 hour of earliest logon in the week=0 ; F011 hour of latest logon in the week=13,grounded,Main clause asserts evidence fact (F001) and all numbers trace to facts[]. Rule 1 fired.,,grounded,
1f003e84ecfb_s001,1f003e84ecfb,ILK3668,2011-W14,no,"R1,R2",5,5,Ingrid Liberty Kane's (ILK3668) activity was flagged for review due to unusual volume of logons outside her working hours and elevated number of files copied to removable media.,F001 logons outside working hours=3 [own~0 max2] ; F002 files copied to removable media=39 [own~20.50 max38],F003 logon events=10 [own~9 max11] [peer~5 n33] ; F004 logons at the weekend=0 [own~0 max1] ; F005 days with recorded activity=5 [own~5 max6] [peer~5 n33] ; F006 removable device connections=6 [own~5 max10] ; F007 removable device connections outside working hours=0 [own~0 max0] ; F008 file operations=98 [own~60 max124] [peer~1 n33] ; F009 distinct workstations used=1 [own~1 max1] [peer~1 n33] ; F010 hour of earliest logon in the week=0 ; F011 hour of latest logon in the week=13,grounded,"Main clause asserts evidence fact (F001, F002) and all numbers trace to facts[]. Rule 1 fired.",,grounded,
1f003e84ecfb_s004,1f003e84ecfb,ILK3668,2011-W14,no,"R1,R2",2,2,"This week's activity for User ILK3668, a StockroomClerk, has triggered two detection rules.",F001 logons outside working hours=3 [own~0 max2] ; F002 files copied to removable media=39 [own~20.50 max38],F003 logon events=10 [own~9 max11] [peer~5 n33] ; F004 logons at the weekend=0 [own~0 max1] ; F005 days with recorded activity=5 [own~5 max6] [peer~5 n33] ; F006 removable device connections=6 [own~5 max10] ; F007 removable device connections outside working hours=0 [own~0 max0] ; F008 file operations=98 [own~60 max124] [peer~1 n33] ; F009 distinct workstations used=1 [own~1 max1] [peer~1 n33] ; F010 hour of earliest logon in the week=0 ; F011 hour of latest logon in the week=13,grounded,"No rule fired: no unmatched numbers, no speculative language, no causal-context pattern, and no clear evidence-gloss assertion; needs full manual judgement.",,grounded,
1f003e84ecfb_s005,1f003e84ecfb,ILK3668,2011-W14,no,"R1,R2",2,2,The UEBA system flagged ILK3668's (Ingrid Liberty Kane) week (2011-W14) due to triggered rules.,F001 logons outside working hours=3 [own~0 max2] ; F002 files copied to removable media=39 [own~20.50 max38],F003 logon events=10 [own~9 max11] [peer~5 n33] ; F004 logons at the weekend=0 [own~0 max1] ; F005 days with recorded activity=5 [own~5 max6] [peer~5 n33] ; F006 removable device connections=6 [own~5 max10] ; F007 removable device connections outside working hours=0 [own~0 max0] ; F008 file operations=98 [own~60 max124] [peer~1 n33] ; F009 distinct workstations used=1 [own~1 max1] [peer~1 n33] ; F010 hour of earliest logon in the week=0 ; F011 hour of latest logon in the week=13,grounded,"No rule fired: no unmatched numbers, no speculative language, no causal-context pattern, and no clear evidence-gloss assertion; needs full manual judgement.",,grounded,
1f003e84ecfb_s007,1f003e84ecfb,ILK3668,2011-W14,no,"R1,R2",2,2,"This week, user ILK3668 (Ingrid Liberty Kane) triggered two anomaly detection rules.",F001 logons outside working hours=3 [own~0 max2] ; F002 files copied to removable media=39 [own~20.50 max38],F003 logon events=10 [own~9 max11] [peer~5 n33] ; F004 logons at the weekend=0 [own~0 max1] ; F005 days with recorded activity=5 [own~5 max6] [peer~5 n33] ; F006 removable device connections=6 [own~5 max10] ; F007 removable device connections outside working hours=0 [own~0 max0] ; F008 file operations=98 [own~60 max124] [peer~1 n33] ; F009 distinct workstations used=1 [own~1 max1] [peer~1 n33] ; F010 hour of earliest logon in the week=0 ; F011 hour of latest logon in the week=13,grounded,"No rule fired: no unmatched numbers, no speculative language, no causal-context pattern, and no clear evidence-gloss assertion; needs full manual judgement.",,grounded,
1f003e84ecfb_s008,1f003e84ecfb,ILK3668,2011-W14,no,"R1,R2",2,2,This elevated file copying to removable media suggests potential data exfiltration or unauthorized data transfer.,F001 logons outside working hours=3 [own~0 max2] ; F002 files copied to removable media=39 [own~20.50 max38],F003 logon events=10 [own~9 max11] [peer~5 n33] ; F004 logons at the weekend=0 [own~0 max1] ; F005 days with recorded activity=5 [own~5 max6] [peer~5 n33] ; F006 removable device connections=6 [own~5 max10] ; F007 removable device connections outside working hours=0 [own~0 max0] ; F008 file operations=98 [own~60 max124] [peer~1 n33] ; F009 distinct workstations used=1 [own~1 max1] [peer~1 n33] ; F010 hour of earliest logon in the week=0 ; F011 hour of latest logon in the week=13,unverifiable,"No rule fired: no unmatched numbers, no speculative language, no causal-context pattern, and no clear evidence-gloss assertion; needs full manual judgement.",,unverifiable,
1f003e84ecfb_s006,1f003e84ecfb,ILK3668,2011-W14,no,"R1,R2",1,1,"These values are clearly above Ingrid's usual range, indicating a potential anomaly that warrants further investigation.",F001 logons outside working hours=3 [own~0 max2] ; F002 files copied to removable media=39 [own~20.50 max38],F003 logon events=10 [own~9 max11] [peer~5 n33] ; F004 logons at the weekend=0 [own~0 max1] ; F005 days with recorded activity=5 [own~5 max6] [peer~5 n33] ; F006 removable device connections=6 [own~5 max10] ; F007 removable device connections outside working hours=0 [own~0 max0] ; F008 file operations=98 [own~60 max124] [peer~1 n33] ; F009 distinct workstations used=1 [own~1 max1] [peer~1 n33] ; F010 hour of earliest logon in the week=0 ; F011 hour of latest logon in the week=13,grounded,Sentence contains speculative/hedge language ('warrants further investigation'); neither matches nor contradicts any fact; rule 5 fired.,,grounded,
1f003e84ecfb_s009,1f003e84ecfb,ILK3668,2011-W14,no,"R1,R2",1,1,"The primary evidence for this comes from two unusual events: [F001] logons outside working hours, which occurred three times, and [F002] files copied to removable media, which reached 39, significantly above their typical range of 20.50.",F001 logons outside working hours=3 [own~0 max2] ; F002 files copied to removable media=39 [own~20.50 max38],F003 logon events=10 [own~9 max11] [peer~5 n33] ; F004 logons at the weekend=0 [own~0 max1] ; F005 days with recorded activity=5 [own~5 max6] [peer~5 n33] ; F006 removable device connections=6 [own~5 max10] ; F007 removable device connections outside working hours=0 [own~0 max0] ; F008 file operations=98 [own~60 max124] [peer~1 n33] ; F009 distinct workstations used=1 [own~1 max1] [peer~1 n33] ; F010 hour of earliest logon in the week=0 ; F011 hour of latest logon in the week=13,grounded,"Main clause asserts evidence fact (F001, F002) and all numbers trace to facts[]. Rule 1 fired.",,grounded,
30e15748717a_s001,30e15748717a,AVH0566,2010-W42,no,R1,10,17,"AVH0566's recent logon pattern suggests they have been consistently logging in within their typical working hours, with an average of 1 logon outside those hours.",F001 logons outside working hours=4 [own~1 max2],F002 logon events=9 [own~6 max7] [peer~5 n103] ; F003 logons at the weekend=0 [own~0 max0] ; F004 days with recorded activity=5 [own~5 max5] [peer~5 n103] ; F005 distinct workstations used=1 [own~1 max1] [peer~1 n103] ; F006 hour of earliest logon in the week=4 ; F007 hour of latest logon in the week=23,hallucinated,Sentence contains speculative/hedge language ('suggests they'); neither matches nor contradicts any fact; rule 5 fired.,,hallucinated,"Own/current value swap: cites own-typical figure (1) as if it were the current anomalous value, omitting the actual value (4). Distinct hallucination shape."
30e15748717a_s003,30e15748717a,AVH0566,2010-W42,no,R1,4,3,This anomaly is the primary evidence for the triggered rule.,F001 logons outside working hours=4 [own~1 max2],F002 logon events=9 [own~6 max7] [peer~5 n103] ; F003 logons at the weekend=0 [own~0 max0] ; F004 days with recorded activity=5 [own~5 max5] [peer~5 n103] ; F005 distinct workstations used=1 [own~1 max1] [peer~1 n103] ; F006 hour of earliest logon in the week=4 ; F007 hour of latest logon in the week=23,grounded,"No rule fired: no unmatched numbers, no speculative language, no causal-context pattern, and no clear evidence-gloss assertion; needs full manual judgement.",,grounded,
30e15748717a_s005,30e15748717a,AVH0566,2010-W42,no,R1,3,2,"Ariel Venus Hooper, a Systems Engineer, had an unusual week in terms of logon activity.",F001 logons outside working hours=4 [own~1 max2],F002 logon events=9 [own~6 max7] [peer~5 n103] ; F003 logons at the weekend=0 [own~0 max0] ; F004 days with recorded activity=5 [own~5 max5] [peer~5 n103] ; F005 distinct workstations used=1 [own~1 max1] [peer~1 n103] ; F006 hour of earliest logon in the week=4 ; F007 hour of latest logon in the week=23,hallucinated,"No rule fired: no unmatched numbers, no speculative language, no causal-context pattern, and no clear evidence-gloss assertion; needs full manual judgement.",,grounded,Resolved after initial pass to close a slice-boundary gap in review.
30e15748717a_s007,30e15748717a,AVH0566,2010-W42,no,R1,2,2,"This anomaly triggered rule R1, which flags unusual logon patterns.",F001 logons outside working hours=4 [own~1 max2],F002 logon events=9 [own~6 max7] [peer~5 n103] ; F003 logons at the weekend=0 [own~0 max0] ; F004 days with recorded activity=5 [own~5 max5] [peer~5 n103] ; F005 distinct workstations used=1 [own~1 max1] [peer~1 n103] ; F006 hour of earliest logon in the week=4 ; F007 hour of latest logon in the week=23,grounded,"No rule fired: no unmatched numbers, no speculative language, no causal-context pattern, and no clear evidence-gloss assertion; needs full manual judgement.",,grounded,
30e15748717a_s002,30e15748717a,AVH0566,2010-W42,no,R1,1,1,"This anomaly is particularly interesting given the absence of any other unusual activity, such as logons at the weekend or on different workstations.",F001 logons outside working hours=4 [own~1 max2],F002 logon events=9 [own~6 max7] [peer~5 n103] ; F003 logons at the weekend=0 [own~0 max0] ; F004 days with recorded activity=5 [own~5 max5] [peer~5 n103] ; F005 distinct workstations used=1 [own~1 max1] [peer~1 n103] ; F006 hour of earliest logon in the week=4 ; F007 hour of latest logon in the week=23,grounded,"No rule fired: no unmatched numbers, no speculative language, no causal-context pattern, and no clear evidence-gloss assertion; needs full manual judgement.",,grounded,
30e15748717a_s004,30e15748717a,AVH0566,2010-W42,no,R1,1,1,"This anomaly is most notable, as it stands out from the user's typical behavior.",F001 logons outside working hours=4 [own~1 max2],F002 logon events=9 [own~6 max7] [peer~5 n103] ; F003 logons at the weekend=0 [own~0 max0] ; F004 days with recorded activity=5 [own~5 max5] [peer~5 n103] ; F005 distinct workstations used=1 [own~1 max1] [peer~1 n103] ; F006 hour of earliest logon in the week=4 ; F007 hour of latest logon in the week=23,grounded,"No rule fired: no unmatched numbers, no speculative language, no causal-context pattern, and no clear evidence-gloss assertion; needs full manual judgement.",,grounded,
30e15748717a_s006,30e15748717a,AVH0566,2010-W42,no,R1,1,1,This spike in activity is notable and warrants further review to determine the cause.,F001 logons outside working hours=4 [own~1 max2],F002 logon events=9 [own~6 max7] [peer~5 n103] ; F003 logons at the weekend=0 [own~0 max0] ; F004 days with recorded activity=5 [own~5 max5] [peer~5 n103] ; F005 distinct workstations used=1 [own~1 max1] [peer~1 n103] ; F006 hour of earliest logon in the week=4 ; F007 hour of latest logon in the week=23,unverifiable,"No rule fired: no unmatched numbers, no speculative language, no causal-context pattern, and no clear evidence-gloss assertion; needs full manual judgement.",,grounded,
30e15748717a_s008,30e15748717a,AVH0566,2010-W42,no,R1,1,1,"While her overall logon events and days with recorded activity are within her typical range, the spike in logons outside her working hours warrants further review to determine the cause and potential impact on her work.",F001 logons outside working hours=4 [own~1 max2],F002 logon events=9 [own~6 max7] [peer~5 n103] ; F003 logons at the weekend=0 [own~0 max0] ; F004 days with recorded activity=5 [own~5 max5] [peer~5 n103] ; F005 distinct workstations used=1 [own~1 max1] [peer~1 n103] ; F006 hour of earliest logon in the week=4 ; F007 hour of latest logon in the week=23,unverifiable,"No rule fired: no unmatched numbers, no speculative language, no causal-context pattern, and no clear evidence-gloss assertion; needs full manual judgement.",,grounded,Compound sentence: subordinate context clause + main evidence clause. Labelled per the main-clause rule: grounded.
67ba247283ed_s007,67ba247283ed,CMP2946,2011-W07,yes,R4,8,8,"The primary evidence is the significant increase in visits to job-search sites, with 21 visits this week, far above their usual range and exceeding the typical number among peers in this role.",F001 visits to job-search sites=21 [own~0 max13] [peer~3 n70],F002 visits to leak-publication sites=0 [own~0 max0] ; F003 visits to cloud-storage sites=25 [own~13 max41] ; F004 distinct web domains visited=43 [own~33.50 max44] [peer~55.50 n70] ; F005 distinct workstations used=2 [own~1.50 max3] [peer~1 n70] ; F006 days with recorded activity=5 [own~5 max5] [peer~5 n70] ; F007 hour of earliest logon in the week=8 ; F008 hour of latest logon in the week=14,grounded,Main clause asserts evidence fact (F001) and all numbers trace to facts[]. Rule 1 fired.,,grounded,
67ba247283ed_s001,67ba247283ed,CMP2946,2011-W07,yes,R4,6,6,"Chandler Martin Page, a salesman in the Regional Sales team, has been flagged for an anomaly in his browsing behavior.",F001 visits to job-search sites=21 [own~0 max13] [peer~3 n70],F002 visits to leak-publication sites=0 [own~0 max0] ; F003 visits to cloud-storage sites=25 [own~13 max41] ; F004 distinct web domains visited=43 [own~33.50 max44] [peer~55.50 n70] ; F005 distinct workstations used=2 [own~1.50 max3] [peer~1 n70] ; F006 days with recorded activity=5 [own~5 max5] [peer~5 n70] ; F007 hour of earliest logon in the week=8 ; F008 hour of latest logon in the week=14,grounded,"No rule fired: no unmatched numbers, no speculative language, no causal-context pattern, and no clear evidence-gloss assertion; needs full manual judgement.",,grounded,
67ba247283ed_s009,67ba247283ed,CMP2946,2011-W07,yes,R4,5,5,"This anomaly is most concerning, as it suggests that CMP2946 may be considering a job change or seeking to access job-search resources outside of normal company activities.",F001 visits to job-search sites=21 [own~0 max13] [peer~3 n70],F002 visits to leak-publication sites=0 [own~0 max0] ; F003 visits to cloud-storage sites=25 [own~13 max41] ; F004 distinct web domains visited=43 [own~33.50 max44] [peer~55.50 n70] ; F005 distinct workstations used=2 [own~1.50 max3] [peer~1 n70] ; F006 days with recorded activity=5 [own~5 max5] [peer~5 n70] ; F007 hour of earliest logon in the week=8 ; F008 hour of latest logon in the week=14,unverifiable,Sentence contains speculative/hedge language ('may be'); neither matches nor contradicts any fact; rule 5 fired.,,unverifiable,
67ba247283ed_s006,67ba247283ed,CMP2946,2011-W07,yes,R4,3,3,"This week's activity for user CMP2946, a salesman in the Regional Sales team, has triggered rule R4.",F001 visits to job-search sites=21 [own~0 max13] [peer~3 n70],F002 visits to leak-publication sites=0 [own~0 max0] ; F003 visits to cloud-storage sites=25 [own~13 max41] ; F004 distinct web domains visited=43 [own~33.50 max44] [peer~55.50 n70] ; F005 distinct workstations used=2 [own~1.50 max3] [peer~1 n70] ; F006 days with recorded activity=5 [own~5 max5] [peer~5 n70] ; F007 hour of earliest logon in the week=8 ; F008 hour of latest logon in the week=14,grounded,"No rule fired: no unmatched numbers, no speculative language, no causal-context pattern, and no clear evidence-gloss assertion; needs full manual judgement.",,grounded,
67ba247283ed_s004,67ba247283ed,CMP2946,2011-W07,yes,R4,2,2,"Additionally, his browsing activity is significantly higher than that of his peers in the same role.",F001 visits to job-search sites=21 [own~0 max13] [peer~3 n70],F002 visits to leak-publication sites=0 [own~0 max0] ; F003 visits to cloud-storage sites=25 [own~13 max41] ; F004 distinct web domains visited=43 [own~33.50 max44] [peer~55.50 n70] ; F005 distinct workstations used=2 [own~1.50 max3] [peer~1 n70] ; F006 days with recorded activity=5 [own~5 max5] [peer~5 n70] ; F007 hour of earliest logon in the week=8 ; F008 hour of latest logon in the week=14,grounded,"No rule fired: no unmatched numbers, no speculative language, no causal-context pattern, and no clear evidence-gloss assertion; needs full manual judgement.",,grounded,
67ba247283ed_s008,67ba247283ed,CMP2946,2011-W07,yes,R4,2,2,"This anomaly is particularly noteworthy given that there is no corresponding increase in visits to leak-publication sites, which suggests that this activity is not related to a general trend of seeking sensitive information.",F001 visits to job-search sites=21 [own~0 max13] [peer~3 n70],F002 visits to leak-publication sites=0 [own~0 max0] ; F003 visits to cloud-storage sites=25 [own~13 max41] ; F004 distinct web domains visited=43 [own~33.50 max44] [peer~55.50 n70] ; F005 distinct workstations used=2 [own~1.50 max3] [peer~1 n70] ; F006 days with recorded activity=5 [own~5 max5] [peer~5 n70] ; F007 hour of earliest logon in the week=8 ; F008 hour of latest logon in the week=14,grounded,"No rule fired: no unmatched numbers, no speculative language, no causal-context pattern, and no clear evidence-gloss assertion; needs full manual judgement.",,grounded,
67ba247283ed_s002,67ba247283ed,CMP2946,2011-W07,yes,R4,1,1,"The triggered rule, R4, suggests that his visits to job-search sites are atypical for his role.",F001 visits to job-search sites=21 [own~0 max13] [peer~3 n70],F002 visits to leak-publication sites=0 [own~0 max0] ; F003 visits to cloud-storage sites=25 [own~13 max41] ; F004 distinct web domains visited=43 [own~33.50 max44] [peer~55.50 n70] ; F005 distinct workstations used=2 [own~1.50 max3] [peer~1 n70] ; F006 days with recorded activity=5 [own~5 max5] [peer~5 n70] ; F007 hour of earliest logon in the week=8 ; F008 hour of latest logon in the week=14,grounded,Main clause asserts evidence fact (F001) and all numbers trace to facts[]. Rule 1 fired.,,grounded,
67ba247283ed_s003,67ba247283ed,CMP2946,2011-W07,yes,R4,1,1,"This is particularly notable since his usual range is 0, and this week's count of 21 is far above his usual range.",F001 visits to job-search sites=21 [own~0 max13] [peer~3 n70],F002 visits to leak-publication sites=0 [own~0 max0] ; F003 visits to cloud-storage sites=25 [own~13 max41] ; F004 distinct web domains visited=43 [own~33.50 max44] [peer~55.50 n70] ; F005 distinct workstations used=2 [own~1.50 max3] [peer~1 n70] ; F006 days with recorded activity=5 [own~5 max5] [peer~5 n70] ; F007 hour of earliest logon in the week=8 ; F008 hour of latest logon in the week=14,grounded,"No rule fired: no unmatched numbers, no speculative language, no causal-context pattern, and no clear evidence-gloss assertion; needs full manual judgement.",,grounded,
67ba247283ed_s005,67ba247283ed,CMP2946,2011-W07,yes,R4,1,1,"While it's possible that Page is simply looking for new job opportunities, this unusual behavior warrants further review to rule out any potential security concerns.",F001 visits to job-search sites=21 [own~0 max13] [peer~3 n70],F002 visits to leak-publication sites=0 [own~0 max0] ; F003 visits to cloud-storage sites=25 [own~13 max41] ; F004 distinct web domains visited=43 [own~33.50 max44] [peer~55.50 n70] ; F005 distinct workstations used=2 [own~1.50 max3] [peer~1 n70] ; F006 days with recorded activity=5 [own~5 max5] [peer~5 n70] ; F007 hour of earliest logon in the week=8 ; F008 hour of latest logon in the week=14,unverifiable,Sentence contains speculative/hedge language ('it's possible'); neither matches nor contradicts any fact; rule 5 fired.,,unverifiable,
67ba247283ed_s010,67ba247283ed,CMP2946,2011-W07,yes,R4,1,1,"This is the most concerning evidence, and it's the main reason why his week was flagged.",F001 visits to job-search sites=21 [own~0 max13] [peer~3 n70],F002 visits to leak-publication sites=0 [own~0 max0] ; F003 visits to cloud-storage sites=25 [own~13 max41] ; F004 distinct web domains visited=43 [own~33.50 max44] [peer~55.50 n70] ; F005 distinct workstations used=2 [own~1.50 max3] [peer~1 n70] ; F006 days with recorded activity=5 [own~5 max5] [peer~5 n70] ; F007 hour of earliest logon in the week=8 ; F008 hour of latest logon in the week=14,grounded,"No rule fired: no unmatched numbers, no speculative language, no causal-context pattern, and no clear evidence-gloss assertion; needs full manual judgement.",,grounded,
67ba247283ed_s011,67ba247283ed,CMP2946,2011-W07,yes,R4,1,1,"While this could be a one-time anomaly, it's worth investigating further to determine if this change in behavior is a new pattern or a temporary aberration.",F001 visits to job-search sites=21 [own~0 max13] [peer~3 n70],F002 visits to leak-publication sites=0 [own~0 max0] ; F003 visits to cloud-storage sites=25 [own~13 max41] ; F004 distinct web domains visited=43 [own~33.50 max44] [peer~55.50 n70] ; F005 distinct workstations used=2 [own~1.50 max3] [peer~1 n70] ; F006 days with recorded activity=5 [own~5 max5] [peer~5 n70] ; F007 hour of earliest logon in the week=8 ; F008 hour of latest logon in the week=14,unverifiable,Sentence contains speculative/hedge language ('could be'); neither matches nor contradicts any fact; rule 5 fired.,,unverifiable,Resolved after initial pass to close a slice-boundary gap in review.
67ba247283ed_s012,67ba247283ed,CMP2946,2011-W07,yes,R4,1,1,"This is also above the range seen among peers in the same role, indicating that this behavior is not typical for someone in his position.",F001 visits to job-search sites=21 [own~0 max13] [peer~3 n70],F002 visits to leak-publication sites=0 [own~0 max0] ; F003 visits to cloud-storage sites=25 [own~13 max41] ; F004 distinct web domains visited=43 [own~33.50 max44] [peer~55.50 n70] ; F005 distinct workstations used=2 [own~1.50 max3] [peer~1 n70] ; F006 days with recorded activity=5 [own~5 max5] [peer~5 n70] ; F007 hour of earliest logon in the week=8 ; F008 hour of latest logon in the week=14,grounded,"No rule fired: no unmatched numbers, no speculative language, no causal-context pattern, and no clear evidence-gloss assertion; needs full manual judgement.",,grounded,
6c2facc73bac_s002,6c2facc73bac,HAG3196,2011-W10,no,"R2,R4,R5",9,11,"Specifically, 68 files were copied to removable media, which is significantly above their typical range of 43.",F001 files copied to removable media=68 [own~43 max54] ; F002 file operations=167 [own~126.50 max163] [peer~1 n93] ; F003 visits to job-search sites=31 [own~10.50 max19] [peer~4 n93] ; F004 web requests=665 [own~475 max665] [peer~475 n93],F005 removable device connections=58 [own~44 max63] ; F006 removable device connections outside working hours=0 [own~0 max3] ; F007 visits to leak-publication sites=0 [own~0 max0] ; F008 visits to cloud-storage sites=5 [own~5 max8] [peer~2 n93] ; F009 distinct web domains visited=78 [own~70 max83] [peer~66 n93] ; F010 logon events=12 [own~11 max18] [peer~5 n93] ; F011 distinct workstations used=1 [own~2 max4] [peer~1 n93] ; F012 days with recorded activity=7 [own~5 max7] [peer~5 n93] ; F013 hour of earliest logon in the week=7 ; F014 hour of latest logon in the week=13,grounded,"No rule fired: no unmatched numbers, no speculative language, no causal-context pattern, and no clear evidence-gloss assertion; needs full manual judgement.",,grounded,
6c2facc73bac_s001,6c2facc73bac,HAG3196,2011-W10,no,"R2,R4,R5",4,4,"Hall Aladdin Gardner's (HAG3196) activity this week is flagged due to elevated file copying to removable media, atypical browsing behavior, and an overall activity volume that far exceeds their same-role peers.",F001 files copied to removable media=68 [own~43 max54] ; F002 file operations=167 [own~126.50 max163] [peer~1 n93] ; F003 visits to job-search sites=31 [own~10.50 max19] [peer~4 n93] ; F004 web requests=665 [own~475 max665] [peer~475 n93],F005 removable device connections=58 [own~44 max63] ; F006 removable device connections outside working hours=0 [own~0 max3] ; F007 visits to leak-publication sites=0 [own~0 max0] ; F008 visits to cloud-storage sites=5 [own~5 max8] [peer~2 n93] ; F009 distinct web domains visited=78 [own~70 max83] [peer~66 n93] ; F010 logon events=12 [own~11 max18] [peer~5 n93] ; F011 distinct workstations used=1 [own~2 max4] [peer~1 n93] ; F012 days with recorded activity=7 [own~5 max7] [peer~5 n93] ; F013 hour of earliest logon in the week=7 ; F014 hour of latest logon in the week=13,grounded,"No rule fired: no unmatched numbers, no speculative language, no causal-context pattern, and no clear evidence-gloss assertion; needs full manual judgement.",,grounded,
6c2facc73bac_s003,6c2facc73bac,HAG3196,2011-W10,no,"R2,R4,R5",4,4,"Furthermore, HAG3196 visited job-search sites 31 times, which is more than double their typical frequency of 10.50.",F001 files copied to removable media=68 [own~43 max54] ; F002 file operations=167 [own~126.50 max163] [peer~1 n93] ; F003 visits to job-search sites=31 [own~10.50 max19] [peer~4 n93] ; F004 web requests=665 [own~475 max665] [peer~475 n93],F005 removable device connections=58 [own~44 max63] ; F006 removable device connections outside working hours=0 [own~0 max3] ; F007 visits to leak-publication sites=0 [own~0 max0] ; F008 visits to cloud-storage sites=5 [own~5 max8] [peer~2 n93] ; F009 distinct web domains visited=78 [own~70 max83] [peer~66 n93] ; F010 logon events=12 [own~11 max18] [peer~5 n93] ; F011 distinct workstations used=1 [own~2 max4] [peer~1 n93] ; F012 days with recorded activity=7 [own~5 max7] [peer~5 n93] ; F013 hour of earliest logon in the week=7 ; F014 hour of latest logon in the week=13,grounded,"No rule fired: no unmatched numbers, no speculative language, no causal-context pattern, and no clear evidence-gloss assertion; needs full manual judgement.",,grounded,
6c2facc73bac_s004,6c2facc73bac,HAG3196,2011-W10,no,"R2,R4,R5",4,4,The week was flagged due to evidence for triggered rules.,F001 files copied to removable media=68 [own~43 max54] ; F002 file operations=167 [own~126.50 max163] [peer~1 n93] ; F003 visits to job-search sites=31 [own~10.50 max19] [peer~4 n93] ; F004 web requests=665 [own~475 max665] [peer~475 n93],F005 removable device connections=58 [own~44 max63] ; F006 removable device connections outside working hours=0 [own~0 max3] ; F007 visits to leak-publication sites=0 [own~0 max0] ; F008 visits to cloud-storage sites=5 [own~5 max8] [peer~2 n93] ; F009 distinct web domains visited=78 [own~70 max83] [peer~66 n93] ; F010 logon events=12 [own~11 max18] [peer~5 n93] ; F011 distinct workstations used=1 [own~2 max4] [peer~1 n93] ; F012 days with recorded activity=7 [own~5 max7] [peer~5 n93] ; F013 hour of earliest logon in the week=7 ; F014 hour of latest logon in the week=13,grounded,"No rule fired: no unmatched numbers, no speculative language, no causal-context pattern, and no clear evidence-gloss assertion; needs full manual judgement.",,grounded,
6c2facc73bac_s005,6c2facc73bac,HAG3196,2011-W10,no,"R2,R4,R5",4,4,"Lastly, their overall activity volume, measured by web requests, was 665, which is also far above their typical range of 475.",F001 files copied to removable media=68 [own~43 max54] ; F002 file operations=167 [own~126.50 max163] [peer~1 n93] ; F003 visits to job-search sites=31 [own~10.50 max19] [peer~4 n93] ; F004 web requests=665 [own~475 max665] [peer~475 n93],F005 removable device connections=58 [own~44 max63] ; F006 removable device connections outside working hours=0 [own~0 max3] ; F007 visits to leak-publication sites=0 [own~0 max0] ; F008 visits to cloud-storage sites=5 [own~5 max8] [peer~2 n93] ; F009 distinct web domains visited=78 [own~70 max83] [peer~66 n93] ; F010 logon events=12 [own~11 max18] [peer~5 n93] ; F011 distinct workstations used=1 [own~2 max4] [peer~1 n93] ; F012 days with recorded activity=7 [own~5 max7] [peer~5 n93] ; F013 hour of earliest logon in the week=7 ; F014 hour of latest logon in the week=13,grounded,Main clause asserts evidence fact (F004) and all numbers trace to facts[]. Rule 1 fired.,,grounded,
6c2facc73bac_s009,6c2facc73bac,HAG3196,2011-W10,no,"R2,R4,R5",3,4,"Additionally, [R4] Browsing to job-search or leak-publication sites atypical for the role was triggered, with 31 visits to job-search sites, far above their usual 10.50 and exceeding the peer range.",F001 files copied to removable media=68 [own~43 max54] ; F002 file operations=167 [own~126.50 max163] [peer~1 n93] ; F003 visits to job-search sites=31 [own~10.50 max19] [peer~4 n93] ; F004 web requests=665 [own~475 max665] [peer~475 n93],F005 removable device connections=58 [own~44 max63] ; F006 removable device connections outside working hours=0 [own~0 max3] ; F007 visits to leak-publication sites=0 [own~0 max0] ; F008 visits to cloud-storage sites=5 [own~5 max8] [peer~2 n93] ; F009 distinct web domains visited=78 [own~70 max83] [peer~66 n93] ; F010 logon events=12 [own~11 max18] [peer~5 n93] ; F011 distinct workstations used=1 [own~2 max4] [peer~1 n93] ; F012 days with recorded activity=7 [own~5 max7] [peer~5 n93] ; F013 hour of earliest logon in the week=7 ; F014 hour of latest logon in the week=13,grounded,Main clause asserts evidence fact (F003) and all numbers trace to facts[]. Rule 1 fired.,,grounded,
6c2facc73bac_s006,6c2facc73bac,HAG3196,2011-W10,no,"R2,R4,R5",2,2,"This week's activity for HAG3196, a mathematician in the Research and Engineering team, has triggered three detection rules.",F001 files copied to removable media=68 [own~43 max54] ; F002 file operations=167 [own~126.50 max163] [peer~1 n93] ; F003 visits to job-search sites=31 [own~10.50 max19] [peer~4 n93] ; F004 web requests=665 [own~475 max665] [peer~475 n93],F005 removable device connections=58 [own~44 max63] ; F006 removable device connections outside working hours=0 [own~0 max3] ; F007 visits to leak-publication sites=0 [own~0 max0] ; F008 visits to cloud-storage sites=5 [own~5 max8] [peer~2 n93] ; F009 distinct web domains visited=78 [own~70 max83] [peer~66 n93] ; F010 logon events=12 [own~11 max18] [peer~5 n93] ; F011 distinct workstations used=1 [own~2 max4] [peer~1 n93] ; F012 days with recorded activity=7 [own~5 max7] [peer~5 n93] ; F013 hour of earliest logon in the week=7 ; F014 hour of latest logon in the week=13,grounded,"No rule fired: no unmatched numbers, no speculative language, no causal-context pattern, and no clear evidence-gloss assertion; needs full manual judgement.",,grounded,
6c2facc73bac_s007,6c2facc73bac,HAG3196,2011-W10,no,"R2,R4,R5",2,2,These anomalies suggest that HAG3196's behavior this week may be unusual and warrants further investigation.,F001 files copied to removable media=68 [own~43 max54] ; F002 file operations=167 [own~126.50 max163] [peer~1 n93] ; F003 visits to job-search sites=31 [own~10.50 max19] [peer~4 n93] ; F004 web requests=665 [own~475 max665] [peer~475 n93],F005 removable device connections=58 [own~44 max63] ; F006 removable device connections outside working hours=0 [own~0 max3] ; F007 visits to leak-publication sites=0 [own~0 max0] ; F008 visits to cloud-storage sites=5 [own~5 max8] [peer~2 n93] ; F009 distinct web domains visited=78 [own~70 max83] [peer~66 n93] ; F010 logon events=12 [own~11 max18] [peer~5 n93] ; F011 distinct workstations used=1 [own~2 max4] [peer~1 n93] ; F012 days with recorded activity=7 [own~5 max7] [peer~5 n93] ; F013 hour of earliest logon in the week=7 ; F014 hour of latest logon in the week=13,unverifiable,Sentence contains speculative/hedge language ('may be'); neither matches nor contradicts any fact; rule 5 fired.,,unverifiable,
6c2facc73bac_s008,6c2facc73bac,HAG3196,2011-W10,no,"R2,R4,R5",2,2,These activity levels are also significantly higher than those of their peers in the same role.,F001 files copied to removable media=68 [own~43 max54] ; F002 file operations=167 [own~126.50 max163] [peer~1 n93] ; F003 visits to job-search sites=31 [own~10.50 max19] [peer~4 n93] ; F004 web requests=665 [own~475 max665] [peer~475 n93],F005 removable device connections=58 [own~44 max63] ; F006 removable device connections outside working hours=0 [own~0 max3] ; F007 visits to leak-publication sites=0 [own~0 max0] ; F008 visits to cloud-storage sites=5 [own~5 max8] [peer~2 n93] ; F009 distinct web domains visited=78 [own~70 max83] [peer~66 n93] ; F010 logon events=12 [own~11 max18] [peer~5 n93] ; F011 distinct workstations used=1 [own~2 max4] [peer~1 n93] ; F012 days with recorded activity=7 [own~5 max7] [peer~5 n93] ; F013 hour of earliest logon in the week=7 ; F014 hour of latest logon in the week=13,grounded,"No rule fired: no unmatched numbers, no speculative language, no causal-context pattern, and no clear evidence-gloss assertion; needs full manual judgement.",,grounded,
6c2facc73bac_s010,6c2facc73bac,HAG3196,2011-W10,no,"R2,R4,R5",1,1,The UEBA system has flagged HAG3196's activity for review due to evidence for triggered rules.,F001 files copied to removable media=68 [own~43 max54] ; F002 file operations=167 [own~126.50 max163] [peer~1 n93] ; F003 visits to job-search sites=31 [own~10.50 max19] [peer~4 n93] ; F004 web requests=665 [own~475 max665] [peer~475 n93],F005 removable device connections=58 [own~44 max63] ; F006 removable device connections outside working hours=0 [own~0 max3] ; F007 visits to leak-publication sites=0 [own~0 max0] ; F008 visits to cloud-storage sites=5 [own~5 max8] [peer~2 n93] ; F009 distinct web domains visited=78 [own~70 max83] [peer~66 n93] ; F010 logon events=12 [own~11 max18] [peer~5 n93] ; F011 distinct workstations used=1 [own~2 max4] [peer~1 n93] ; F012 days with recorded activity=7 [own~5 max7] [peer~5 n93] ; F013 hour of earliest logon in the week=7 ; F014 hour of latest logon in the week=13,hallucinated,"Main clause uses causal language and cites context-only fact (F012), not an evidence fact. Rule 4 fired.",,grounded,
9cf542cc9e79_s004,9cf542cc9e79,MJA2380,2011-W02,no,"R3,R5",8,8,"Additionally, the number of file operations, 51, is also well above their typical range of 13 and far above the peer average of 1.",F001 bytes of email attachments sent=60.10M [own~23.15M max34.04M] [peer~8.63M n72] ; F002 external email recipients=44 [own~45.50 max71] [peer~25 n72] ; F003 file operations=51 [own~13 max19] [peer~1 n72],F004 emails sent to at least one external recipient=18 [own~18 max28] [peer~13 n72] ; F005 emails sent=49 [own~37.50 max49] [peer~29.50 n72] ; F006 logon events=13 [own~13 max14] [peer~5 n72] ; F007 web requests=1330 [own~1330 max1330] [peer~950 n72] ; F008 removable device connections=0 [own~0 max0] ; F009 distinct workstations used=1 [own~1 max1] [peer~1 n72] ; F010 days with recorded activity=7 [own~7 max7] [peer~5 n72] ; F011 hour of earliest logon in the week=7 ; F012 hour of latest logon in the week=12,grounded,Main clause asserts evidence fact (F003) and all numbers trace to facts[]. Rule 1 fired.,,grounded,
9cf542cc9e79_s003,9cf542cc9e79,MJA2380,2011-W02,no,"R3,R5",7,8,"Specifically, they sent an unusual volume of email attachments, with 60.10 MB of data sent, which is significantly above their typical range of 23.15 MB and well above the peer average of 8.63 MB.",F001 bytes of email attachments sent=60.10M [own~23.15M max34.04M] [peer~8.63M n72] ; F002 external email recipients=44 [own~45.50 max71] [peer~25 n72] ; F003 file operations=51 [own~13 max19] [peer~1 n72],F004 emails sent to at least one external recipient=18 [own~18 max28] [peer~13 n72] ; F005 emails sent=49 [own~37.50 max49] [peer~29.50 n72] ; F006 logon events=13 [own~13 max14] [peer~5 n72] ; F007 web requests=1330 [own~1330 max1330] [peer~950 n72] ; F008 removable device connections=0 [own~0 max0] ; F009 distinct workstations used=1 [own~1 max1] [peer~1 n72] ; F010 days with recorded activity=7 [own~7 max7] [peer~5 n72] ; F011 hour of earliest logon in the week=7 ; F012 hour of latest logon in the week=12,grounded,"No rule fired: no unmatched numbers, no speculative language, no causal-context pattern, and no clear evidence-gloss assertion; needs full manual judgement.",,grounded,
9cf542cc9e79_s009,9cf542cc9e79,MJA2380,2011-W02,no,"R3,R5",4,4,"Specifically, the volume of attachment data sent to external recipients ([F001]) and the overall activity volume far outside the same-role peer distribution ([F003]) both indicate unusual activity.",F001 bytes of email attachments sent=60.10M [own~23.15M max34.04M] [peer~8.63M n72] ; F002 external email recipients=44 [own~45.50 max71] [peer~25 n72] ; F003 file operations=51 [own~13 max19] [peer~1 n72],F004 emails sent to at least one external recipient=18 [own~18 max28] [peer~13 n72] ; F005 emails sent=49 [own~37.50 max49] [peer~29.50 n72] ; F006 logon events=13 [own~13 max14] [peer~5 n72] ; F007 web requests=1330 [own~1330 max1330] [peer~950 n72] ; F008 removable device connections=0 [own~0 max0] ; F009 distinct workstations used=1 [own~1 max1] [peer~1 n72] ; F010 days with recorded activity=7 [own~7 max7] [peer~5 n72] ; F011 hour of earliest logon in the week=7 ; F012 hour of latest logon in the week=12,grounded,"No rule fired: no unmatched numbers, no speculative language, no causal-context pattern, and no clear evidence-gloss assertion; needs full manual judgement.",,grounded,
9cf542cc9e79_s006,9cf542cc9e79,MJA2380,2011-W02,no,"R3,R5",3,3,"This week's activity for Mercedes Josephine Ayala, Chief Engineer in Materials Engineering, has triggered two detection rules.",F001 bytes of email attachments sent=60.10M [own~23.15M max34.04M] [peer~8.63M n72] ; F002 external email recipients=44 [own~45.50 max71] [peer~25 n72] ; F003 file operations=51 [own~13 max19] [peer~1 n72],F004 emails sent to at least one external recipient=18 [own~18 max28] [peer~13 n72] ; F005 emails sent=49 [own~37.50 max49] [peer~29.50 n72] ; F006 logon events=13 [own~13 max14] [peer~5 n72] ; F007 web requests=1330 [own~1330 max1330] [peer~950 n72] ; F008 removable device connections=0 [own~0 max0] ; F009 distinct workstations used=1 [own~1 max1] [peer~1 n72] ; F010 days with recorded activity=7 [own~7 max7] [peer~5 n72] ; F011 hour of earliest logon in the week=7 ; F012 hour of latest logon in the week=12,grounded,"No rule fired: no unmatched numbers, no speculative language, no causal-context pattern, and no clear evidence-gloss assertion; needs full manual judgement.",,grounded,
9cf542cc9e79_s008,9cf542cc9e79,MJA2380,2011-W02,no,"R3,R5",3,3,The week of 2011-W02 was flagged due to evidence from triggered rules.,F001 bytes of email attachments sent=60.10M [own~23.15M max34.04M] [peer~8.63M n72] ; F002 external email recipients=44 [own~45.50 max71] [peer~25 n72] ; F003 file operations=51 [own~13 max19] [peer~1 n72],F004 emails sent to at least one external recipient=18 [own~18 max28] [peer~13 n72] ; F005 emails sent=49 [own~37.50 max49] [peer~29.50 n72] ; F006 logon events=13 [own~13 max14] [peer~5 n72] ; F007 web requests=1330 [own~1330 max1330] [peer~950 n72] ; F008 removable device connections=0 [own~0 max0] ; F009 distinct workstations used=1 [own~1 max1] [peer~1 n72] ; F010 days with recorded activity=7 [own~7 max7] [peer~5 n72] ; F011 hour of earliest logon in the week=7 ; F012 hour of latest logon in the week=12,grounded,"No rule fired: no unmatched numbers, no speculative language, no causal-context pattern, and no clear evidence-gloss assertion; needs full manual judgement.",,grounded,Resolved after initial pass to close a slice-boundary gap in review.
9cf542cc9e79_s001,9cf542cc9e79,MJA2380,2011-W02,no,"R3,R5",2,2,"MJA2380, Chief Engineer of Team 19 - Materials Engineering, had an unusual week.",F001 bytes of email attachments sent=60.10M [own~23.15M max34.04M] [peer~8.63M n72] ; F002 external email recipients=44 [own~45.50 max71] [peer~25 n72] ; F003 file operations=51 [own~13 max19] [peer~1 n72],F004 emails sent to at least one external recipient=18 [own~18 max28] [peer~13 n72] ; F005 emails sent=49 [own~37.50 max49] [peer~29.50 n72] ; F006 logon events=13 [own~13 max14] [peer~5 n72] ; F007 web requests=1330 [own~1330 max1330] [peer~950 n72] ; F008 removable device connections=0 [own~0 max0] ; F009 distinct workstations used=1 [own~1 max1] [peer~1 n72] ; F010 days with recorded activity=7 [own~7 max7] [peer~5 n72] ; F011 hour of earliest logon in the week=7 ; F012 hour of latest logon in the week=12,grounded,"No rule fired: no unmatched numbers, no speculative language, no causal-context pattern, and no clear evidence-gloss assertion; needs full manual judgement.",,grounded,
9cf542cc9e79_s010,9cf542cc9e79,MJA2380,2011-W02,no,"R3,R5",2,2,These unusual volume spikes are likely driving the triggered detection rules.,F001 bytes of email attachments sent=60.10M [own~23.15M max34.04M] [peer~8.63M n72] ; F002 external email recipients=44 [own~45.50 max71] [peer~25 n72] ; F003 file operations=51 [own~13 max19] [peer~1 n72],F004 emails sent to at least one external recipient=18 [own~18 max28] [peer~13 n72] ; F005 emails sent=49 [own~37.50 max49] [peer~29.50 n72] ; F006 logon events=13 [own~13 max14] [peer~5 n72] ; F007 web requests=1330 [own~1330 max1330] [peer~950 n72] ; F008 removable device connections=0 [own~0 max0] ; F009 distinct workstations used=1 [own~1 max1] [peer~1 n72] ; F010 days with recorded activity=7 [own~7 max7] [peer~5 n72] ; F011 hour of earliest logon in the week=7 ; F012 hour of latest logon in the week=12,unverifiable,"No rule fired: no unmatched numbers, no speculative language, no causal-context pattern, and no clear evidence-gloss assertion; needs full manual judgement.",,grounded,
9cf542cc9e79_s011,9cf542cc9e79,MJA2380,2011-W02,no,"R3,R5",2,2,"This week, Chief Engineer MJA2380's (Mercedes Josephine Ayala) activity volume far exceeded that of their same-role peers, with a total of 51 file operations.",F001 bytes of email attachments sent=60.10M [own~23.15M max34.04M] [peer~8.63M n72] ; F002 external email recipients=44 [own~45.50 max71] [peer~25 n72] ; F003 file operations=51 [own~13 max19] [peer~1 n72],F004 emails sent to at least one external recipient=18 [own~18 max28] [peer~13 n72] ; F005 emails sent=49 [own~37.50 max49] [peer~29.50 n72] ; F006 logon events=13 [own~13 max14] [peer~5 n72] ; F007 web requests=1330 [own~1330 max1330] [peer~950 n72] ; F008 removable device connections=0 [own~0 max0] ; F009 distinct workstations used=1 [own~1 max1] [peer~1 n72] ; F010 days with recorded activity=7 [own~7 max7] [peer~5 n72] ; F011 hour of earliest logon in the week=7 ; F012 hour of latest logon in the week=12,grounded,Main clause asserts evidence fact (F003) and all numbers trace to facts[]. Rule 1 fired.,,grounded,
9cf542cc9e79_s002,9cf542cc9e79,MJA2380,2011-W02,no,"R3,R5",1,1,The triggered rules suggest that MJA2380's activity volume was far outside the norm for their role.,F001 bytes of email attachments sent=60.10M [own~23.15M max34.04M] [peer~8.63M n72] ; F002 external email recipients=44 [own~45.50 max71] [peer~25 n72] ; F003 file operations=51 [own~13 max19] [peer~1 n72],F004 emails sent to at least one external recipient=18 [own~18 max28] [peer~13 n72] ; F005 emails sent=49 [own~37.50 max49] [peer~29.50 n72] ; F006 logon events=13 [own~13 max14] [peer~5 n72] ; F007 web requests=1330 [own~1330 max1330] [peer~950 n72] ; F008 removable device connections=0 [own~0 max0] ; F009 distinct workstations used=1 [own~1 max1] [peer~1 n72] ; F010 days with recorded activity=7 [own~7 max7] [peer~5 n72] ; F011 hour of earliest logon in the week=7 ; F012 hour of latest logon in the week=12,grounded,"No rule fired: no unmatched numbers, no speculative language, no causal-context pattern, and no clear evidence-gloss assertion; needs full manual judgement.",,grounded,
9cf542cc9e79_s005,9cf542cc9e79,MJA2380,2011-W02,no,"R3,R5",1,1,"This is also significantly higher than the average among same-role peers, which is 8.63 MB.",F001 bytes of email attachments sent=60.10M [own~23.15M max34.04M] [peer~8.63M n72] ; F002 external email recipients=44 [own~45.50 max71] [peer~25 n72] ; F003 file operations=51 [own~13 max19] [peer~1 n72],F004 emails sent to at least one external recipient=18 [own~18 max28] [peer~13 n72] ; F005 emails sent=49 [own~37.50 max49] [peer~29.50 n72] ; F006 logon events=13 [own~13 max14] [peer~5 n72] ; F007 web requests=1330 [own~1330 max1330] [peer~950 n72] ; F008 removable device connections=0 [own~0 max0] ; F009 distinct workstations used=1 [own~1 max1] [peer~1 n72] ; F010 days with recorded activity=7 [own~7 max7] [peer~5 n72] ; F011 hour of earliest logon in the week=7 ; F012 hour of latest logon in the week=12,grounded,"No rule fired: no unmatched numbers, no speculative language, no causal-context pattern, and no clear evidence-gloss assertion; needs full manual judgement.",,grounded,
9cf542cc9e79_s007,9cf542cc9e79,MJA2380,2011-W02,no,"R3,R5",1,1,"This suggests a significant increase in file-related activity, likely driving the detection of rule R5.",F001 bytes of email attachments sent=60.10M [own~23.15M max34.04M] [peer~8.63M n72] ; F002 external email recipients=44 [own~45.50 max71] [peer~25 n72] ; F003 file operations=51 [own~13 max19] [peer~1 n72],F004 emails sent to at least one external recipient=18 [own~18 max28] [peer~13 n72] ; F005 emails sent=49 [own~37.50 max49] [peer~29.50 n72] ; F006 logon events=13 [own~13 max14] [peer~5 n72] ; F007 web requests=1330 [own~1330 max1330] [peer~950 n72] ; F008 removable device connections=0 [own~0 max0] ; F009 distinct workstations used=1 [own~1 max1] [peer~1 n72] ; F010 days with recorded activity=7 [own~7 max7] [peer~5 n72] ; F011 hour of earliest logon in the week=7 ; F012 hour of latest logon in the week=12,unverifiable,"No rule fired: no unmatched numbers, no speculative language, no causal-context pattern, and no clear evidence-gloss assertion; needs full manual judgement.",,grounded,
9cf542cc9e79_s012,9cf542cc9e79,MJA2380,2011-W02,no,"R3,R5",1,1,"These values are significantly higher than the user's typical range and the peer range, suggesting an unusual level of activity.",F001 bytes of email attachments sent=60.10M [own~23.15M max34.04M] [peer~8.63M n72] ; F002 external email recipients=44 [own~45.50 max71] [peer~25 n72] ; F003 file operations=51 [own~13 max19] [peer~1 n72],F004 emails sent to at least one external recipient=18 [own~18 max28] [peer~13 n72] ; F005 emails sent=49 [own~37.50 max49] [peer~29.50 n72] ; F006 logon events=13 [own~13 max14] [peer~5 n72] ; F007 web requests=1330 [own~1330 max1330] [peer~950 n72] ; F008 removable device connections=0 [own~0 max0] ; F009 distinct workstations used=1 [own~1 max1] [peer~1 n72] ; F010 days with recorded activity=7 [own~7 max7] [peer~5 n72] ; F011 hour of earliest logon in the week=7 ; F012 hour of latest logon in the week=12,grounded,"No rule fired: no unmatched numbers, no speculative language, no causal-context pattern, and no clear evidence-gloss assertion; needs full manual judgement.",,grounded,
a0a7dc154e87_s003,a0a7dc154e87,FDF2135,2010-W14,no,"R4,R5",7,8,"Additionally, Felix performed 129 file operations, which is a significant increase from their typical activity and well above the peer average.",F001 visits to job-search sites=34 [own~0 max7] [peer~1 n313] ; F002 file operations=129 [own~78 max157] [peer~1 n313],F003 visits to leak-publication sites=0 [own~0 max0] ; F004 visits to cloud-storage sites=2 [own~1 max6] ; F005 distinct web domains visited=82 [own~67.50 max74] [peer~59 n313] ; F006 logon events=14 [own~11 max12] [peer~5 n313] ; F007 web requests=600 [own~500 max600] [peer~475 n313] ; F008 removable device connections=11 [own~6 max10] ; F009 distinct workstations used=3 [own~2 max4] [peer~1 n313] ; F010 days with recorded activity=7 [own~5 max6] [peer~5 n313] ; F011 hour of earliest logon in the week=7 ; F012 hour of latest logon in the week=23,false precision,Main clause asserts evidence fact (F002) and all numbers trace to facts[]. Rule 1 fired.,,grounded,
a0a7dc154e87_s004,a0a7dc154e87,FDF2135,2010-W14,no,"R4,R5",6,6,"Felix Dustin Fletcher, an Electrical Engineer in the Test and Evaluation team, was flagged for review due to evidence indicating an atypical week.",F001 visits to job-search sites=34 [own~0 max7] [peer~1 n313] ; F002 file operations=129 [own~78 max157] [peer~1 n313],F003 visits to leak-publication sites=0 [own~0 max0] ; F004 visits to cloud-storage sites=2 [own~1 max6] ; F005 distinct web domains visited=82 [own~67.50 max74] [peer~59 n313] ; F006 logon events=14 [own~11 max12] [peer~5 n313] ; F007 web requests=600 [own~500 max600] [peer~475 n313] ; F008 removable device connections=11 [own~6 max10] ; F009 distinct workstations used=3 [own~2 max4] [peer~1 n313] ; F010 days with recorded activity=7 [own~5 max6] [peer~5 n313] ; F011 hour of earliest logon in the week=7 ; F012 hour of latest logon in the week=23,grounded,"No rule fired: no unmatched numbers, no speculative language, no causal-context pattern, and no clear evidence-gloss assertion; needs full manual judgement.",,grounded,
a0a7dc154e87_s002,a0a7dc154e87,FDF2135,2010-W14,no,"R4,R5",4,4,"Specifically, Felix visited job-search sites 34 times, which is far above their usual range and significantly higher than their same-role peers.",F001 visits to job-search sites=34 [own~0 max7] [peer~1 n313] ; F002 file operations=129 [own~78 max157] [peer~1 n313],F003 visits to leak-publication sites=0 [own~0 max0] ; F004 visits to cloud-storage sites=2 [own~1 max6] ; F005 distinct web domains visited=82 [own~67.50 max74] [peer~59 n313] ; F006 logon events=14 [own~11 max12] [peer~5 n313] ; F007 web requests=600 [own~500 max600] [peer~475 n313] ; F008 removable device connections=11 [own~6 max10] ; F009 distinct workstations used=3 [own~2 max4] [peer~1 n313] ; F010 days with recorded activity=7 [own~5 max6] [peer~5 n313] ; F011 hour of earliest logon in the week=7 ; F012 hour of latest logon in the week=23,grounded,"No rule fired: no unmatched numbers, no speculative language, no causal-context pattern, and no clear evidence-gloss assertion; needs full manual judgement.",,grounded,
a0a7dc154e87_s007,a0a7dc154e87,FDF2135,2010-W14,no,"R4,R5",4,4,"The most significant evidence is the sudden and extreme increase in file operations, with 129 activities this week compared to their typical range of 78.",F001 visits to job-search sites=34 [own~0 max7] [peer~1 n313] ; F002 file operations=129 [own~78 max157] [peer~1 n313],F003 visits to leak-publication sites=0 [own~0 max0] ; F004 visits to cloud-storage sites=2 [own~1 max6] ; F005 distinct web domains visited=82 [own~67.50 max74] [peer~59 n313] ; F006 logon events=14 [own~11 max12] [peer~5 n313] ; F007 web requests=600 [own~500 max600] [peer~475 n313] ; F008 removable device connections=11 [own~6 max10] ; F009 distinct workstations used=3 [own~2 max4] [peer~1 n313] ; F010 days with recorded activity=7 [own~5 max6] [peer~5 n313] ; F011 hour of earliest logon in the week=7 ; F012 hour of latest logon in the week=23,grounded,Main clause asserts evidence fact (F002) and all numbers trace to facts[]. Rule 1 fired.,,grounded,
a0a7dc154e87_s006,a0a7dc154e87,FDF2135,2010-W14,no,"R4,R5",3,3,"The evidence for these triggered rules includes 34 visits to job-search sites, which is far above their usual range and significantly higher than what their peers in the same role experienced this week.",F001 visits to job-search sites=34 [own~0 max7] [peer~1 n313] ; F002 file operations=129 [own~78 max157] [peer~1 n313],F003 visits to leak-publication sites=0 [own~0 max0] ; F004 visits to cloud-storage sites=2 [own~1 max6] ; F005 distinct web domains visited=82 [own~67.50 max74] [peer~59 n313] ; F006 logon events=14 [own~11 max12] [peer~5 n313] ; F007 web requests=600 [own~500 max600] [peer~475 n313] ; F008 removable device connections=11 [own~6 max10] ; F009 distinct workstations used=3 [own~2 max4] [peer~1 n313] ; F010 days with recorded activity=7 [own~5 max6] [peer~5 n313] ; F011 hour of earliest logon in the week=7 ; F012 hour of latest logon in the week=23,grounded,Main clause asserts evidence fact (F001) and all numbers trace to facts[]. Rule 1 fired.,,grounded,
a0a7dc154e87_s014,a0a7dc154e87,FDF2135,2010-W14,no,"R4,R5",3,3,"This week, user FDF2135 (Felix Dustin Fletcher) exhibited atypical behavior, triggering two detection rules.",F001 visits to job-search sites=34 [own~0 max7] [peer~1 n313] ; F002 file operations=129 [own~78 max157] [peer~1 n313],F003 visits to leak-publication sites=0 [own~0 max0] ; F004 visits to cloud-storage sites=2 [own~1 max6] ; F005 distinct web domains visited=82 [own~67.50 max74] [peer~59 n313] ; F006 logon events=14 [own~11 max12] [peer~5 n313] ; F007 web requests=600 [own~500 max600] [peer~475 n313] ; F008 removable device connections=11 [own~6 max10] ; F009 distinct workstations used=3 [own~2 max4] [peer~1 n313] ; F010 days with recorded activity=7 [own~5 max6] [peer~5 n313] ; F011 hour of earliest logon in the week=7 ; F012 hour of latest logon in the week=23,grounded,"No rule fired: no unmatched numbers, no speculative language, no causal-context pattern, and no clear evidence-gloss assertion; needs full manual judgement.",,grounded,
a0a7dc154e87_s005,a0a7dc154e87,FDF2135,2010-W14,no,"R4,R5",2,2,The main concerns are the unusually high volume of activity and visits to job-search sites.,F001 visits to job-search sites=34 [own~0 max7] [peer~1 n313] ; F002 file operations=129 [own~78 max157] [peer~1 n313],F003 visits to leak-publication sites=0 [own~0 max0] ; F004 visits to cloud-storage sites=2 [own~1 max6] ; F005 distinct web domains visited=82 [own~67.50 max74] [peer~59 n313] ; F006 logon events=14 [own~11 max12] [peer~5 n313] ; F007 web requests=600 [own~500 max600] [peer~475 n313] ; F008 removable device connections=11 [own~6 max10] ; F009 distinct workstations used=3 [own~2 max4] [peer~1 n313] ; F010 days with recorded activity=7 [own~5 max6] [peer~5 n313] ; F011 hour of earliest logon in the week=7 ; F012 hour of latest logon in the week=23,grounded,Main clause asserts evidence fact (F001) and all numbers trace to facts[]. Rule 1 fired.,,grounded,
a0a7dc154e87_s008,a0a7dc154e87,FDF2135,2010-W14,no,"R4,R5",2,2,"This is far outside the peer range of 1, which is also typical among same-role peers this week.",F001 visits to job-search sites=34 [own~0 max7] [peer~1 n313] ; F002 file operations=129 [own~78 max157] [peer~1 n313],F003 visits to leak-publication sites=0 [own~0 max0] ; F004 visits to cloud-storage sites=2 [own~1 max6] ; F005 distinct web domains visited=82 [own~67.50 max74] [peer~59 n313] ; F006 logon events=14 [own~11 max12] [peer~5 n313] ; F007 web requests=600 [own~500 max600] [peer~475 n313] ; F008 removable device connections=11 [own~6 max10] ; F009 distinct workstations used=3 [own~2 max4] [peer~1 n313] ; F010 days with recorded activity=7 [own~5 max6] [peer~5 n313] ; F011 hour of earliest logon in the week=7 ; F012 hour of latest logon in the week=23,grounded,"No rule fired: no unmatched numbers, no speculative language, no causal-context pattern, and no clear evidence-gloss assertion; needs full manual judgement.",,grounded,
a0a7dc154e87_s009,a0a7dc154e87,FDF2135,2010-W14,no,"R4,R5",2,2,This is also significantly higher than the peer range of 475.,F001 visits to job-search sites=34 [own~0 max7] [peer~1 n313] ; F002 file operations=129 [own~78 max157] [peer~1 n313],F003 visits to leak-publication sites=0 [own~0 max0] ; F004 visits to cloud-storage sites=2 [own~1 max6] ; F005 distinct web domains visited=82 [own~67.50 max74] [peer~59 n313] ; F006 logon events=14 [own~11 max12] [peer~5 n313] ; F007 web requests=600 [own~500 max600] [peer~475 n313] ; F008 removable device connections=11 [own~6 max10] ; F009 distinct workstations used=3 [own~2 max4] [peer~1 n313] ; F010 days with recorded activity=7 [own~5 max6] [peer~5 n313] ; F011 hour of earliest logon in the week=7 ; F012 hour of latest logon in the week=23,grounded,"No rule fired: no unmatched numbers, no speculative language, no causal-context pattern, and no clear evidence-gloss assertion; needs full manual judgement.",,grounded,Resolved after initial pass to close a slice-boundary gap in review.
a0a7dc154e87_s001,a0a7dc154e87,FDF2135,2010-W14,no,"R4,R5",1,1,The UEBA system flagged this week for Felix Dustin Fletcher due to atypical browsing behavior and an unusual volume of activity.,F001 visits to job-search sites=34 [own~0 max7] [peer~1 n313] ; F002 file operations=129 [own~78 max157] [peer~1 n313],F003 visits to leak-publication sites=0 [own~0 max0] ; F004 visits to cloud-storage sites=2 [own~1 max6] ; F005 distinct web domains visited=82 [own~67.50 max74] [peer~59 n313] ; F006 logon events=14 [own~11 max12] [peer~5 n313] ; F007 web requests=600 [own~500 max600] [peer~475 n313] ; F008 removable device connections=11 [own~6 max10] ; F009 distinct workstations used=3 [own~2 max4] [peer~1 n313] ; F010 days with recorded activity=7 [own~5 max6] [peer~5 n313] ; F011 hour of earliest logon in the week=7 ; F012 hour of latest logon in the week=23,grounded,"Main clause uses causal language and cites context-only fact (F010), not an evidence fact. Rule 4 fired.",,grounded,
a0a7dc154e87_s010,a0a7dc154e87,FDF2135,2010-W14,no,"R4,R5",1,1,These findings suggest that Felix's behavior this week was unusual and warrants further investigation.,F001 visits to job-search sites=34 [own~0 max7] [peer~1 n313] ; F002 file operations=129 [own~78 max157] [peer~1 n313],F003 visits to leak-publication sites=0 [own~0 max0] ; F004 visits to cloud-storage sites=2 [own~1 max6] ; F005 distinct web domains visited=82 [own~67.50 max74] [peer~59 n313] ; F006 logon events=14 [own~11 max12] [peer~5 n313] ; F007 web requests=600 [own~500 max600] [peer~475 n313] ; F008 removable device connections=11 [own~6 max10] ; F009 distinct workstations used=3 [own~2 max4] [peer~1 n313] ; F010 days with recorded activity=7 [own~5 max6] [peer~5 n313] ; F011 hour of earliest logon in the week=7 ; F012 hour of latest logon in the week=23,unverifiable,Sentence contains speculative/hedge language ('warrants further investigation'); neither matches nor contradicts any fact; rule 5 fired.,,unverifiable,
a0a7dc154e87_s011,a0a7dc154e87,FDF2135,2010-W14,no,"R4,R5",1,1,"The main evidence for this is his browsing activity, which suggests he may be looking for new job opportunities.",F001 visits to job-search sites=34 [own~0 max7] [peer~1 n313] ; F002 file operations=129 [own~78 max157] [peer~1 n313],F003 visits to leak-publication sites=0 [own~0 max0] ; F004 visits to cloud-storage sites=2 [own~1 max6] ; F005 distinct web domains visited=82 [own~67.50 max74] [peer~59 n313] ; F006 logon events=14 [own~11 max12] [peer~5 n313] ; F007 web requests=600 [own~500 max600] [peer~475 n313] ; F008 removable device connections=11 [own~6 max10] ; F009 distinct workstations used=3 [own~2 max4] [peer~1 n313] ; F010 days with recorded activity=7 [own~5 max6] [peer~5 n313] ; F011 hour of earliest logon in the week=7 ; F012 hour of latest logon in the week=23,unverifiable,"Main clause uses causal language and cites context-only fact (F010), not an evidence fact. Rule 4 fired.",,unverifiable,
a0a7dc154e87_s012,a0a7dc154e87,FDF2135,2010-W14,no,"R4,R5",1,1,The most notable anomalies are their browsing behavior and overall activity volume.,F001 visits to job-search sites=34 [own~0 max7] [peer~1 n313] ; F002 file operations=129 [own~78 max157] [peer~1 n313],F003 visits to leak-publication sites=0 [own~0 max0] ; F004 visits to cloud-storage sites=2 [own~1 max6] ; F005 distinct web domains visited=82 [own~67.50 max74] [peer~59 n313] ; F006 logon events=14 [own~11 max12] [peer~5 n313] ; F007 web requests=600 [own~500 max600] [peer~475 n313] ; F008 removable device connections=11 [own~6 max10] ; F009 distinct workstations used=3 [own~2 max4] [peer~1 n313] ; F010 days with recorded activity=7 [own~5 max6] [peer~5 n313] ; F011 hour of earliest logon in the week=7 ; F012 hour of latest logon in the week=23,grounded,"No rule fired: no unmatched numbers, no speculative language, no causal-context pattern, and no clear evidence-gloss assertion; needs full manual judgement.",,grounded,
a0a7dc154e87_s013,a0a7dc154e87,FDF2135,2010-W14,no,"R4,R5",1,1,"These deviations from their typical behavior, as well as that of their peers, are the primary drivers of the triggered rules.",F001 visits to job-search sites=34 [own~0 max7] [peer~1 n313] ; F002 file operations=129 [own~78 max157] [peer~1 n313],F003 visits to leak-publication sites=0 [own~0 max0] ; F004 visits to cloud-storage sites=2 [own~1 max6] ; F005 distinct web domains visited=82 [own~67.50 max74] [peer~59 n313] ; F006 logon events=14 [own~11 max12] [peer~5 n313] ; F007 web requests=600 [own~500 max600] [peer~475 n313] ; F008 removable device connections=11 [own~6 max10] ; F009 distinct workstations used=3 [own~2 max4] [peer~1 n313] ; F010 days with recorded activity=7 [own~5 max6] [peer~5 n313] ; F011 hour of earliest logon in the week=7 ; F012 hour of latest logon in the week=23,grounded,"No rule fired: no unmatched numbers, no speculative language, no causal-context pattern, and no clear evidence-gloss assertion; needs full manual judgement.",,grounded,
a0a7dc154e87_s015,a0a7dc154e87,FDF2135,2010-W14,no,"R4,R5",1,1,These anomalies suggest that Felix may be engaging in job searching or other activities outside their typical role as an Electrical Engineer in the Research and Engineering Government Foreign unit.,F001 visits to job-search sites=34 [own~0 max7] [peer~1 n313] ; F002 file operations=129 [own~78 max157] [peer~1 n313],F003 visits to leak-publication sites=0 [own~0 max0] ; F004 visits to cloud-storage sites=2 [own~1 max6] ; F005 distinct web domains visited=82 [own~67.50 max74] [peer~59 n313] ; F006 logon events=14 [own~11 max12] [peer~5 n313] ; F007 web requests=600 [own~500 max600] [peer~475 n313] ; F008 removable device connections=11 [own~6 max10] ; F009 distinct workstations used=3 [own~2 max4] [peer~1 n313] ; F010 days with recorded activity=7 [own~5 max6] [peer~5 n313] ; F011 hour of earliest logon in the week=7 ; F012 hour of latest logon in the week=23,unverifiable,Sentence contains speculative/hedge language ('may be'); neither matches nor contradicts any fact; rule 5 fired.,,unverifiable,
a0a7dc154e87_s016,a0a7dc154e87,FDF2135,2010-W14,no,"R4,R5",1,1,"This is unusual behavior for an Electrical Engineer, as job-search sites are not typical for someone in this role.",F001 visits to job-search sites=34 [own~0 max7] [peer~1 n313] ; F002 file operations=129 [own~78 max157] [peer~1 n313],F003 visits to leak-publication sites=0 [own~0 max0] ; F004 visits to cloud-storage sites=2 [own~1 max6] ; F005 distinct web domains visited=82 [own~67.50 max74] [peer~59 n313] ; F006 logon events=14 [own~11 max12] [peer~5 n313] ; F007 web requests=600 [own~500 max600] [peer~475 n313] ; F008 removable device connections=11 [own~6 max10] ; F009 distinct workstations used=3 [own~2 max4] [peer~1 n313] ; F010 days with recorded activity=7 [own~5 max6] [peer~5 n313] ; F011 hour of earliest logon in the week=7 ; F012 hour of latest logon in the week=23,grounded,"No rule fired: no unmatched numbers, no speculative language, no causal-context pattern, and no clear evidence-gloss assertion; needs full manual judgement.",,grounded,
a5957fc70bf9_s002,a5957fc70bf9,CDE1846,2011-W17,yes,R3,10,13,"Specifically, 57.08 MB of email attachments were sent to 33 external recipients, which is significantly above their usual range of 9.49 MB and above the peer range of 6.96 MB.",F001 bytes of email attachments sent=57.08M [own~9.49M max50.06M] [peer~6.96M n366] ; F002 external email recipients=33 [own~15 max36] [peer~13 n366],F003 emails sent to at least one external recipient=24 [own~6.50 max29] [peer~8 n366] ; F004 emails sent=33 [own~14.50 max40] [peer~17 n366] ; F005 distinct workstations used=2 [own~1.50 max3] [peer~1 n366] ; F006 days with recorded activity=5 [own~5 max5] [peer~5 n366] ; F007 hour of earliest logon in the week=8 ; F008 hour of latest logon in the week=17,hallucinated,"No rule fired: no unmatched numbers, no speculative language, no causal-context pattern, and no clear evidence-gloss assertion; needs full manual judgement.",,grounded,
a5957fc70bf9_s001,a5957fc70bf9,CDE1846,2011-W17,yes,R3,7,7,The UEBA system flagged CDE1846's week for triggered rules due to an unusual volume of attachment data sent to external recipients.,F001 bytes of email attachments sent=57.08M [own~9.49M max50.06M] [peer~6.96M n366] ; F002 external email recipients=33 [own~15 max36] [peer~13 n366],F003 emails sent to at least one external recipient=24 [own~6.50 max29] [peer~8 n366] ; F004 emails sent=33 [own~14.50 max40] [peer~17 n366] ; F005 distinct workstations used=2 [own~1.50 max3] [peer~1 n366] ; F006 days with recorded activity=5 [own~5 max5] [peer~5 n366] ; F007 hour of earliest logon in the week=8 ; F008 hour of latest logon in the week=17,grounded,"No rule fired: no unmatched numbers, no speculative language, no causal-context pattern, and no clear evidence-gloss assertion; needs full manual judgement.",,grounded,
a5957fc70bf9_s005,a5957fc70bf9,CDE1846,2011-W17,yes,R3,5,5,"Additionally, the 33 external recipients this week is also above his typical and peer ranges.",F001 bytes of email attachments sent=57.08M [own~9.49M max50.06M] [peer~6.96M n366] ; F002 external email recipients=33 [own~15 max36] [peer~13 n366],F003 emails sent to at least one external recipient=24 [own~6.50 max29] [peer~8 n366] ; F004 emails sent=33 [own~14.50 max40] [peer~17 n366] ; F005 distinct workstations used=2 [own~1.50 max3] [peer~1 n366] ; F006 days with recorded activity=5 [own~5 max5] [peer~5 n366] ; F007 hour of earliest logon in the week=8 ; F008 hour of latest logon in the week=17,grounded,"No rule fired: no unmatched numbers, no speculative language, no causal-context pattern, and no clear evidence-gloss assertion; needs full manual judgement.",,grounded,
a5957fc70bf9_s003,a5957fc70bf9,CDE1846,2011-W17,yes,R3,3,3,"Carlos Dieter Ewing, an Electrical Engineer, had an unusual week flagged by the UEBA system.",F001 bytes of email attachments sent=57.08M [own~9.49M max50.06M] [peer~6.96M n366] ; F002 external email recipients=33 [own~15 max36] [peer~13 n366],F003 emails sent to at least one external recipient=24 [own~6.50 max29] [peer~8 n366] ; F004 emails sent=33 [own~14.50 max40] [peer~17 n366] ; F005 distinct workstations used=2 [own~1.50 max3] [peer~1 n366] ; F006 days with recorded activity=5 [own~5 max5] [peer~5 n366] ; F007 hour of earliest logon in the week=8 ; F008 hour of latest logon in the week=17,grounded,"No rule fired: no unmatched numbers, no speculative language, no causal-context pattern, and no clear evidence-gloss assertion; needs full manual judgement.",,grounded,
a5957fc70bf9_s004,a5957fc70bf9,CDE1846,2011-W17,yes,R3,2,2,"This is also above the range seen among their peers, who averaged 6.96 MB this week.",F001 bytes of email attachments sent=57.08M [own~9.49M max50.06M] [peer~6.96M n366] ; F002 external email recipients=33 [own~15 max36] [peer~13 n366],F003 emails sent to at least one external recipient=24 [own~6.50 max29] [peer~8 n366] ; F004 emails sent=33 [own~14.50 max40] [peer~17 n366] ; F005 distinct workstations used=2 [own~1.50 max3] [peer~1 n366] ; F006 days with recorded activity=5 [own~5 max5] [peer~5 n366] ; F007 hour of earliest logon in the week=8 ; F008 hour of latest logon in the week=17,grounded,"No rule fired: no unmatched numbers, no speculative language, no causal-context pattern, and no clear evidence-gloss assertion; needs full manual judgement.",,grounded,
ad1fbe8ed862_s003,ad1fbe8ed862,CMP2946,2011-W08,yes,R4,6,6,"This suggests that CMP2946 may be searching for job opportunities outside of their usual norms, which warrants further investigation.",F001 visits to job-search sites=7 [own~0 max21] [peer~1 n65],F002 visits to leak-publication sites=0 [own~0 max0] ; F003 visits to cloud-storage sites=9 [own~14 max41] [peer~1 n65] ; F004 distinct web domains visited=41 [own~34 max44] [peer~57 n65] ; F005 distinct workstations used=2 [own~2 max3] [peer~1 n65] ; F006 days with recorded activity=5 [own~5 max5] [peer~5 n65] ; F007 hour of earliest logon in the week=8 ; F008 hour of latest logon in the week=15,unverifiable,Sentence contains speculative/hedge language ('may be'); neither matches nor contradicts any fact; rule 5 fired.,,unverifiable,
ad1fbe8ed862_s002,ad1fbe8ed862,CMP2946,2011-W08,yes,R4,5,5,"The evidence is that he visited job-search sites 7 times, which is clearly above his typical range and also above the range of his peers.",F001 visits to job-search sites=7 [own~0 max21] [peer~1 n65],F002 visits to leak-publication sites=0 [own~0 max0] ; F003 visits to cloud-storage sites=9 [own~14 max41] [peer~1 n65] ; F004 distinct web domains visited=41 [own~34 max44] [peer~57 n65] ; F005 distinct workstations used=2 [own~2 max3] [peer~1 n65] ; F006 days with recorded activity=5 [own~5 max5] [peer~5 n65] ; F007 hour of earliest logon in the week=8 ; F008 hour of latest logon in the week=15,grounded,"No rule fired: no unmatched numbers, no speculative language, no causal-context pattern, and no clear evidence-gloss assertion; needs full manual judgement.",,grounded,
ad1fbe8ed862_s005,ad1fbe8ed862,CMP2946,2011-W08,yes,R4,5,5,The UEBA system flagged CMP2946's week (2011-W08) due to evidence of atypical browsing behavior for a salesman in the Regional Sales team.,F001 visits to job-search sites=7 [own~0 max21] [peer~1 n65],F002 visits to leak-publication sites=0 [own~0 max0] ; F003 visits to cloud-storage sites=9 [own~14 max41] [peer~1 n65] ; F004 distinct web domains visited=41 [own~34 max44] [peer~57 n65] ; F005 distinct workstations used=2 [own~2 max3] [peer~1 n65] ; F006 days with recorded activity=5 [own~5 max5] [peer~5 n65] ; F007 hour of earliest logon in the week=8 ; F008 hour of latest logon in the week=15,grounded,"No rule fired: no unmatched numbers, no speculative language, no causal-context pattern, and no clear evidence-gloss assertion; needs full manual judgement.",,grounded,
ad1fbe8ed862_s001,ad1fbe8ed862,CMP2946,2011-W08,yes,R4,2,2,"Chandler Martin Page, a salesman in the Regional Sales team, had a week that triggered rule R4.",F001 visits to job-search sites=7 [own~0 max21] [peer~1 n65],F002 visits to leak-publication sites=0 [own~0 max0] ; F003 visits to cloud-storage sites=9 [own~14 max41] [peer~1 n65] ; F004 distinct web domains visited=41 [own~34 max44] [peer~57 n65] ; F005 distinct workstations used=2 [own~2 max3] [peer~1 n65] ; F006 days with recorded activity=5 [own~5 max5] [peer~5 n65] ; F007 hour of earliest logon in the week=8 ; F008 hour of latest logon in the week=15,grounded,"No rule fired: no unmatched numbers, no speculative language, no causal-context pattern, and no clear evidence-gloss assertion; needs full manual judgement.",,grounded,Resolved after initial pass to close a slice-boundary gap in review.
ad1fbe8ed862_s004,ad1fbe8ed862,CMP2946,2011-W08,yes,R4,2,2,"This is also above the range of their peers in the same role, with 1 instance among 65 peers this week.",F001 visits to job-search sites=7 [own~0 max21] [peer~1 n65],F002 visits to leak-publication sites=0 [own~0 max0] ; F003 visits to cloud-storage sites=9 [own~14 max41] [peer~1 n65] ; F004 distinct web domains visited=41 [own~34 max44] [peer~57 n65] ; F005 distinct workstations used=2 [own~2 max3] [peer~1 n65] ; F006 days with recorded activity=5 [own~5 max5] [peer~5 n65] ; F007 hour of earliest logon in the week=8 ; F008 hour of latest logon in the week=15,grounded,"No rule fired: no unmatched numbers, no speculative language, no causal-context pattern, and no clear evidence-gloss assertion; needs full manual judgement.",,grounded,
ad1fbe8ed862_s006,ad1fbe8ed862,CMP2946,2011-W08,yes,R4,2,2,This anomaly is the primary evidence for the triggered rule.,F001 visits to job-search sites=7 [own~0 max21] [peer~1 n65],F002 visits to leak-publication sites=0 [own~0 max0] ; F003 visits to cloud-storage sites=9 [own~14 max41] [peer~1 n65] ; F004 distinct web domains visited=41 [own~34 max44] [peer~57 n65] ; F005 distinct workstations used=2 [own~2 max3] [peer~1 n65] ; F006 days with recorded activity=5 [own~5 max5] [peer~5 n65] ; F007 hour of earliest logon in the week=8 ; F008 hour of latest logon in the week=15,grounded,"No rule fired: no unmatched numbers, no speculative language, no causal-context pattern, and no clear evidence-gloss assertion; needs full manual judgement.",,grounded,
ad1fbe8ed862_s007,ad1fbe8ed862,CMP2946,2011-W08,yes,R4,2,2,"The triggered rule [R4] detected atypical browsing to job-search sites, with 7 visits this week.",F001 visits to job-search sites=7 [own~0 max21] [peer~1 n65],F002 visits to leak-publication sites=0 [own~0 max0] ; F003 visits to cloud-storage sites=9 [own~14 max41] [peer~1 n65] ; F004 distinct web domains visited=41 [own~34 max44] [peer~57 n65] ; F005 distinct workstations used=2 [own~2 max3] [peer~1 n65] ; F006 days with recorded activity=5 [own~5 max5] [peer~5 n65] ; F007 hour of earliest logon in the week=8 ; F008 hour of latest logon in the week=15,grounded,"No rule fired: no unmatched numbers, no speculative language, no causal-context pattern, and no clear evidence-gloss assertion; needs full manual judgement.",,grounded,
ad1fbe8ed862_s008,ad1fbe8ed862,CMP2946,2011-W08,yes,R4,2,2,This is significantly above their usual range of 0 visits and even above the average of 1 visit among same-role peers.,F001 visits to job-search sites=7 [own~0 max21] [peer~1 n65],F002 visits to leak-publication sites=0 [own~0 max0] ; F003 visits to cloud-storage sites=9 [own~14 max41] [peer~1 n65] ; F004 distinct web domains visited=41 [own~34 max44] [peer~57 n65] ; F005 distinct workstations used=2 [own~2 max3] [peer~1 n65] ; F006 days with recorded activity=5 [own~5 max5] [peer~5 n65] ; F007 hour of earliest logon in the week=8 ; F008 hour of latest logon in the week=15,grounded,"No rule fired: no unmatched numbers, no speculative language, no causal-context pattern, and no clear evidence-gloss assertion; needs full manual judgement.",,grounded,
b1e9fc4b7ae7_s001,b1e9fc4b7ae7,ACM2278,2010-W34,yes,R4,10,11,"ACM2278's activity this week (2010-W34) was flagged due to an unusual number of visits to leak-publication sites, with 3 visits, which is clearly above their usual range of 0.",F001 visits to leak-publication sites=3 [own~0 max4],F002 visits to job-search sites=22 [own~25 max42] [peer~2 n216] ; F003 visits to cloud-storage sites=12 [own~9.50 max12] [peer~1 n216] ; F004 distinct web domains visited=49 [own~53 max59] [peer~59 n216] ; F005 distinct workstations used=1 [own~1 max1] [peer~1 n216] ; F006 days with recorded activity=5 [own~5 max6] [peer~5 n216] ; F007 hour of earliest logon in the week=1 ; F008 hour of latest logon in the week=12,grounded,Main clause asserts evidence fact (F001) and all numbers trace to facts[]. Rule 1 fired.,,grounded,
b1e9fc4b7ae7_s002,b1e9fc4b7ae7,ACM2278,2010-W34,yes,R4,3,3,This suggests that ACM2278 may have been browsing to job-search or leak-publication sites atypical for their role as a salesman.,F001 visits to leak-publication sites=3 [own~0 max4],F002 visits to job-search sites=22 [own~25 max42] [peer~2 n216] ; F003 visits to cloud-storage sites=12 [own~9.50 max12] [peer~1 n216] ; F004 distinct web domains visited=49 [own~53 max59] [peer~59 n216] ; F005 distinct workstations used=1 [own~1 max1] [peer~1 n216] ; F006 days with recorded activity=5 [own~5 max6] [peer~5 n216] ; F007 hour of earliest logon in the week=1 ; F008 hour of latest logon in the week=12,unverifiable,"No rule fired: no unmatched numbers, no speculative language, no causal-context pattern, and no clear evidence-gloss assertion; needs full manual judgement.",,hallucinated,"Category conflation: describes 'browsing to job-search or leak-publication sites' as atypical as a bundled category, but job-search (F002=22) is below its own typical (25) -- not atypical. Only the leak-site component (F001) is genuinely evidence."
b1e9fc4b7ae7_s003,b1e9fc4b7ae7,ACM2278,2010-W34,yes,R4,2,2,"The UEBA system flagged this week for ACM2278, a salesman in the RegionalSales team, due to triggered detection rules related to browsing to job-search or leak-publication sites.",F001 visits to leak-publication sites=3 [own~0 max4],F002 visits to job-search sites=22 [own~25 max42] [peer~2 n216] ; F003 visits to cloud-storage sites=12 [own~9.50 max12] [peer~1 n216] ; F004 distinct web domains visited=49 [own~53 max59] [peer~59 n216] ; F005 distinct workstations used=1 [own~1 max1] [peer~1 n216] ; F006 days with recorded activity=5 [own~5 max6] [peer~5 n216] ; F007 hour of earliest logon in the week=1 ; F008 hour of latest logon in the week=12,grounded,"No rule fired: no unmatched numbers, no speculative language, no causal-context pattern, and no clear evidence-gloss assertion; needs full manual judgement.",,grounded,
b1e9fc4b7ae7_s005,b1e9fc4b7ae7,ACM2278,2010-W34,yes,R4,2,2,This suggests that he may have been searching for or sharing sensitive information outside of his usual duties.,F001 visits to leak-publication sites=3 [own~0 max4],F002 visits to job-search sites=22 [own~25 max42] [peer~2 n216] ; F003 visits to cloud-storage sites=12 [own~9.50 max12] [peer~1 n216] ; F004 distinct web domains visited=49 [own~53 max59] [peer~59 n216] ; F005 distinct workstations used=1 [own~1 max1] [peer~1 n216] ; F006 days with recorded activity=5 [own~5 max6] [peer~5 n216] ; F007 hour of earliest logon in the week=1 ; F008 hour of latest logon in the week=12,unverifiable,"No rule fired: no unmatched numbers, no speculative language, no causal-context pattern, and no clear evidence-gloss assertion; needs full manual judgement.",,unverifiable,
b1e9fc4b7ae7_s006,b1e9fc4b7ae7,ACM2278,2010-W34,yes,R4,2,2,"This week, ACM2278 (Allen Cruz Mccoy) exhibited unusual browsing behavior for a Salesman, triggering rule R4.",F001 visits to leak-publication sites=3 [own~0 max4],F002 visits to job-search sites=22 [own~25 max42] [peer~2 n216] ; F003 visits to cloud-storage sites=12 [own~9.50 max12] [peer~1 n216] ; F004 distinct web domains visited=49 [own~53 max59] [peer~59 n216] ; F005 distinct workstations used=1 [own~1 max1] [peer~1 n216] ; F006 days with recorded activity=5 [own~5 max6] [peer~5 n216] ; F007 hour of earliest logon in the week=1 ; F008 hour of latest logon in the week=12,grounded,"No rule fired: no unmatched numbers, no speculative language, no causal-context pattern, and no clear evidence-gloss assertion; needs full manual judgement.",,grounded,
b1e9fc4b7ae7_s008,b1e9fc4b7ae7,ACM2278,2010-W34,yes,R4,2,2,"Specifically, Allen visited these sites 3 times, which is significantly above their typical range of 0 visits.",F001 visits to leak-publication sites=3 [own~0 max4],F002 visits to job-search sites=22 [own~25 max42] [peer~2 n216] ; F003 visits to cloud-storage sites=12 [own~9.50 max12] [peer~1 n216] ; F004 distinct web domains visited=49 [own~53 max59] [peer~59 n216] ; F005 distinct workstations used=1 [own~1 max1] [peer~1 n216] ; F006 days with recorded activity=5 [own~5 max6] [peer~5 n216] ; F007 hour of earliest logon in the week=1 ; F008 hour of latest logon in the week=12,grounded,"No rule fired: no unmatched numbers, no speculative language, no causal-context pattern, and no clear evidence-gloss assertion; needs full manual judgement.",,grounded,
b1e9fc4b7ae7_s004,b1e9fc4b7ae7,ACM2278,2010-W34,yes,R4,1,1,"This is the primary evidence driving the flag, and it suggests that ACM2278 may be engaging in atypical behavior for their role.",F001 visits to leak-publication sites=3 [own~0 max4],F002 visits to job-search sites=22 [own~25 max42] [peer~2 n216] ; F003 visits to cloud-storage sites=12 [own~9.50 max12] [peer~1 n216] ; F004 distinct web domains visited=49 [own~53 max59] [peer~59 n216] ; F005 distinct workstations used=1 [own~1 max1] [peer~1 n216] ; F006 days with recorded activity=5 [own~5 max6] [peer~5 n216] ; F007 hour of earliest logon in the week=1 ; F008 hour of latest logon in the week=12,unverifiable,Sentence contains speculative/hedge language ('may be'); neither matches nor contradicts any fact; rule 5 fired.,,unverifiable,
b1e9fc4b7ae7_s007,b1e9fc4b7ae7,ACM2278,2010-W34,yes,R4,1,1,"This anomaly suggests that Allen may be searching for job information outside of their usual channels, which is not typical for someone in their role.",F001 visits to leak-publication sites=3 [own~0 max4],F002 visits to job-search sites=22 [own~25 max42] [peer~2 n216] ; F003 visits to cloud-storage sites=12 [own~9.50 max12] [peer~1 n216] ; F004 distinct web domains visited=49 [own~53 max59] [peer~59 n216] ; F005 distinct workstations used=1 [own~1 max1] [peer~1 n216] ; F006 days with recorded activity=5 [own~5 max6] [peer~5 n216] ; F007 hour of earliest logon in the week=1 ; F008 hour of latest logon in the week=12,unverifiable,Sentence contains speculative/hedge language ('may be'); neither matches nor contradicts any fact; rule 5 fired.,,unverifiable,
b1e9fc4b7ae7_s009,b1e9fc4b7ae7,ACM2278,2010-W34,yes,R4,1,1,"This spike in activity triggered rule R4, which flags browsing to job-search or leak-publication sites as atypical for their role.",F001 visits to leak-publication sites=3 [own~0 max4],F002 visits to job-search sites=22 [own~25 max42] [peer~2 n216] ; F003 visits to cloud-storage sites=12 [own~9.50 max12] [peer~1 n216] ; F004 distinct web domains visited=49 [own~53 max59] [peer~59 n216] ; F005 distinct workstations used=1 [own~1 max1] [peer~1 n216] ; F006 days with recorded activity=5 [own~5 max6] [peer~5 n216] ; F007 hour of earliest logon in the week=1 ; F008 hour of latest logon in the week=12,grounded,"No rule fired: no unmatched numbers, no speculative language, no causal-context pattern, and no clear evidence-gloss assertion; needs full manual judgement.",,grounded,
b1e9fc4b7ae7_s010,b1e9fc4b7ae7,ACM2278,2010-W34,yes,R4,1,1,"This is the only unusual behavior observed, as their visits to job-search sites, cloud-storage sites, and overall web domains visited are within their typical range.",F001 visits to leak-publication sites=3 [own~0 max4],F002 visits to job-search sites=22 [own~25 max42] [peer~2 n216] ; F003 visits to cloud-storage sites=12 [own~9.50 max12] [peer~1 n216] ; F004 distinct web domains visited=49 [own~53 max59] [peer~59 n216] ; F005 distinct workstations used=1 [own~1 max1] [peer~1 n216] ; F006 days with recorded activity=5 [own~5 max6] [peer~5 n216] ; F007 hour of earliest logon in the week=1 ; F008 hour of latest logon in the week=12,hallucinated,"No rule fired: no unmatched numbers, no speculative language, no causal-context pattern, and no clear evidence-gloss assertion; needs full manual judgement.",,grounded,
b4ce2baa3e04_s005,b4ce2baa3e04,AFB3228,2010-W42,no,"R1,R4",7,5,"Adele Fiona Boone, an Electrical Engineer, had an unusual week.",F001 logons outside working hours=4 [own~0.50 max4] ; F002 visits to job-search sites=70 [own~36 max61] [peer~8 n366],F003 logon events=12 [own~10 max12] [peer~5 n366] ; F004 logons at the weekend=0 [own~0 max1] ; F005 days with recorded activity=5 [own~5 max6] [peer~5 n366] ; F006 visits to leak-publication sites=0 [own~0 max0] ; F007 visits to cloud-storage sites=2 [own~1.50 max6] [peer~1 n366] ; F008 distinct web domains visited=67 [own~60 max71] [peer~66 n366] ; F009 distinct workstations used=1 [own~1 max1] [peer~1 n366] ; F010 hour of earliest logon in the week=0 ; F011 hour of latest logon in the week=22,grounded,"No rule fired: no unmatched numbers, no speculative language, no causal-context pattern, and no clear evidence-gloss assertion; needs full manual judgement.",,grounded,
b4ce2baa3e04_s002,b4ce2baa3e04,AFB3228,2010-W42,no,"R1,R4",6,7,"Firstly, there were 4 logons outside their typical working hours, which is significantly above their usual range.",F001 logons outside working hours=4 [own~0.50 max4] ; F002 visits to job-search sites=70 [own~36 max61] [peer~8 n366],F003 logon events=12 [own~10 max12] [peer~5 n366] ; F004 logons at the weekend=0 [own~0 max1] ; F005 days with recorded activity=5 [own~5 max6] [peer~5 n366] ; F006 visits to leak-publication sites=0 [own~0 max0] ; F007 visits to cloud-storage sites=2 [own~1.50 max6] [peer~1 n366] ; F008 distinct web domains visited=67 [own~60 max71] [peer~66 n366] ; F009 distinct workstations used=1 [own~1 max1] [peer~1 n366] ; F010 hour of earliest logon in the week=0 ; F011 hour of latest logon in the week=22,grounded,"No rule fired: no unmatched numbers, no speculative language, no causal-context pattern, and no clear evidence-gloss assertion; needs full manual judgement.",,grounded,Resolved after initial pass to close a slice-boundary gap in review.
b4ce2baa3e04_s003,b4ce2baa3e04,AFB3228,2010-W42,no,"R1,R4",6,6,"Secondly, there were 70 visits to job-search sites, which is also well above their typical range and even above the range seen among their peers in the same role.",F001 logons outside working hours=4 [own~0.50 max4] ; F002 visits to job-search sites=70 [own~36 max61] [peer~8 n366],F003 logon events=12 [own~10 max12] [peer~5 n366] ; F004 logons at the weekend=0 [own~0 max1] ; F005 days with recorded activity=5 [own~5 max6] [peer~5 n366] ; F006 visits to leak-publication sites=0 [own~0 max0] ; F007 visits to cloud-storage sites=2 [own~1.50 max6] [peer~1 n366] ; F008 distinct web domains visited=67 [own~60 max71] [peer~66 n366] ; F009 distinct workstations used=1 [own~1 max1] [peer~1 n366] ; F010 hour of earliest logon in the week=0 ; F011 hour of latest logon in the week=22,grounded,Main clause asserts evidence fact (F002) and all numbers trace to facts[]. Rule 1 fired.,,grounded,
b4ce2baa3e04_s006,b4ce2baa3e04,AFB3228,2010-W42,no,"R1,R4",4,5,Evidence suggests that she triggered two detection rules: Unusual volume of logons outside her working hours and Browsing to job-search or leak-publication sites atypical for her role.,F001 logons outside working hours=4 [own~0.50 max4] ; F002 visits to job-search sites=70 [own~36 max61] [peer~8 n366],F003 logon events=12 [own~10 max12] [peer~5 n366] ; F004 logons at the weekend=0 [own~0 max1] ; F005 days with recorded activity=5 [own~5 max6] [peer~5 n366] ; F006 visits to leak-publication sites=0 [own~0 max0] ; F007 visits to cloud-storage sites=2 [own~1.50 max6] [peer~1 n366] ; F008 distinct web domains visited=67 [own~60 max71] [peer~66 n366] ; F009 distinct workstations used=1 [own~1 max1] [peer~1 n366] ; F010 hour of earliest logon in the week=0 ; F011 hour of latest logon in the week=22,grounded,"No rule fired: no unmatched numbers, no speculative language, no causal-context pattern, and no clear evidence-gloss assertion; needs full manual judgement.",,grounded,
b4ce2baa3e04_s001,b4ce2baa3e04,AFB3228,2010-W42,no,"R1,R4",3,3,"AFB3228's activity this week, 2010-W42, has triggered two detection rules.",F001 logons outside working hours=4 [own~0.50 max4] ; F002 visits to job-search sites=70 [own~36 max61] [peer~8 n366],F003 logon events=12 [own~10 max12] [peer~5 n366] ; F004 logons at the weekend=0 [own~0 max1] ; F005 days with recorded activity=5 [own~5 max6] [peer~5 n366] ; F006 visits to leak-publication sites=0 [own~0 max0] ; F007 visits to cloud-storage sites=2 [own~1.50 max6] [peer~1 n366] ; F008 distinct web domains visited=67 [own~60 max71] [peer~66 n366] ; F009 distinct workstations used=1 [own~1 max1] [peer~1 n366] ; F010 hour of earliest logon in the week=0 ; F011 hour of latest logon in the week=22,grounded,"No rule fired: no unmatched numbers, no speculative language, no causal-context pattern, and no clear evidence-gloss assertion; needs full manual judgement.",,grounded,
b4ce2baa3e04_s007,b4ce2baa3e04,AFB3228,2010-W42,no,"R1,R4",3,3,This is also above the peer range of 8 visits among 366 peers in the same role.,F001 logons outside working hours=4 [own~0.50 max4] ; F002 visits to job-search sites=70 [own~36 max61] [peer~8 n366],F003 logon events=12 [own~10 max12] [peer~5 n366] ; F004 logons at the weekend=0 [own~0 max1] ; F005 days with recorded activity=5 [own~5 max6] [peer~5 n366] ; F006 visits to leak-publication sites=0 [own~0 max0] ; F007 visits to cloud-storage sites=2 [own~1.50 max6] [peer~1 n366] ; F008 distinct web domains visited=67 [own~60 max71] [peer~66 n366] ; F009 distinct workstations used=1 [own~1 max1] [peer~1 n366] ; F010 hour of earliest logon in the week=0 ; F011 hour of latest logon in the week=22,grounded,"No rule fired: no unmatched numbers, no speculative language, no causal-context pattern, and no clear evidence-gloss assertion; needs full manual judgement.",,grounded,
b4ce2baa3e04_s008,b4ce2baa3e04,AFB3228,2010-W42,no,"R1,R4",2,2,"The UEBA system flagged her activity due to the ""Evidence for triggered rules.""",F001 logons outside working hours=4 [own~0.50 max4] ; F002 visits to job-search sites=70 [own~36 max61] [peer~8 n366],F003 logon events=12 [own~10 max12] [peer~5 n366] ; F004 logons at the weekend=0 [own~0 max1] ; F005 days with recorded activity=5 [own~5 max6] [peer~5 n366] ; F006 visits to leak-publication sites=0 [own~0 max0] ; F007 visits to cloud-storage sites=2 [own~1.50 max6] [peer~1 n366] ; F008 distinct web domains visited=67 [own~60 max71] [peer~66 n366] ; F009 distinct workstations used=1 [own~1 max1] [peer~1 n366] ; F010 hour of earliest logon in the week=0 ; F011 hour of latest logon in the week=22,grounded,"Main clause uses causal language and cites context-only fact (F005), not an evidence fact. Rule 4 fired.",,grounded,
b4ce2baa3e04_s010,b4ce2baa3e04,AFB3228,2010-W42,no,"R1,R4",2,2,"Secondly, Adele visited job-search sites at an atypical frequency, with 70 visits logged, exceeding their typical range of 36.",F001 logons outside working hours=4 [own~0.50 max4] ; F002 visits to job-search sites=70 [own~36 max61] [peer~8 n366],F003 logon events=12 [own~10 max12] [peer~5 n366] ; F004 logons at the weekend=0 [own~0 max1] ; F005 days with recorded activity=5 [own~5 max6] [peer~5 n366] ; F006 visits to leak-publication sites=0 [own~0 max0] ; F007 visits to cloud-storage sites=2 [own~1.50 max6] [peer~1 n366] ; F008 distinct web domains visited=67 [own~60 max71] [peer~66 n366] ; F009 distinct workstations used=1 [own~1 max1] [peer~1 n366] ; F010 hour of earliest logon in the week=0 ; F011 hour of latest logon in the week=22,grounded,"No rule fired: no unmatched numbers, no speculative language, no causal-context pattern, and no clear evidence-gloss assertion; needs full manual judgement.",,grounded,
b4ce2baa3e04_s004,b4ce2baa3e04,AFB3228,2010-W42,no,"R1,R4",1,1,These unusual logon patterns and browsing habits are the primary evidence for these triggered rules.,F001 logons outside working hours=4 [own~0.50 max4] ; F002 visits to job-search sites=70 [own~36 max61] [peer~8 n366],F003 logon events=12 [own~10 max12] [peer~5 n366] ; F004 logons at the weekend=0 [own~0 max1] ; F005 days with recorded activity=5 [own~5 max6] [peer~5 n366] ; F006 visits to leak-publication sites=0 [own~0 max0] ; F007 visits to cloud-storage sites=2 [own~1.50 max6] [peer~1 n366] ; F008 distinct web domains visited=67 [own~60 max71] [peer~66 n366] ; F009 distinct workstations used=1 [own~1 max1] [peer~1 n366] ; F010 hour of earliest logon in the week=0 ; F011 hour of latest logon in the week=22,grounded,"No rule fired: no unmatched numbers, no speculative language, no causal-context pattern, and no clear evidence-gloss assertion; needs full manual judgement.",,grounded,
b4ce2baa3e04_s009,b4ce2baa3e04,AFB3228,2010-W42,no,"R1,R4",1,1,"These events triggered rules R1 and R4, respectively.",F001 logons outside working hours=4 [own~0.50 max4] ; F002 visits to job-search sites=70 [own~36 max61] [peer~8 n366],F003 logon events=12 [own~10 max12] [peer~5 n366] ; F004 logons at the weekend=0 [own~0 max1] ; F005 days with recorded activity=5 [own~5 max6] [peer~5 n366] ; F006 visits to leak-publication sites=0 [own~0 max0] ; F007 visits to cloud-storage sites=2 [own~1.50 max6] [peer~1 n366] ; F008 distinct web domains visited=67 [own~60 max71] [peer~66 n366] ; F009 distinct workstations used=1 [own~1 max1] [peer~1 n366] ; F010 hour of earliest logon in the week=0 ; F011 hour of latest logon in the week=22,grounded,"No rule fired: no unmatched numbers, no speculative language, no causal-context pattern, and no clear evidence-gloss assertion; needs full manual judgement.",,grounded,
b4ce2baa3e04_s011,b4ce2baa3e04,AFB3228,2010-W42,no,"R1,R4",1,1,The week in question (2010-W42) was flagged due to evidence from triggered rules.,F001 logons outside working hours=4 [own~0.50 max4] ; F002 visits to job-search sites=70 [own~36 max61] [peer~8 n366],F003 logon events=12 [own~10 max12] [peer~5 n366] ; F004 logons at the weekend=0 [own~0 max1] ; F005 days with recorded activity=5 [own~5 max6] [peer~5 n366] ; F006 visits to leak-publication sites=0 [own~0 max0] ; F007 visits to cloud-storage sites=2 [own~1.50 max6] [peer~1 n366] ; F008 distinct web domains visited=67 [own~60 max71] [peer~66 n366] ; F009 distinct workstations used=1 [own~1 max1] [peer~1 n366] ; F010 hour of earliest logon in the week=0 ; F011 hour of latest logon in the week=22,grounded,"No rule fired: no unmatched numbers, no speculative language, no causal-context pattern, and no clear evidence-gloss assertion; needs full manual judgement.",,grounded,
b6b2b02a91c9_s004,b6b2b02a91c9,ABP2917,2010-W23,no,R2,8,9,"The UEBA system flagged Alice Britanney Pope's activity for the week 2010-W23 due to the elevated number of files copied to removable media, with 19 files copied, which is significantly above her usual range of 6.50.",F001 files copied to removable media=19 [own~6.50 max17],F002 removable device connections=12 [own~6 max10] ; F003 removable device connections outside working hours=0 [own~0 max0] ; F004 file operations=53 [own~24 max49] ; F005 distinct workstations used=1 [own~1 max1] [peer~1 n370] ; F006 days with recorded activity=7 [own~6 max6] [peer~5 n370] ; F007 hour of earliest logon in the week=7 ; F008 hour of latest logon in the week=13,grounded,Main clause asserts evidence fact (F001) and all numbers trace to facts[]. Rule 1 fired.,,grounded,
b6b2b02a91c9_s002,b6b2b02a91c9,ABP2917,2010-W23,no,R2,6,6,"Specifically, 19 files were copied to removable media, which is significantly above their typical range of 6.5 files per week.",F001 files copied to removable media=19 [own~6.50 max17],F002 removable device connections=12 [own~6 max10] ; F003 removable device connections outside working hours=0 [own~0 max0] ; F004 file operations=53 [own~24 max49] ; F005 distinct workstations used=1 [own~1 max1] [peer~1 n370] ; F006 days with recorded activity=7 [own~6 max6] [peer~5 n370] ; F007 hour of earliest logon in the week=7 ; F008 hour of latest logon in the week=13,grounded,"No rule fired: no unmatched numbers, no speculative language, no causal-context pattern, and no clear evidence-gloss assertion; needs full manual judgement.",,grounded,
b6b2b02a91c9_s001,b6b2b02a91c9,ABP2917,2010-W23,no,R2,3,3,"ABP2917, a technician in the Regional Field Service team, has triggered a detection rule due to an elevated number of files copied to removable media.",F001 files copied to removable media=19 [own~6.50 max17],F002 removable device connections=12 [own~6 max10] ; F003 removable device connections outside working hours=0 [own~0 max0] ; F004 file operations=53 [own~24 max49] ; F005 distinct workstations used=1 [own~1 max1] [peer~1 n370] ; F006 days with recorded activity=7 [own~6 max6] [peer~5 n370] ; F007 hour of earliest logon in the week=7 ; F008 hour of latest logon in the week=13,grounded,Main clause asserts evidence fact (F001) and all numbers trace to facts[]. Rule 1 fired.,,grounded,
b6b2b02a91c9_s005,b6b2b02a91c9,ABP2917,2010-W23,no,R2,2,2,This anomaly is the primary evidence for the triggered rule R2.,F001 files copied to removable media=19 [own~6.50 max17],F002 removable device connections=12 [own~6 max10] ; F003 removable device connections outside working hours=0 [own~0 max0] ; F004 file operations=53 [own~24 max49] ; F005 distinct workstations used=1 [own~1 max1] [peer~1 n370] ; F006 days with recorded activity=7 [own~6 max6] [peer~5 n370] ; F007 hour of earliest logon in the week=7 ; F008 hour of latest logon in the week=13,grounded,"No rule fired: no unmatched numbers, no speculative language, no causal-context pattern, and no clear evidence-gloss assertion; needs full manual judgement.",,grounded,
b6b2b02a91c9_s006,b6b2b02a91c9,ABP2917,2010-W23,no,R2,2,2,"This suggests that Alice may have been copying more files to removable media than usual, potentially indicating a change in her work habits or a need for additional data transfer.",F001 files copied to removable media=19 [own~6.50 max17],F002 removable device connections=12 [own~6 max10] ; F003 removable device connections outside working hours=0 [own~0 max0] ; F004 file operations=53 [own~24 max49] ; F005 distinct workstations used=1 [own~1 max1] [peer~1 n370] ; F006 days with recorded activity=7 [own~6 max6] [peer~5 n370] ; F007 hour of earliest logon in the week=7 ; F008 hour of latest logon in the week=13,unverifiable,"No rule fired: no unmatched numbers, no speculative language, no causal-context pattern, and no clear evidence-gloss assertion; needs full manual judgement.",,unverifiable,
b6b2b02a91c9_s003,b6b2b02a91c9,ABP2917,2010-W23,no,R2,1,1,"This anomaly stands out as the user's overall removable device connections and file operations are within their usual range, suggesting that this increased activity is not part of their typical pattern.",F001 files copied to removable media=19 [own~6.50 max17],F002 removable device connections=12 [own~6 max10] ; F003 removable device connections outside working hours=0 [own~0 max0] ; F004 file operations=53 [own~24 max49] ; F005 distinct workstations used=1 [own~1 max1] [peer~1 n370] ; F006 days with recorded activity=7 [own~6 max6] [peer~5 n370] ; F007 hour of earliest logon in the week=7 ; F008 hour of latest logon in the week=13,hallucinated,"No rule fired: no unmatched numbers, no speculative language, no causal-context pattern, and no clear evidence-gloss assertion; needs full manual judgement.",,grounded,
b6b2b02a91c9_s007,b6b2b02a91c9,ABP2917,2010-W23,no,R2,1,1,"This anomaly is the primary reason for the flag, and it warrants further investigation to determine the nature of the file copying activity and ensure it is not a security concern.",F001 files copied to removable media=19 [own~6.50 max17],F002 removable device connections=12 [own~6 max10] ; F003 removable device connections outside working hours=0 [own~0 max0] ; F004 file operations=53 [own~24 max49] ; F005 distinct workstations used=1 [own~1 max1] [peer~1 n370] ; F006 days with recorded activity=7 [own~6 max6] [peer~5 n370] ; F007 hour of earliest logon in the week=7 ; F008 hour of latest logon in the week=13,unverifiable,"Main clause uses causal language and cites context-only fact (F006), not an evidence fact. Rule 4 fired.",,grounded,Resolved after initial pass to close a slice-boundary gap in review.
b6b2b02a91c9_s008,b6b2b02a91c9,ABP2917,2010-W23,no,R2,1,1,The lack of distinct workstations used and days with recorded activity also suggests that this unusual file copying is not part of a larger pattern of unusual behavior.,F001 files copied to removable media=19 [own~6.50 max17],F002 removable device connections=12 [own~6 max10] ; F003 removable device connections outside working hours=0 [own~0 max0] ; F004 file operations=53 [own~24 max49] ; F005 distinct workstations used=1 [own~1 max1] [peer~1 n370] ; F006 days with recorded activity=7 [own~6 max6] [peer~5 n370] ; F007 hour of earliest logon in the week=7 ; F008 hour of latest logon in the week=13,hallucinated,"No rule fired: no unmatched numbers, no speculative language, no causal-context pattern, and no clear evidence-gloss assertion; needs full manual judgement.",,grounded,
c649b67f9bdc_s001,c649b67f9bdc,CDE1846,2011-W14,yes,R5,6,6,The UEBA system flagged CDE1846's (Carlos Dieter Ewing) week for review due to an unusual volume of file operations.,F001 file operations=8 [own~1.50 max13] [peer~1 n366],F002 logon events=7 [own~5 max6] [peer~5 n366] ; F003 web requests=475 [own~475 max475] [peer~475 n366] ; F004 removable device connections=0 [own~0 max0] ; F005 distinct workstations used=3 [own~1 max2] [peer~1 n366] ; F006 days with recorded activity=5 [own~5 max5] [peer~5 n366] ; F007 hour of earliest logon in the week=8 ; F008 hour of latest logon in the week=17,grounded,Main clause asserts evidence fact (F001) and all numbers trace to facts[]. Rule 1 fired.,,grounded,
c649b67f9bdc_s002,c649b67f9bdc,CDE1846,2011-W14,yes,R5,4,4,"According to the evidence, Carlos's file operations for the week (8) are significantly above his usual range (1.50) and also exceed the typical volume among his same-role peers (1).",F001 file operations=8 [own~1.50 max13] [peer~1 n366],F002 logon events=7 [own~5 max6] [peer~5 n366] ; F003 web requests=475 [own~475 max475] [peer~475 n366] ; F004 removable device connections=0 [own~0 max0] ; F005 distinct workstations used=3 [own~1 max2] [peer~1 n366] ; F006 days with recorded activity=5 [own~5 max5] [peer~5 n366] ; F007 hour of earliest logon in the week=8 ; F008 hour of latest logon in the week=17,grounded,Main clause asserts evidence fact (F001) and all numbers trace to facts[]. Rule 1 fired.,,grounded,
c649b67f9bdc_s003,c649b67f9bdc,CDE1846,2011-W14,yes,R5,4,4,This anomaly is the primary reason for the triggered detection rules.,F001 file operations=8 [own~1.50 max13] [peer~1 n366],F002 logon events=7 [own~5 max6] [peer~5 n366] ; F003 web requests=475 [own~475 max475] [peer~475 n366] ; F004 removable device connections=0 [own~0 max0] ; F005 distinct workstations used=3 [own~1 max2] [peer~1 n366] ; F006 days with recorded activity=5 [own~5 max5] [peer~5 n366] ; F007 hour of earliest logon in the week=8 ; F008 hour of latest logon in the week=17,grounded,"No rule fired: no unmatched numbers, no speculative language, no causal-context pattern, and no clear evidence-gloss assertion; needs full manual judgement.",,grounded,
c649b67f9bdc_s004,c649b67f9bdc,CDE1846,2011-W14,yes,R5,4,6,"Specifically, the overall volume of file operations was significantly higher than what's typical for their role and peers.",F001 file operations=8 [own~1.50 max13] [peer~1 n366],F002 logon events=7 [own~5 max6] [peer~5 n366] ; F003 web requests=475 [own~475 max475] [peer~475 n366] ; F004 removable device connections=0 [own~0 max0] ; F005 distinct workstations used=3 [own~1 max2] [peer~1 n366] ; F006 days with recorded activity=5 [own~5 max5] [peer~5 n366] ; F007 hour of earliest logon in the week=8 ; F008 hour of latest logon in the week=17,grounded,Main clause asserts evidence fact (F001) and all numbers trace to facts[]. Rule 1 fired.,,grounded,
c649b67f9bdc_s005,c649b67f9bdc,CDE1846,2011-W14,yes,R5,2,2,This unusual surge in file activity is the primary evidence that triggered the detection rules.,F001 file operations=8 [own~1.50 max13] [peer~1 n366],F002 logon events=7 [own~5 max6] [peer~5 n366] ; F003 web requests=475 [own~475 max475] [peer~475 n366] ; F004 removable device connections=0 [own~0 max0] ; F005 distinct workstations used=3 [own~1 max2] [peer~1 n366] ; F006 days with recorded activity=5 [own~5 max5] [peer~5 n366] ; F007 hour of earliest logon in the week=8 ; F008 hour of latest logon in the week=17,grounded,"No rule fired: no unmatched numbers, no speculative language, no causal-context pattern, and no clear evidence-gloss assertion; needs full manual judgement.",,grounded,
c649b67f9bdc_s006,c649b67f9bdc,CDE1846,2011-W14,yes,R5,2,2,"Carlos Dieter Ewing, an Electrical Engineer, had an unusual week (2011-W14).",F001 file operations=8 [own~1.50 max13] [peer~1 n366],F002 logon events=7 [own~5 max6] [peer~5 n366] ; F003 web requests=475 [own~475 max475] [peer~475 n366] ; F004 removable device connections=0 [own~0 max0] ; F005 distinct workstations used=3 [own~1 max2] [peer~1 n366] ; F006 days with recorded activity=5 [own~5 max5] [peer~5 n366] ; F007 hour of earliest logon in the week=8 ; F008 hour of latest logon in the week=17,grounded,"No rule fired: no unmatched numbers, no speculative language, no causal-context pattern, and no clear evidence-gloss assertion; needs full manual judgement.",,grounded,
c649b67f9bdc_s007,c649b67f9bdc,CDE1846,2011-W14,yes,R5,1,1,The system flagged his activity due to an overall activity volume that far exceeded that of his same-role peers.,F001 file operations=8 [own~1.50 max13] [peer~1 n366],F002 logon events=7 [own~5 max6] [peer~5 n366] ; F003 web requests=475 [own~475 max475] [peer~475 n366] ; F004 removable device connections=0 [own~0 max0] ; F005 distinct workstations used=3 [own~1 max2] [peer~1 n366] ; F006 days with recorded activity=5 [own~5 max5] [peer~5 n366] ; F007 hour of earliest logon in the week=8 ; F008 hour of latest logon in the week=17,grounded,"Main clause uses causal language and cites context-only fact (F006), not an evidence fact. Rule 4 fired.",,grounded,
c649b67f9bdc_s008,c649b67f9bdc,CDE1846,2011-W14,yes,R5,1,1,This week's value is also above the peer range of 1 across 366 peers in the same role.,F001 file operations=8 [own~1.50 max13] [peer~1 n366],F002 logon events=7 [own~5 max6] [peer~5 n366] ; F003 web requests=475 [own~475 max475] [peer~475 n366] ; F004 removable device connections=0 [own~0 max0] ; F005 distinct workstations used=3 [own~1 max2] [peer~1 n366] ; F006 days with recorded activity=5 [own~5 max5] [peer~5 n366] ; F007 hour of earliest logon in the week=8 ; F008 hour of latest logon in the week=17,grounded,"No rule fired: no unmatched numbers, no speculative language, no causal-context pattern, and no clear evidence-gloss assertion; needs full manual judgement.",,grounded,
c649b67f9bdc_s009,c649b67f9bdc,CDE1846,2011-W14,yes,R5,1,1,"This week, Carlos Dieter Ewing's (CDE1846) overall activity volume was significantly higher than that of his same-role peers.",F001 file operations=8 [own~1.50 max13] [peer~1 n366],F002 logon events=7 [own~5 max6] [peer~5 n366] ; F003 web requests=475 [own~475 max475] [peer~475 n366] ; F004 removable device connections=0 [own~0 max0] ; F005 distinct workstations used=3 [own~1 max2] [peer~1 n366] ; F006 days with recorded activity=5 [own~5 max5] [peer~5 n366] ; F007 hour of earliest logon in the week=8 ; F008 hour of latest logon in the week=17,hallucinated,"No rule fired: no unmatched numbers, no speculative language, no causal-context pattern, and no clear evidence-gloss assertion; needs full manual judgement.",,grounded,
d0dc80a513b1_s004,d0dc80a513b1,AGW1590,2011-W10,no,"R2,R5",9,10,"Additionally, there were 12 files copied to removable media, which is also above her usual range of 3.",F001 files copied to removable media=12 [own~3 max13] ; F002 file operations=34 [own~14 max28] [peer~1 n328],F003 removable device connections=10 [own~5.50 max8] ; F004 removable device connections outside working hours=0 [own~0 max0] ; F005 logon events=12 [own~11 max12] [peer~5 n328] ; F006 web requests=765 [own~765 max765] [peer~810 n328] ; F007 distinct workstations used=3 [own~2 max3] [peer~1 n328] ; F008 days with recorded activity=5 [own~5 max5] [peer~5 n328] ; F009 hour of earliest logon in the week=6 ; F010 hour of latest logon in the week=14,grounded,Main clause asserts evidence fact (F001) and all numbers trace to facts[]. Rule 1 fired.,,grounded,
d0dc80a513b1_s002,d0dc80a513b1,AGW1590,2011-W10,no,"R2,R5",7,7,"The most significant evidence is the unusually high number of file operations, with 34 operations this week, compared to the usual 14.",F001 files copied to removable media=12 [own~3 max13] ; F002 file operations=34 [own~14 max28] [peer~1 n328],F003 removable device connections=10 [own~5.50 max8] ; F004 removable device connections outside working hours=0 [own~0 max0] ; F005 logon events=12 [own~11 max12] [peer~5 n328] ; F006 web requests=765 [own~765 max765] [peer~810 n328] ; F007 distinct workstations used=3 [own~2 max3] [peer~1 n328] ; F008 days with recorded activity=5 [own~5 max5] [peer~5 n328] ; F009 hour of earliest logon in the week=6 ; F010 hour of latest logon in the week=14,grounded,Main clause asserts evidence fact (F002) and all numbers trace to facts[]. Rule 1 fired.,,grounded,
d0dc80a513b1_s003,d0dc80a513b1,AGW1590,2011-W10,no,"R2,R5",3,3,"This is significantly above not only her typical range but also the range of her same-role peers, who averaged only 1 file operation this week.",F001 files copied to removable media=12 [own~3 max13] ; F002 file operations=34 [own~14 max28] [peer~1 n328],F003 removable device connections=10 [own~5.50 max8] ; F004 removable device connections outside working hours=0 [own~0 max0] ; F005 logon events=12 [own~11 max12] [peer~5 n328] ; F006 web requests=765 [own~765 max765] [peer~810 n328] ; F007 distinct workstations used=3 [own~2 max3] [peer~1 n328] ; F008 days with recorded activity=5 [own~5 max5] [peer~5 n328] ; F009 hour of earliest logon in the week=6 ; F010 hour of latest logon in the week=14,grounded,"No rule fired: no unmatched numbers, no speculative language, no causal-context pattern, and no clear evidence-gloss assertion; needs full manual judgement.",,grounded,
d0dc80a513b1_s005,d0dc80a513b1,AGW1590,2011-W10,no,"R2,R5",2,2,"This week's activity for user AGW1590, a salesman in the RegionalSales team, was flagged due to an elevated number of files copied to removable media and overall activity volume far outside the peer distribution.",F001 files copied to removable media=12 [own~3 max13] ; F002 file operations=34 [own~14 max28] [peer~1 n328],F003 removable device connections=10 [own~5.50 max8] ; F004 removable device connections outside working hours=0 [own~0 max0] ; F005 logon events=12 [own~11 max12] [peer~5 n328] ; F006 web requests=765 [own~765 max765] [peer~810 n328] ; F007 distinct workstations used=3 [own~2 max3] [peer~1 n328] ; F008 days with recorded activity=5 [own~5 max5] [peer~5 n328] ; F009 hour of earliest logon in the week=6 ; F010 hour of latest logon in the week=14,grounded,Main clause asserts evidence fact (F001) and all numbers trace to facts[]. Rule 1 fired.,,grounded,
d0dc80a513b1_s007,d0dc80a513b1,AGW1590,2011-W10,no,"R2,R5",2,2,The UEBA system flagged AGW1590's week (2011-W10) due to evidence from triggered rules.,F001 files copied to removable media=12 [own~3 max13] ; F002 file operations=34 [own~14 max28] [peer~1 n328],F003 removable device connections=10 [own~5.50 max8] ; F004 removable device connections outside working hours=0 [own~0 max0] ; F005 logon events=12 [own~11 max12] [peer~5 n328] ; F006 web requests=765 [own~765 max765] [peer~810 n328] ; F007 distinct workstations used=3 [own~2 max3] [peer~1 n328] ; F008 days with recorded activity=5 [own~5 max5] [peer~5 n328] ; F009 hour of earliest logon in the week=6 ; F010 hour of latest logon in the week=14,grounded,"No rule fired: no unmatched numbers, no speculative language, no causal-context pattern, and no clear evidence-gloss assertion; needs full manual judgement.",,grounded,
d0dc80a513b1_s001,d0dc80a513b1,AGW1590,2011-W10,no,"R2,R5",1,1,Alma Gloria Wolfe's activity this week is flagged due to two triggered detection rules.,F001 files copied to removable media=12 [own~3 max13] ; F002 file operations=34 [own~14 max28] [peer~1 n328],F003 removable device connections=10 [own~5.50 max8] ; F004 removable device connections outside working hours=0 [own~0 max0] ; F005 logon events=12 [own~11 max12] [peer~5 n328] ; F006 web requests=765 [own~765 max765] [peer~810 n328] ; F007 distinct workstations used=3 [own~2 max3] [peer~1 n328] ; F008 days with recorded activity=5 [own~5 max5] [peer~5 n328] ; F009 hour of earliest logon in the week=6 ; F010 hour of latest logon in the week=14,grounded,"Main clause uses causal language and cites context-only fact (F008), not an evidence fact. Rule 4 fired.",,grounded,Resolved after initial pass to close a slice-boundary gap in review.
d0dc80a513b1_s006,d0dc80a513b1,AGW1590,2011-W10,no,"R2,R5",1,1,"These elevated numbers are not just a one-time spike, but rather a sustained increase that is far above their peer group's activity volume this week.",F001 files copied to removable media=12 [own~3 max13] ; F002 file operations=34 [own~14 max28] [peer~1 n328],F003 removable device connections=10 [own~5.50 max8] ; F004 removable device connections outside working hours=0 [own~0 max0] ; F005 logon events=12 [own~11 max12] [peer~5 n328] ; F006 web requests=765 [own~765 max765] [peer~810 n328] ; F007 distinct workstations used=3 [own~2 max3] [peer~1 n328] ; F008 days with recorded activity=5 [own~5 max5] [peer~5 n328] ; F009 hour of earliest logon in the week=6 ; F010 hour of latest logon in the week=14,unverifiable,"No rule fired: no unmatched numbers, no speculative language, no causal-context pattern, and no clear evidence-gloss assertion; needs full manual judgement.",,grounded,
d0dc80a513b1_s008,d0dc80a513b1,AGW1590,2011-W10,no,"R2,R5",1,1,These elevated numbers triggered rules R2 and R5.,F001 files copied to removable media=12 [own~3 max13] ; F002 file operations=34 [own~14 max28] [peer~1 n328],F003 removable device connections=10 [own~5.50 max8] ; F004 removable device connections outside working hours=0 [own~0 max0] ; F005 logon events=12 [own~11 max12] [peer~5 n328] ; F006 web requests=765 [own~765 max765] [peer~810 n328] ; F007 distinct workstations used=3 [own~2 max3] [peer~1 n328] ; F008 days with recorded activity=5 [own~5 max5] [peer~5 n328] ; F009 hour of earliest logon in the week=6 ; F010 hour of latest logon in the week=14,grounded,"No rule fired: no unmatched numbers, no speculative language, no causal-context pattern, and no clear evidence-gloss assertion; needs full manual judgement.",,grounded,
d0dc80a513b1_s009,d0dc80a513b1,AGW1590,2011-W10,no,"R2,R5",1,1,"This suggests that AGW1590 may have been engaging in some unusual activity or handling more files than usual, which warrants further investigation.",F001 files copied to removable media=12 [own~3 max13] ; F002 file operations=34 [own~14 max28] [peer~1 n328],F003 removable device connections=10 [own~5.50 max8] ; F004 removable device connections outside working hours=0 [own~0 max0] ; F005 logon events=12 [own~11 max12] [peer~5 n328] ; F006 web requests=765 [own~765 max765] [peer~810 n328] ; F007 distinct workstations used=3 [own~2 max3] [peer~1 n328] ; F008 days with recorded activity=5 [own~5 max5] [peer~5 n328] ; F009 hour of earliest logon in the week=6 ; F010 hour of latest logon in the week=14,unverifiable,Sentence contains speculative/hedge language ('warrants further investigation'); neither matches nor contradicts any fact; rule 5 fired.,,unverifiable,
d0dc80a513b1_s010,d0dc80a513b1,AGW1590,2011-W10,no,"R2,R5",1,1,"The elevated activity volume is further supported by the fact that it is far outside the peer distribution for same-role users, with 34 operations compared to the typical 1 among 328 peers.",F001 files copied to removable media=12 [own~3 max13] ; F002 file operations=34 [own~14 max28] [peer~1 n328],F003 removable device connections=10 [own~5.50 max8] ; F004 removable device connections outside working hours=0 [own~0 max0] ; F005 logon events=12 [own~11 max12] [peer~5 n328] ; F006 web requests=765 [own~765 max765] [peer~810 n328] ; F007 distinct workstations used=3 [own~2 max3] [peer~1 n328] ; F008 days with recorded activity=5 [own~5 max5] [peer~5 n328] ; F009 hour of earliest logon in the week=6 ; F010 hour of latest logon in the week=14,grounded,"No rule fired: no unmatched numbers, no speculative language, no causal-context pattern, and no clear evidence-gloss assertion; needs full manual judgement.",,grounded,
d0dc80a513b1_s011,d0dc80a513b1,AGW1590,2011-W10,no,"R2,R5",1,1,"This is likely due to an elevated number of files copied to removable media, which triggered rule R2.",F001 files copied to removable media=12 [own~3 max13] ; F002 file operations=34 [own~14 max28] [peer~1 n328],F003 removable device connections=10 [own~5.50 max8] ; F004 removable device connections outside working hours=0 [own~0 max0] ; F005 logon events=12 [own~11 max12] [peer~5 n328] ; F006 web requests=765 [own~765 max765] [peer~810 n328] ; F007 distinct workstations used=3 [own~2 max3] [peer~1 n328] ; F008 days with recorded activity=5 [own~5 max5] [peer~5 n328] ; F009 hour of earliest logon in the week=6 ; F010 hour of latest logon in the week=14,hallucinated,Main clause asserts evidence fact (F001) and all numbers trace to facts[]. Rule 1 fired.,,grounded,Mislabelled 'hallucinated' in the earlier mechanical pre-pass despite its own rationale describing grounded reasoning. Manually re-verified: grounded.
d7021ac17ab1_s003,d7021ac17ab1,CDE1846,2011-W12,yes,R5,6,6,"Carlos Dieter Ewing, an Electrical Engineer, had a week (2011-W12) where his overall activity volume was significantly higher than that of his peers.",F001 file operations=13 [own~1 max6] [peer~1 n366],F002 logon events=6 [own~5 max6] [peer~5 n366] ; F003 web requests=475 [own~475 max475] [peer~475 n366] ; F004 removable device connections=0 [own~0 max0] ; F005 distinct workstations used=2 [own~1 max2] [peer~1 n366] ; F006 days with recorded activity=5 [own~5 max5] [peer~5 n366] ; F007 hour of earliest logon in the week=9 ; F008 hour of latest logon in the week=17,hallucinated,"No rule fired: no unmatched numbers, no speculative language, no causal-context pattern, and no clear evidence-gloss assertion; needs full manual judgement.",,grounded,
d7021ac17ab1_s004,d7021ac17ab1,CDE1846,2011-W12,yes,R5,5,5,"Specifically, he performed 13 file operations, which is well above his usual range and far outside the typical range for his role.",F001 file operations=13 [own~1 max6] [peer~1 n366],F002 logon events=6 [own~5 max6] [peer~5 n366] ; F003 web requests=475 [own~475 max475] [peer~475 n366] ; F004 removable device connections=0 [own~0 max0] ; F005 distinct workstations used=2 [own~1 max2] [peer~1 n366] ; F006 days with recorded activity=5 [own~5 max5] [peer~5 n366] ; F007 hour of earliest logon in the week=9 ; F008 hour of latest logon in the week=17,hallucinated,Main clause asserts evidence fact (F001) and all numbers trace to facts[]. Rule 1 fired.,,grounded,
d7021ac17ab1_s002,d7021ac17ab1,CDE1846,2011-W12,yes,R5,4,4,"Specifically, the file operations for this week, at 13, are significantly higher than their typical range of 1 and exceed the peer average of 1 across 366 peers in this role.",F001 file operations=13 [own~1 max6] [peer~1 n366],F002 logon events=6 [own~5 max6] [peer~5 n366] ; F003 web requests=475 [own~475 max475] [peer~475 n366] ; F004 removable device connections=0 [own~0 max0] ; F005 distinct workstations used=2 [own~1 max2] [peer~1 n366] ; F006 days with recorded activity=5 [own~5 max5] [peer~5 n366] ; F007 hour of earliest logon in the week=9 ; F008 hour of latest logon in the week=17,hallucinated,Main clause asserts evidence fact (F001) and all numbers trace to facts[]. Rule 1 fired.,,grounded,
d7021ac17ab1_s007,d7021ac17ab1,CDE1846,2011-W12,yes,R5,4,4,This anomaly is the primary evidence for the triggered detection rule.,F001 file operations=13 [own~1 max6] [peer~1 n366],F002 logon events=6 [own~5 max6] [peer~5 n366] ; F003 web requests=475 [own~475 max475] [peer~475 n366] ; F004 removable device connections=0 [own~0 max0] ; F005 distinct workstations used=2 [own~1 max2] [peer~1 n366] ; F006 days with recorded activity=5 [own~5 max5] [peer~5 n366] ; F007 hour of earliest logon in the week=9 ; F008 hour of latest logon in the week=17,grounded,"No rule fired: no unmatched numbers, no speculative language, no causal-context pattern, and no clear evidence-gloss assertion; needs full manual judgement.",,grounded,
d7021ac17ab1_s006,d7021ac17ab1,CDE1846,2011-W12,yes,R5,3,3,"This week's activity for user CDE1846, Carlos Dieter Ewing, was flagged due to an unusually high volume of file operations.",F001 file operations=13 [own~1 max6] [peer~1 n366],F002 logon events=6 [own~5 max6] [peer~5 n366] ; F003 web requests=475 [own~475 max475] [peer~475 n366] ; F004 removable device connections=0 [own~0 max0] ; F005 distinct workstations used=2 [own~1 max2] [peer~1 n366] ; F006 days with recorded activity=5 [own~5 max5] [peer~5 n366] ; F007 hour of earliest logon in the week=9 ; F008 hour of latest logon in the week=17,grounded,Main clause asserts evidence fact (F001) and all numbers trace to facts[]. Rule 1 fired.,,grounded,
d7021ac17ab1_s008,d7021ac17ab1,CDE1846,2011-W12,yes,R5,2,2,"This suggests that Carlos has been working extensively with files, potentially indicating a project or task that requires a large amount of data processing or manipulation.",F001 file operations=13 [own~1 max6] [peer~1 n366],F002 logon events=6 [own~5 max6] [peer~5 n366] ; F003 web requests=475 [own~475 max475] [peer~475 n366] ; F004 removable device connections=0 [own~0 max0] ; F005 distinct workstations used=2 [own~1 max2] [peer~1 n366] ; F006 days with recorded activity=5 [own~5 max5] [peer~5 n366] ; F007 hour of earliest logon in the week=9 ; F008 hour of latest logon in the week=17,unverifiable,"No rule fired: no unmatched numbers, no speculative language, no causal-context pattern, and no clear evidence-gloss assertion; needs full manual judgement.",,unverifiable,
d7021ac17ab1_s001,d7021ac17ab1,CDE1846,2011-W12,yes,R5,1,2,The UEBA system flagged CDE1846's week due to evidence of overall activity volume far outside the same-role peer distribution.,F001 file operations=13 [own~1 max6] [peer~1 n366],F002 logon events=6 [own~5 max6] [peer~5 n366] ; F003 web requests=475 [own~475 max475] [peer~475 n366] ; F004 removable device connections=0 [own~0 max0] ; F005 distinct workstations used=2 [own~1 max2] [peer~1 n366] ; F006 days with recorded activity=5 [own~5 max5] [peer~5 n366] ; F007 hour of earliest logon in the week=9 ; F008 hour of latest logon in the week=17,grounded,"Main clause uses causal language and cites context-only fact (F006), not an evidence fact. Rule 4 fired.",,grounded,
d7021ac17ab1_s005,d7021ac17ab1,CDE1846,2011-W12,yes,R5,1,1,This anomaly is likely the primary reason why his week was flagged.,F001 file operations=13 [own~1 max6] [peer~1 n366],F002 logon events=6 [own~5 max6] [peer~5 n366] ; F003 web requests=475 [own~475 max475] [peer~475 n366] ; F004 removable device connections=0 [own~0 max0] ; F005 distinct workstations used=2 [own~1 max2] [peer~1 n366] ; F006 days with recorded activity=5 [own~5 max5] [peer~5 n366] ; F007 hour of earliest logon in the week=9 ; F008 hour of latest logon in the week=17,grounded,"No rule fired: no unmatched numbers, no speculative language, no causal-context pattern, and no clear evidence-gloss assertion; needs full manual judgement.",,grounded,
d7021ac17ab1_s009,d7021ac17ab1,CDE1846,2011-W12,yes,R5,1,1,"While other aspects of their behavior, such as logon events, web requests, and workstation usage, are within their usual range, the file operations anomaly stands out.",F001 file operations=13 [own~1 max6] [peer~1 n366],F002 logon events=6 [own~5 max6] [peer~5 n366] ; F003 web requests=475 [own~475 max475] [peer~475 n366] ; F004 removable device connections=0 [own~0 max0] ; F005 distinct workstations used=2 [own~1 max2] [peer~1 n366] ; F006 days with recorded activity=5 [own~5 max5] [peer~5 n366] ; F007 hour of earliest logon in the week=9 ; F008 hour of latest logon in the week=17,grounded,"Main clause asserts evidence fact (F001) and all numbers trace to facts[]. [Compound: main='such as logon events, web requests, and workstation usage, a...', sub='While other aspects of their behavior...'] Rule 1 fired.",,grounded,
e0daedcec5e8_s001,e0daedcec5e8,ZCS0012,2010-W32,no,R3,10,11,ZCS0012's activity this week is flagged due to an unusual volume of attachment data sent to external recipients.,F001 bytes of email attachments sent=54.57M [own~23.37M max45.10M] [peer~15.75M n10] ; F002 external email recipients=61 [own~39 max50] [peer~44 n10],F003 emails sent to at least one external recipient=36 [own~23.50 max30] [peer~23.50 n10] ; F004 emails sent=50 [own~47 max62] [peer~48.50 n10] ; F005 distinct workstations used=1 [own~1 max1] [peer~1 n10] ; F006 days with recorded activity=5 [own~5 max5] [peer~5 n10] ; F007 hour of earliest logon in the week=8 ; F008 hour of latest logon in the week=8,grounded,"No rule fired: no unmatched numbers, no speculative language, no causal-context pattern, and no clear evidence-gloss assertion; needs full manual judgement.",,grounded,
e0daedcec5e8_s002,e0daedcec5e8,ZCS0012,2010-W32,no,R3,10,10,"Specifically, the 54.57 MB of email attachments sent is significantly higher than their usual range of 23.37 MB.",F001 bytes of email attachments sent=54.57M [own~23.37M max45.10M] [peer~15.75M n10] ; F002 external email recipients=61 [own~39 max50] [peer~44 n10],F003 emails sent to at least one external recipient=36 [own~23.50 max30] [peer~23.50 n10] ; F004 emails sent=50 [own~47 max62] [peer~48.50 n10] ; F005 distinct workstations used=1 [own~1 max1] [peer~1 n10] ; F006 days with recorded activity=5 [own~5 max5] [peer~5 n10] ; F007 hour of earliest logon in the week=8 ; F008 hour of latest logon in the week=8,grounded,"No rule fired: no unmatched numbers, no speculative language, no causal-context pattern, and no clear evidence-gloss assertion; needs full manual judgement.",,grounded,Resolved after initial pass to close a slice-boundary gap in review.
e0daedcec5e8_s006,e0daedcec5e8,ZCS0012,2010-W32,no,R3,4,4,"Additionally, she sent attachments to 61 external recipients, which is within her usual range of 39.",F001 bytes of email attachments sent=54.57M [own~23.37M max45.10M] [peer~15.75M n10] ; F002 external email recipients=61 [own~39 max50] [peer~44 n10],F003 emails sent to at least one external recipient=36 [own~23.50 max30] [peer~23.50 n10] ; F004 emails sent=50 [own~47 max62] [peer~48.50 n10] ; F005 distinct workstations used=1 [own~1 max1] [peer~1 n10] ; F006 days with recorded activity=5 [own~5 max5] [peer~5 n10] ; F007 hour of earliest logon in the week=8 ; F008 hour of latest logon in the week=8,false precision,"No rule fired: no unmatched numbers, no speculative language, no causal-context pattern, and no clear evidence-gloss assertion; needs full manual judgement.",,grounded,
e0daedcec5e8_s005,e0daedcec5e8,ZCS0012,2010-W32,no,R3,3,3,"This week's attachment volume is also within the range of their peers in the same role, but it's still notable that it's above their own typical range.",F001 bytes of email attachments sent=54.57M [own~23.37M max45.10M] [peer~15.75M n10] ; F002 external email recipients=61 [own~39 max50] [peer~44 n10],F003 emails sent to at least one external recipient=36 [own~23.50 max30] [peer~23.50 n10] ; F004 emails sent=50 [own~47 max62] [peer~48.50 n10] ; F005 distinct workstations used=1 [own~1 max1] [peer~1 n10] ; F006 days with recorded activity=5 [own~5 max5] [peer~5 n10] ; F007 hour of earliest logon in the week=8 ; F008 hour of latest logon in the week=8,hallucinated,"No rule fired: no unmatched numbers, no speculative language, no causal-context pattern, and no clear evidence-gloss assertion; needs full manual judgement.",,grounded,
e0daedcec5e8_s003,e0daedcec5e8,ZCS0012,2010-W32,no,R3,2,2,"This volume is also higher than what their peers in the same role typically send this week, which is 15.75 MB.",F001 bytes of email attachments sent=54.57M [own~23.37M max45.10M] [peer~15.75M n10] ; F002 external email recipients=61 [own~39 max50] [peer~44 n10],F003 emails sent to at least one external recipient=36 [own~23.50 max30] [peer~23.50 n10] ; F004 emails sent=50 [own~47 max62] [peer~48.50 n10] ; F005 distinct workstations used=1 [own~1 max1] [peer~1 n10] ; F006 days with recorded activity=5 [own~5 max5] [peer~5 n10] ; F007 hour of earliest logon in the week=8 ; F008 hour of latest logon in the week=8,grounded,"No rule fired: no unmatched numbers, no speculative language, no causal-context pattern, and no clear evidence-gloss assertion; needs full manual judgement.",,grounded,
e0daedcec5e8_s004,e0daedcec5e8,ZCS0012,2010-W32,no,R3,2,2,"However, it's worth noting that the number of external email recipients, 61, is within their usual range and similar to what peers in the same role have seen this week.",F001 bytes of email attachments sent=54.57M [own~23.37M max45.10M] [peer~15.75M n10] ; F002 external email recipients=61 [own~39 max50] [peer~44 n10],F003 emails sent to at least one external recipient=36 [own~23.50 max30] [peer~23.50 n10] ; F004 emails sent=50 [own~47 max62] [peer~48.50 n10] ; F005 distinct workstations used=1 [own~1 max1] [peer~1 n10] ; F006 days with recorded activity=5 [own~5 max5] [peer~5 n10] ; F007 hour of earliest logon in the week=8 ; F008 hour of latest logon in the week=8,grounded,"Main clause asserts evidence fact (F001, F002) and all numbers trace to facts[]. Rule 1 fired.",,grounded,
e0daedcec5e8_s007,e0daedcec5e8,ZCS0012,2010-W32,no,R3,1,1,"This anomaly is concerning, as it indicates that Vice President Snow may have sent a larger-than-usual amount of sensitive or confidential information to external parties.",F001 bytes of email attachments sent=54.57M [own~23.37M max45.10M] [peer~15.75M n10] ; F002 external email recipients=61 [own~39 max50] [peer~44 n10],F003 emails sent to at least one external recipient=36 [own~23.50 max30] [peer~23.50 n10] ; F004 emails sent=50 [own~47 max62] [peer~48.50 n10] ; F005 distinct workstations used=1 [own~1 max1] [peer~1 n10] ; F006 days with recorded activity=5 [own~5 max5] [peer~5 n10] ; F007 hour of earliest logon in the week=8 ; F008 hour of latest logon in the week=8,grounded,"No rule fired: no unmatched numbers, no speculative language, no causal-context pattern, and no clear evidence-gloss assertion; needs full manual judgement.",,unverifiable,
e4f5ca67cebc_s002,e4f5ca67cebc,JAF0209,2010-W52,no,"R1,R5",10,11,"The most notable evidence is the unusually high volume of logons (8) outside the user's working hours, which is far above their typical range.",F001 logons outside working hours=8 [own~2.50 max6] ; F002 web requests=1330 [own~950 max1140] [peer~760 n23],F003 logon events=14 [own~9.50 max14] [peer~5 n23] ; F004 logons at the weekend=3 [own~0.50 max3] ; F005 days with recorded activity=7 [own~5 max7] [peer~4 n23] ; F006 file operations=5 [own~3 max8] [peer~1 n23] ; F007 removable device connections=0 [own~0 max0] ; F008 distinct workstations used=1 [own~1 max1] [peer~1 n23] ; F009 hour of earliest logon in the week=1 ; F010 hour of latest logon in the week=20,grounded,"No rule fired: no unmatched numbers, no speculative language, no causal-context pattern, and no clear evidence-gloss assertion; needs full manual judgement.",,grounded,
e4f5ca67cebc_s003,e4f5ca67cebc,JAF0209,2010-W52,no,"R1,R5",10,10,"Additionally, the overall activity volume (1330 web requests) is far outside the peer distribution for users in the same role.",F001 logons outside working hours=8 [own~2.50 max6] ; F002 web requests=1330 [own~950 max1140] [peer~760 n23],F003 logon events=14 [own~9.50 max14] [peer~5 n23] ; F004 logons at the weekend=3 [own~0.50 max3] ; F005 days with recorded activity=7 [own~5 max7] [peer~4 n23] ; F006 file operations=5 [own~3 max8] [peer~1 n23] ; F007 removable device connections=0 [own~0 max0] ; F008 distinct workstations used=1 [own~1 max1] [peer~1 n23] ; F009 hour of earliest logon in the week=1 ; F010 hour of latest logon in the week=20,grounded,"Main clause asserts evidence fact (F001, F002) and all numbers trace to facts[]. Rule 1 fired.",,grounded,
e4f5ca67cebc_s005,e4f5ca67cebc,JAF0209,2010-W52,no,"R1,R5",6,6,"This week's activity for JAF0209, Director of Research and Engineering, has triggered detection rules due to unusual volume of logons outside their working hours and overall activity volume far outside their same-role peer distribution.",F001 logons outside working hours=8 [own~2.50 max6] ; F002 web requests=1330 [own~950 max1140] [peer~760 n23],F003 logon events=14 [own~9.50 max14] [peer~5 n23] ; F004 logons at the weekend=3 [own~0.50 max3] ; F005 days with recorded activity=7 [own~5 max7] [peer~4 n23] ; F006 file operations=5 [own~3 max8] [peer~1 n23] ; F007 removable device connections=0 [own~0 max0] ; F008 distinct workstations used=1 [own~1 max1] [peer~1 n23] ; F009 hour of earliest logon in the week=1 ; F010 hour of latest logon in the week=20,misweighted,"No rule fired: no unmatched numbers, no speculative language, no causal-context pattern, and no clear evidence-gloss assertion; needs full manual judgement.",,grounded,
e4f5ca67cebc_s004,e4f5ca67cebc,JAF0209,2010-W52,no,"R1,R5",2,2,"This week's activity for Jason Amery Franco, Director of ResearchAndEngineering_Government_Foreign, has been flagged due to evidence from triggered rules.",F001 logons outside working hours=8 [own~2.50 max6] ; F002 web requests=1330 [own~950 max1140] [peer~760 n23],F003 logon events=14 [own~9.50 max14] [peer~5 n23] ; F004 logons at the weekend=3 [own~0.50 max3] ; F005 days with recorded activity=7 [own~5 max7] [peer~4 n23] ; F006 file operations=5 [own~3 max8] [peer~1 n23] ; F007 removable device connections=0 [own~0 max0] ; F008 distinct workstations used=1 [own~1 max1] [peer~1 n23] ; F009 hour of earliest logon in the week=1 ; F010 hour of latest logon in the week=20,misweighted,"Main clause uses causal language and cites context-only fact (F005), not an evidence fact. Rule 4 fired.",,grounded,
e4f5ca67cebc_s001,e4f5ca67cebc,JAF0209,2010-W52,no,"R1,R5",1,1,The week ending 2010-12-27 to 2010-01-02 was flagged due to evidence from triggered rules.,F001 logons outside working hours=8 [own~2.50 max6] ; F002 web requests=1330 [own~950 max1140] [peer~760 n23],F003 logon events=14 [own~9.50 max14] [peer~5 n23] ; F004 logons at the weekend=3 [own~0.50 max3] ; F005 days with recorded activity=7 [own~5 max7] [peer~4 n23] ; F006 file operations=5 [own~3 max8] [peer~1 n23] ; F007 removable device connections=0 [own~0 max0] ; F008 distinct workstations used=1 [own~1 max1] [peer~1 n23] ; F009 hour of earliest logon in the week=1 ; F010 hour of latest logon in the week=20,hallucinated,Text contains sub-week temporal claim (HH:MM / ISO date / day-of-week) unsupported by any week-level fact; rule 2 fired.,,grounded,"Contains a malformed date range ('2010-12-27 to 2010-01-02', year wraps backward) but this is not checkable against facts[]. Kept grounded since no anomaly-relevant fact is misstated. Candidate for a future 'malformed but non-substantive' category."
e4f5ca67cebc_s006,e4f5ca67cebc,JAF0209,2010-W52,no,"R1,R5",1,1,"This suggests that Jason's activity was not only unusual but also significant, warranting further investigation.",F001 logons outside working hours=8 [own~2.50 max6] ; F002 web requests=1330 [own~950 max1140] [peer~760 n23],F003 logon events=14 [own~9.50 max14] [peer~5 n23] ; F004 logons at the weekend=3 [own~0.50 max3] ; F005 days with recorded activity=7 [own~5 max7] [peer~4 n23] ; F006 file operations=5 [own~3 max8] [peer~1 n23] ; F007 removable device connections=0 [own~0 max0] ; F008 distinct workstations used=1 [own~1 max1] [peer~1 n23] ; F009 hour of earliest logon in the week=1 ; F010 hour of latest logon in the week=20,grounded,"No rule fired: no unmatched numbers, no speculative language, no causal-context pattern, and no clear evidence-gloss assertion; needs full manual judgement.",,unverifiable,
e4f5ca67cebc_s007,e4f5ca67cebc,JAF0209,2010-W52,no,"R1,R5",1,1,"Jason Amery Franco, a Director in the Research and Engineering department, had a week that triggered some alarm bells.",F001 logons outside working hours=8 [own~2.50 max6] ; F002 web requests=1330 [own~950 max1140] [peer~760 n23],F003 logon events=14 [own~9.50 max14] [peer~5 n23] ; F004 logons at the weekend=3 [own~0.50 max3] ; F005 days with recorded activity=7 [own~5 max7] [peer~4 n23] ; F006 file operations=5 [own~3 max8] [peer~1 n23] ; F007 removable device connections=0 [own~0 max0] ; F008 distinct workstations used=1 [own~1 max1] [peer~1 n23] ; F009 hour of earliest logon in the week=1 ; F010 hour of latest logon in the week=20,grounded,"No rule fired: no unmatched numbers, no speculative language, no causal-context pattern, and no clear evidence-gloss assertion; needs full manual judgement.",,grounded,
ea3d0678f325_s002,ea3d0678f325,CDE1846,2011-W15,yes,"R3,R5",8,9,"The main evidence points are that he sent 50.06 MB of email attachments, which is far above his typical range of 9.49 MB, and also above the range of his peers in the same role.",F001 bytes of email attachments sent=50.06M [own~9.49M max21.08M] [peer~9.00M n366] ; F002 external email recipients=36 [own~11.50 max28] [peer~14 n366] ; F003 file operations=16 [own~2 max13] [peer~1 n366],F004 emails sent to at least one external recipient=29 [own~5.50 max18] [peer~8 n366] ; F005 emails sent=40 [own~14.50 max31] [peer~18 n366] ; F006 logon events=7 [own~5 max7] [peer~5 n366] ; F007 web requests=475 [own~475 max475] [peer~475 n366] ; F008 removable device connections=0 [own~0 max0] ; F009 distinct workstations used=3 [own~1 max3] [peer~1 n366] ; F010 days with recorded activity=5 [own~5 max5] [peer~5 n366] ; F011 hour of earliest logon in the week=8 ; F012 hour of latest logon in the week=17,grounded,"No rule fired: no unmatched numbers, no speculative language, no causal-context pattern, and no clear evidence-gloss assertion; needs full manual judgement.",,grounded,
ea3d0678f325_s004,ea3d0678f325,CDE1846,2011-W15,yes,"R3,R5",5,6,"This unusual activity volume, combined with the large volume of attachment data sent to external recipients, prompted the triggered detection rules.",F001 bytes of email attachments sent=50.06M [own~9.49M max21.08M] [peer~9.00M n366] ; F002 external email recipients=36 [own~11.50 max28] [peer~14 n366] ; F003 file operations=16 [own~2 max13] [peer~1 n366],F004 emails sent to at least one external recipient=29 [own~5.50 max18] [peer~8 n366] ; F005 emails sent=40 [own~14.50 max31] [peer~18 n366] ; F006 logon events=7 [own~5 max7] [peer~5 n366] ; F007 web requests=475 [own~475 max475] [peer~475 n366] ; F008 removable device connections=0 [own~0 max0] ; F009 distinct workstations used=3 [own~1 max3] [peer~1 n366] ; F010 days with recorded activity=5 [own~5 max5] [peer~5 n366] ; F011 hour of earliest logon in the week=8 ; F012 hour of latest logon in the week=17,grounded,"No rule fired: no unmatched numbers, no speculative language, no causal-context pattern, and no clear evidence-gloss assertion; needs full manual judgement.",,grounded,
ea3d0678f325_s008,ea3d0678f325,CDE1846,2011-W15,yes,"R3,R5",5,5,"Additionally, the overall activity volume is extremely high, with 16 file operations, which is far above their typical range of 2 and the average of 1 among same-role peers.",F001 bytes of email attachments sent=50.06M [own~9.49M max21.08M] [peer~9.00M n366] ; F002 external email recipients=36 [own~11.50 max28] [peer~14 n366] ; F003 file operations=16 [own~2 max13] [peer~1 n366],F004 emails sent to at least one external recipient=29 [own~5.50 max18] [peer~8 n366] ; F005 emails sent=40 [own~14.50 max31] [peer~18 n366] ; F006 logon events=7 [own~5 max7] [peer~5 n366] ; F007 web requests=475 [own~475 max475] [peer~475 n366] ; F008 removable device connections=0 [own~0 max0] ; F009 distinct workstations used=3 [own~1 max3] [peer~1 n366] ; F010 days with recorded activity=5 [own~5 max5] [peer~5 n366] ; F011 hour of earliest logon in the week=8 ; F012 hour of latest logon in the week=17,grounded,Main clause asserts evidence fact (F003) and all numbers trace to facts[]. Rule 1 fired.,,grounded,
ea3d0678f325_s001,ea3d0678f325,CDE1846,2011-W15,yes,"R3,R5",4,4,"Carlos Dieter Ewing, an Electrical Engineer in the Research and Engineering department, had a week (2011-W15) that triggered our anomaly detection rules.",F001 bytes of email attachments sent=50.06M [own~9.49M max21.08M] [peer~9.00M n366] ; F002 external email recipients=36 [own~11.50 max28] [peer~14 n366] ; F003 file operations=16 [own~2 max13] [peer~1 n366],F004 emails sent to at least one external recipient=29 [own~5.50 max18] [peer~8 n366] ; F005 emails sent=40 [own~14.50 max31] [peer~18 n366] ; F006 logon events=7 [own~5 max7] [peer~5 n366] ; F007 web requests=475 [own~475 max475] [peer~475 n366] ; F008 removable device connections=0 [own~0 max0] ; F009 distinct workstations used=3 [own~1 max3] [peer~1 n366] ; F010 days with recorded activity=5 [own~5 max5] [peer~5 n366] ; F011 hour of earliest logon in the week=8 ; F012 hour of latest logon in the week=17,grounded,"No rule fired: no unmatched numbers, no speculative language, no causal-context pattern, and no clear evidence-gloss assertion; needs full manual judgement.",,grounded,
ea3d0678f325_s003,ea3d0678f325,CDE1846,2011-W15,yes,"R3,R5",3,3,"Additionally, he performed 16 file operations, which is significantly higher than his typical 2 and far above the peer range of 1.",F001 bytes of email attachments sent=50.06M [own~9.49M max21.08M] [peer~9.00M n366] ; F002 external email recipients=36 [own~11.50 max28] [peer~14 n366] ; F003 file operations=16 [own~2 max13] [peer~1 n366],F004 emails sent to at least one external recipient=29 [own~5.50 max18] [peer~8 n366] ; F005 emails sent=40 [own~14.50 max31] [peer~18 n366] ; F006 logon events=7 [own~5 max7] [peer~5 n366] ; F007 web requests=475 [own~475 max475] [peer~475 n366] ; F008 removable device connections=0 [own~0 max0] ; F009 distinct workstations used=3 [own~1 max3] [peer~1 n366] ; F010 days with recorded activity=5 [own~5 max5] [peer~5 n366] ; F011 hour of earliest logon in the week=8 ; F012 hour of latest logon in the week=17,grounded,Main clause asserts evidence fact (F003) and all numbers trace to facts[]. Rule 1 fired.,,grounded,
ea3d0678f325_s005,ea3d0678f325,CDE1846,2011-W15,yes,"R3,R5",3,3,This week's activity for user CDE1846 (Carlos Dieter Ewing) was flagged due to unusual evidence triggered by rules R3 and R5.,F001 bytes of email attachments sent=50.06M [own~9.49M max21.08M] [peer~9.00M n366] ; F002 external email recipients=36 [own~11.50 max28] [peer~14 n366] ; F003 file operations=16 [own~2 max13] [peer~1 n366],F004 emails sent to at least one external recipient=29 [own~5.50 max18] [peer~8 n366] ; F005 emails sent=40 [own~14.50 max31] [peer~18 n366] ; F006 logon events=7 [own~5 max7] [peer~5 n366] ; F007 web requests=475 [own~475 max475] [peer~475 n366] ; F008 removable device connections=0 [own~0 max0] ; F009 distinct workstations used=3 [own~1 max3] [peer~1 n366] ; F010 days with recorded activity=5 [own~5 max5] [peer~5 n366] ; F011 hour of earliest logon in the week=8 ; F012 hour of latest logon in the week=17,grounded,"Main clause uses causal language and cites context-only fact (F010), not an evidence fact. Rule 4 fired.",,grounded,
ea3d0678f325_s006,ea3d0678f325,CDE1846,2011-W15,yes,"R3,R5",2,3,"Additionally, Carlos sent files to 16 recipients, which is significantly higher than their typical volume of 2 file operations and far above the peer average of 1.",F001 bytes of email attachments sent=50.06M [own~9.49M max21.08M] [peer~9.00M n366] ; F002 external email recipients=36 [own~11.50 max28] [peer~14 n366] ; F003 file operations=16 [own~2 max13] [peer~1 n366],F004 emails sent to at least one external recipient=29 [own~5.50 max18] [peer~8 n366] ; F005 emails sent=40 [own~14.50 max31] [peer~18 n366] ; F006 logon events=7 [own~5 max7] [peer~5 n366] ; F007 web requests=475 [own~475 max475] [peer~475 n366] ; F008 removable device connections=0 [own~0 max0] ; F009 distinct workstations used=3 [own~1 max3] [peer~1 n366] ; F010 days with recorded activity=5 [own~5 max5] [peer~5 n366] ; F011 hour of earliest logon in the week=8 ; F012 hour of latest logon in the week=17,grounded,"Main clause asserts evidence fact (F002, F003) and all numbers trace to facts[]. Rule 1 fired.",,hallucinated,Fact-mixing: attributes '16 recipients' when 16 is actually F003 (file operations); real recipient count is F002=36. Two distinct facts merged into one incoherent claim.
ea3d0678f325_s007,ea3d0678f325,CDE1846,2011-W15,yes,"R3,R5",2,1,The week of 2011-W15 was flagged due to unusual activity patterns.,F001 bytes of email attachments sent=50.06M [own~9.49M max21.08M] [peer~9.00M n366] ; F002 external email recipients=36 [own~11.50 max28] [peer~14 n366] ; F003 file operations=16 [own~2 max13] [peer~1 n366],F004 emails sent to at least one external recipient=29 [own~5.50 max18] [peer~8 n366] ; F005 emails sent=40 [own~14.50 max31] [peer~18 n366] ; F006 logon events=7 [own~5 max7] [peer~5 n366] ; F007 web requests=475 [own~475 max475] [peer~475 n366] ; F008 removable device connections=0 [own~0 max0] ; F009 distinct workstations used=3 [own~1 max3] [peer~1 n366] ; F010 days with recorded activity=5 [own~5 max5] [peer~5 n366] ; F011 hour of earliest logon in the week=8 ; F012 hour of latest logon in the week=17,grounded,"Main clause uses causal language and cites context-only fact (F010), not an evidence fact. Rule 4 fired.",,grounded,
ea3d0678f325_s009,ea3d0678f325,CDE1846,2011-W15,yes,"R3,R5",1,1,"This suggests that Carlos Dieter Ewing's activity was unusually intense and focused on external communication and file operations, warranting further review.",F001 bytes of email attachments sent=50.06M [own~9.49M max21.08M] [peer~9.00M n366] ; F002 external email recipients=36 [own~11.50 max28] [peer~14 n366] ; F003 file operations=16 [own~2 max13] [peer~1 n366],F004 emails sent to at least one external recipient=29 [own~5.50 max18] [peer~8 n366] ; F005 emails sent=40 [own~14.50 max31] [peer~18 n366] ; F006 logon events=7 [own~5 max7] [peer~5 n366] ; F007 web requests=475 [own~475 max475] [peer~475 n366] ; F008 removable device connections=0 [own~0 max0] ; F009 distinct workstations used=3 [own~1 max3] [peer~1 n366] ; F010 days with recorded activity=5 [own~5 max5] [peer~5 n366] ; F011 hour of earliest logon in the week=8 ; F012 hour of latest logon in the week=17,grounded,"Main clause asserts evidence fact (F002, F003) and all numbers trace to facts[]. Rule 1 fired.",,unverifiable,
ea3d0678f325_s010,ea3d0678f325,CDE1846,2011-W15,yes,"R3,R5",1,1,"These two factors have triggered detection rules R3 and R5, respectively.",F001 bytes of email attachments sent=50.06M [own~9.49M max21.08M] [peer~9.00M n366] ; F002 external email recipients=36 [own~11.50 max28] [peer~14 n366] ; F003 file operations=16 [own~2 max13] [peer~1 n366],F004 emails sent to at least one external recipient=29 [own~5.50 max18] [peer~8 n366] ; F005 emails sent=40 [own~14.50 max31] [peer~18 n366] ; F006 logon events=7 [own~5 max7] [peer~5 n366] ; F007 web requests=475 [own~475 max475] [peer~475 n366] ; F008 removable device connections=0 [own~0 max0] ; F009 distinct workstations used=3 [own~1 max3] [peer~1 n366] ; F010 days with recorded activity=5 [own~5 max5] [peer~5 n366] ; F011 hour of earliest logon in the week=8 ; F012 hour of latest logon in the week=17,grounded,"No rule fired: no unmatched numbers, no speculative language, no causal-context pattern, and no clear evidence-gloss assertion; needs full manual judgement.",,grounded,
00ac99b2eb5d_s002,00ac99b2eb5d,WMR2723,2010-W40,no,R5,9,10,"Specifically, their 570 web requests this week far exceeded their typical range and also surpassed the average for same-role peers (475 requests).",F001 web requests=570 [own~475 max570] [peer~475 n366],F002 logon events=13 [own~11 max12] [peer~5 n366] ; F003 file operations=23 [own~17 max32] ; F004 removable device connections=8 [own~11 max15] ; F005 distinct workstations used=4 [own~2.50 max3] [peer~1 n366] ; F006 days with recorded activity=6 [own~5 max6] [peer~5 n366] ; F007 hour of earliest logon in the week=7 ; F008 hour of latest logon in the week=13,Grounded,Main clause asserts evidence fact (F001) and all numbers trace to facts[]. Rule 1 fired.,,grounded,
00ac99b2eb5d_s004,00ac99b2eb5d,WMR2723,2010-W40,no,R5,7,7,"Wilma Mallory Rose, an Electrical Engineer, had a week (2010-W40) that triggered rule R5 due to an overall activity volume far outside the same-role peer distribution.",F001 web requests=570 [own~475 max570] [peer~475 n366],F002 logon events=13 [own~11 max12] [peer~5 n366] ; F003 file operations=23 [own~17 max32] ; F004 removable device connections=8 [own~11 max15] ; F005 distinct workstations used=4 [own~2.50 max3] [peer~1 n366] ; F006 days with recorded activity=6 [own~5 max6] [peer~5 n366] ; F007 hour of earliest logon in the week=7 ; F008 hour of latest logon in the week=13,Misweighted,"Main clause uses causal language and cites context-only fact (F006), not an evidence fact. Rule 4 fired.",,grounded,
00ac99b2eb5d_s001,00ac99b2eb5d,WMR2723,2010-W40,no,R5,3,3,The week for user WMR2723 was flagged due to their overall activity volume being significantly higher than their same-role peers.,F001 web requests=570 [own~475 max570] [peer~475 n366],F002 logon events=13 [own~11 max12] [peer~5 n366] ; F003 file operations=23 [own~17 max32] ; F004 removable device connections=8 [own~11 max15] ; F005 distinct workstations used=4 [own~2.50 max3] [peer~1 n366] ; F006 days with recorded activity=6 [own~5 max6] [peer~5 n366] ; F007 hour of earliest logon in the week=7 ; F008 hour of latest logon in the week=13,Misweighted,"Main clause uses causal language and cites context-only fact (F006), not an evidence fact. Rule 4 fired.",,grounded,
00ac99b2eb5d_s003,00ac99b2eb5d,WMR2723,2010-W40,no,R5,3,3,This anomaly is most notable and warrants further investigation.,F001 web requests=570 [own~475 max570] [peer~475 n366],F002 logon events=13 [own~11 max12] [peer~5 n366] ; F003 file operations=23 [own~17 max32] ; F004 removable device connections=8 [own~11 max15] ; F005 distinct workstations used=4 [own~2.50 max3] [peer~1 n366] ; F006 days with recorded activity=6 [own~5 max6] [peer~5 n366] ; F007 hour of earliest logon in the week=7 ; F008 hour of latest logon in the week=13,Unverifiable,Sentence contains speculative/hedge language ('warrants further investigation'); neither matches nor contradicts any fact; rule 5 fired.,,unverifiable,
00ac99b2eb5d_s005,00ac99b2eb5d,WMR2723,2010-W40,no,R5,1,1,This significant spike in web activity is the primary evidence driving the triggered rule.,F001 web requests=570 [own~475 max570] [peer~475 n366],F002 logon events=13 [own~11 max12] [peer~5 n366] ; F003 file operations=23 [own~17 max32] ; F004 removable device connections=8 [own~11 max15] ; F005 distinct workstations used=4 [own~2.50 max3] [peer~1 n366] ; F006 days with recorded activity=6 [own~5 max6] [peer~5 n366] ; F007 hour of earliest logon in the week=7 ; F008 hour of latest logon in the week=13,,"No rule fired: no unmatched numbers, no speculative language, no causal-context pattern, and no clear evidence-gloss assertion; needs full manual judgement.",,grounded,
00ac99b2eb5d_s006,00ac99b2eb5d,WMR2723,2010-W40,no,R5,1,1,This suggests that WMR2723 may be engaging in an unusual or intensive activity that warrants further investigation.,F001 web requests=570 [own~475 max570] [peer~475 n366],F002 logon events=13 [own~11 max12] [peer~5 n366] ; F003 file operations=23 [own~17 max32] ; F004 removable device connections=8 [own~11 max15] ; F005 distinct workstations used=4 [own~2.50 max3] [peer~1 n366] ; F006 days with recorded activity=6 [own~5 max6] [peer~5 n366] ; F007 hour of earliest logon in the week=7 ; F008 hour of latest logon in the week=13,Unverifiable,Sentence contains speculative/hedge language ('may be'); neither matches nor contradicts any fact; rule 5 fired.,,unverifiable,
00ac99b2eb5d_s007,00ac99b2eb5d,WMR2723,2010-W40,no,R5,1,1,"This suggests that Wilma's activity was unusually high, warranting further investigation to determine the cause.",F001 web requests=570 [own~475 max570] [peer~475 n366],F002 logon events=13 [own~11 max12] [peer~5 n366] ; F003 file operations=23 [own~17 max32] ; F004 removable device connections=8 [own~11 max15] ; F005 distinct workstations used=4 [own~2.50 max3] [peer~1 n366] ; F006 days with recorded activity=6 [own~5 max6] [peer~5 n366] ; F007 hour of earliest logon in the week=7 ; F008 hour of latest logon in the week=13,,"No rule fired: no unmatched numbers, no speculative language, no causal-context pattern, and no clear evidence-gloss assertion; needs full manual judgement.",,unverifiable,
00ac99b2eb5d_s008,00ac99b2eb5d,WMR2723,2010-W40,no,R5,1,1,"The other activity metrics, such as logon events, file operations, and removable device connections, appear to be within her usual range.",F001 web requests=570 [own~475 max570] [peer~475 n366],F002 logon events=13 [own~11 max12] [peer~5 n366] ; F003 file operations=23 [own~17 max32] ; F004 removable device connections=8 [own~11 max15] ; F005 distinct workstations used=4 [own~2.50 max3] [peer~1 n366] ; F006 days with recorded activity=6 [own~5 max6] [peer~5 n366] ; F007 hour of earliest logon in the week=7 ; F008 hour of latest logon in the week=13,,"No rule fired: no unmatched numbers, no speculative language, no causal-context pattern, and no clear evidence-gloss assertion; needs full manual judgement.",,grounded,
02f577d6faa3_s004,02f577d6faa3,VQS3246,2011-W13,no,R4,7,8,"Specifically, she visited job-search sites 43 times, which is significantly higher than her typical range of 13 visits and above the peer average of 4 visits among 103 peers in the same role.",F001 visits to job-search sites=43 [own~13 max33] [peer~4 n103],F002 visits to leak-publication sites=0 [own~0 max0] ; F003 visits to cloud-storage sites=0 [own~3.50 max8] [peer~1 n103] ; F004 distinct web domains visited=68 [own~72.50 max78] [peer~68 n103] ; F005 distinct workstations used=1 [own~1 max1] [peer~1 n103] ; F006 days with recorded activity=5 [own~5 max5] [peer~5 n103] ; F007 hour of earliest logon in the week=7 ; F008 hour of latest logon in the week=13,,"No rule fired: no unmatched numbers, no speculative language, no causal-context pattern, and no clear evidence-gloss assertion; needs full manual judgement.",,grounded,
02f577d6faa3_s003,02f577d6faa3,VQS3246,2011-W13,no,R4,6,6,"This week's activity for Vivian Quintessa Stokes, a Systems Engineer in the Research and Engineering department, has been flagged due to an unusual number of visits to job-search sites.",F001 visits to job-search sites=43 [own~13 max33] [peer~4 n103],F002 visits to leak-publication sites=0 [own~0 max0] ; F003 visits to cloud-storage sites=0 [own~3.50 max8] [peer~1 n103] ; F004 distinct web domains visited=68 [own~72.50 max78] [peer~68 n103] ; F005 distinct workstations used=1 [own~1 max1] [peer~1 n103] ; F006 days with recorded activity=5 [own~5 max5] [peer~5 n103] ; F007 hour of earliest logon in the week=7 ; F008 hour of latest logon in the week=13,Grounded,Main clause asserts evidence fact (F001) and all numbers trace to facts[]. Rule 1 fired.,,grounded,
02f577d6faa3_s001,02f577d6faa3,VQS3246,2011-W13,no,R4,5,5,"The UEBA system flagged VQS3246's week due to atypical browsing behavior, specifically visiting job-search sites 43 times, which is significantly above their usual range of 13 visits and beyond the typical range of 4 visits among same-role peers.",F001 visits to job-search sites=43 [own~13 max33] [peer~4 n103],F002 visits to leak-publication sites=0 [own~0 max0] ; F003 visits to cloud-storage sites=0 [own~3.50 max8] [peer~1 n103] ; F004 distinct web domains visited=68 [own~72.50 max78] [peer~68 n103] ; F005 distinct workstations used=1 [own~1 max1] [peer~1 n103] ; F006 days with recorded activity=5 [own~5 max5] [peer~5 n103] ; F007 hour of earliest logon in the week=7 ; F008 hour of latest logon in the week=13,,"No rule fired: no unmatched numbers, no speculative language, no causal-context pattern, and no clear evidence-gloss assertion; needs full manual judgement.",,grounded,
02f577d6faa3_s005,02f577d6faa3,VQS3246,2011-W13,no,R4,3,3,This suggests that Vivian may be looking for a new job or considering a career change.,F001 visits to job-search sites=43 [own~13 max33] [peer~4 n103],F002 visits to leak-publication sites=0 [own~0 max0] ; F003 visits to cloud-storage sites=0 [own~3.50 max8] [peer~1 n103] ; F004 distinct web domains visited=68 [own~72.50 max78] [peer~68 n103] ; F005 distinct workstations used=1 [own~1 max1] [peer~1 n103] ; F006 days with recorded activity=5 [own~5 max5] [peer~5 n103] ; F007 hour of earliest logon in the week=7 ; F008 hour of latest logon in the week=13,Unverifiable,Sentence contains speculative/hedge language ('may be'); neither matches nor contradicts any fact; rule 5 fired.,,unverifiable,
02f577d6faa3_s006,02f577d6faa3,VQS3246,2011-W13,no,R4,2,2,"The lack of visits to leak-publication sites and normal activity in other categories, such as cloud-storage and web domains visited, suggests that this behavior is not part of a larger pattern of suspicious activity.",F001 visits to job-search sites=43 [own~13 max33] [peer~4 n103],F002 visits to leak-publication sites=0 [own~0 max0] ; F003 visits to cloud-storage sites=0 [own~3.50 max8] [peer~1 n103] ; F004 distinct web domains visited=68 [own~72.50 max78] [peer~68 n103] ; F005 distinct workstations used=1 [own~1 max1] [peer~1 n103] ; F006 days with recorded activity=5 [own~5 max5] [peer~5 n103] ; F007 hour of earliest logon in the week=7 ; F008 hour of latest logon in the week=13,,"No rule fired: no unmatched numbers, no speculative language, no causal-context pattern, and no clear evidence-gloss assertion; needs full manual judgement.",,grounded,
02f577d6faa3_s002,02f577d6faa3,VQS3246,2011-W13,no,R4,1,1,"This anomaly is supported by the triggered rule [R4], which detects browsing to job-search or leak-publication sites atypical for the role.",F001 visits to job-search sites=43 [own~13 max33] [peer~4 n103],F002 visits to leak-publication sites=0 [own~0 max0] ; F003 visits to cloud-storage sites=0 [own~3.50 max8] [peer~1 n103] ; F004 distinct web domains visited=68 [own~72.50 max78] [peer~68 n103] ; F005 distinct workstations used=1 [own~1 max1] [peer~1 n103] ; F006 days with recorded activity=5 [own~5 max5] [peer~5 n103] ; F007 hour of earliest logon in the week=7 ; F008 hour of latest logon in the week=13,,"No rule fired: no unmatched numbers, no speculative language, no causal-context pattern, and no clear evidence-gloss assertion; needs full manual judgement.",,grounded,
02f577d6faa3_s007,02f577d6faa3,VQS3246,2011-W13,no,R4,1,1,This unusual activity may warrant further investigation to determine the reason behind it.,F001 visits to job-search sites=43 [own~13 max33] [peer~4 n103],F002 visits to leak-publication sites=0 [own~0 max0] ; F003 visits to cloud-storage sites=0 [own~3.50 max8] [peer~1 n103] ; F004 distinct web domains visited=68 [own~72.50 max78] [peer~68 n103] ; F005 distinct workstations used=1 [own~1 max1] [peer~1 n103] ; F006 days with recorded activity=5 [own~5 max5] [peer~5 n103] ; F007 hour of earliest logon in the week=7 ; F008 hour of latest logon in the week=13,Misweighted,"Main clause uses causal language and cites context-only fact (F006), not an evidence fact. Rule 4 fired.",,unverifiable,
0abf822e321c_s005,0abf822e321c,WJH0717,2011-W05,no,R1,6,6,The UEBA system flagged this week for WJH0717 due to an unusual volume of logons outside their typical working hours.,F001 logons outside working hours=4 [own~1 max3],F002 logon events=5 [own~5 max5] [peer~5 n101] ; F003 logons at the weekend=0 [own~0 max0] ; F004 days with recorded activity=5 [own~5 max5] [peer~5 n101] ; F005 distinct workstations used=1 [own~1 max1] [peer~1 n101] ; F006 hour of earliest logon in the week=6 ; F007 hour of latest logon in the week=7,,"No rule fired: no unmatched numbers, no speculative language, no causal-context pattern, and no clear evidence-gloss assertion; needs full manual judgement.",,grounded,
0abf822e321c_s002,0abf822e321c,WJH0717,2011-W05,no,R1,5,7,"This week, they logged in 4 times outside their usual working hours, which is significantly higher than their recent average of 1.",F001 logons outside working hours=4 [own~1 max3],F002 logon events=5 [own~5 max5] [peer~5 n101] ; F003 logons at the weekend=0 [own~0 max0] ; F004 days with recorded activity=5 [own~5 max5] [peer~5 n101] ; F005 distinct workstations used=1 [own~1 max1] [peer~1 n101] ; F006 hour of earliest logon in the week=6 ; F007 hour of latest logon in the week=7,,"No rule fired: no unmatched numbers, no speculative language, no causal-context pattern, and no clear evidence-gloss assertion; needs full manual judgement.",,grounded,
0abf822e321c_s006,0abf822e321c,WJH0717,2011-W05,no,R1,5,5,"Specifically, there were 4 logons outside their usual range, which is significantly higher than their typical 1 logon.",F001 logons outside working hours=4 [own~1 max3],F002 logon events=5 [own~5 max5] [peer~5 n101] ; F003 logons at the weekend=0 [own~0 max0] ; F004 days with recorded activity=5 [own~5 max5] [peer~5 n101] ; F005 distinct workstations used=1 [own~1 max1] [peer~1 n101] ; F006 hour of earliest logon in the week=6 ; F007 hour of latest logon in the week=7,,"No rule fired: no unmatched numbers, no speculative language, no causal-context pattern, and no clear evidence-gloss assertion; needs full manual judgement.",,grounded,
0abf822e321c_s001,0abf822e321c,WJH0717,2011-W05,no,R1,3,3,"Wylie Justin Henry, a scientist in the Research and Engineering department, has triggered an unusual volume of logons outside their typical working hours.",F001 logons outside working hours=4 [own~1 max3],F002 logon events=5 [own~5 max5] [peer~5 n101] ; F003 logons at the weekend=0 [own~0 max0] ; F004 days with recorded activity=5 [own~5 max5] [peer~5 n101] ; F005 distinct workstations used=1 [own~1 max1] [peer~1 n101] ; F006 hour of earliest logon in the week=6 ; F007 hour of latest logon in the week=7,,"No rule fired: no unmatched numbers, no speculative language, no causal-context pattern, and no clear evidence-gloss assertion; needs full manual judgement.",,grounded,
0abf822e321c_s003,0abf822e321c,WJH0717,2011-W05,no,R1,3,3,This suggests that WJH0717 may have been accessing their account from an unusual location or using a different workstation during this period.,F001 logons outside working hours=4 [own~1 max3],F002 logon events=5 [own~5 max5] [peer~5 n101] ; F003 logons at the weekend=0 [own~0 max0] ; F004 days with recorded activity=5 [own~5 max5] [peer~5 n101] ; F005 distinct workstations used=1 [own~1 max1] [peer~1 n101] ; F006 hour of earliest logon in the week=6 ; F007 hour of latest logon in the week=7,,"No rule fired: no unmatched numbers, no speculative language, no causal-context pattern, and no clear evidence-gloss assertion; needs full manual judgement.",,unverifiable,
0abf822e321c_s004,0abf822e321c,WJH0717,2011-W05,no,R1,1,1,This spike in activity outside of normal hours is the primary reason for the flagged week.,F001 logons outside working hours=4 [own~1 max3],F002 logon events=5 [own~5 max5] [peer~5 n101] ; F003 logons at the weekend=0 [own~0 max0] ; F004 days with recorded activity=5 [own~5 max5] [peer~5 n101] ; F005 distinct workstations used=1 [own~1 max1] [peer~1 n101] ; F006 hour of earliest logon in the week=6 ; F007 hour of latest logon in the week=7,,"No rule fired: no unmatched numbers, no speculative language, no causal-context pattern, and no clear evidence-gloss assertion; needs full manual judgement.",,grounded,
0abf822e321c_s007,0abf822e321c,WJH0717,2011-W05,no,R1,1,1,This anomaly is most notable and warrants further investigation.,F001 logons outside working hours=4 [own~1 max3],F002 logon events=5 [own~5 max5] [peer~5 n101] ; F003 logons at the weekend=0 [own~0 max0] ; F004 days with recorded activity=5 [own~5 max5] [peer~5 n101] ; F005 distinct workstations used=1 [own~1 max1] [peer~1 n101] ; F006 hour of earliest logon in the week=6 ; F007 hour of latest logon in the week=7,Unverifiable,Sentence contains speculative/hedge language ('warrants further investigation'); neither matches nor contradicts any fact; rule 5 fired.,,unverifiable,
0ecd25b6094c_s003,0ecd25b6094c,SIM3373,2010-W12,no,R4,8,9,"Specifically, they visited job-search sites 95 times, which is significantly above their typical range of 27 visits and far outside the range of their peers in the same role.",F001 visits to job-search sites=95 [own~27 max90] [peer~1 n328],F002 visits to leak-publication sites=0 [own~0 max0] ; F003 visits to cloud-storage sites=14 [own~11 max17] [peer~2 n328] ; F004 distinct web domains visited=49 [own~44 max52] [peer~75 n328] ; F005 distinct workstations used=1 [own~1 max1] [peer~1 n328] ; F006 days with recorded activity=5 [own~5 max5] [peer~5 n328] ; F007 hour of earliest logon in the week=7 ; F008 hour of latest logon in the week=8,,"No rule fired: no unmatched numbers, no speculative language, no causal-context pattern, and no clear evidence-gloss assertion; needs full manual judgement.",,grounded,
0ecd25b6094c_s008,0ecd25b6094c,SIM3373,2010-W12,no,R4,4,4,The UEBA system flagged SIM3373's week due to atypical browsing behavior.,F001 visits to job-search sites=95 [own~27 max90] [peer~1 n328],F002 visits to leak-publication sites=0 [own~0 max0] ; F003 visits to cloud-storage sites=14 [own~11 max17] [peer~2 n328] ; F004 distinct web domains visited=49 [own~44 max52] [peer~75 n328] ; F005 distinct workstations used=1 [own~1 max1] [peer~1 n328] ; F006 days with recorded activity=5 [own~5 max5] [peer~5 n328] ; F007 hour of earliest logon in the week=7 ; F008 hour of latest logon in the week=8,,"No rule fired: no unmatched numbers, no speculative language, no causal-context pattern, and no clear evidence-gloss assertion; needs full manual judgement.",,grounded,
0ecd25b6094c_s005,0ecd25b6094c,SIM3373,2010-W12,no,R4,3,3,The evidence suggests that Sacha's browsing behavior to job-search or leak-publication sites is atypical for their role.,F001 visits to job-search sites=95 [own~27 max90] [peer~1 n328],F002 visits to leak-publication sites=0 [own~0 max0] ; F003 visits to cloud-storage sites=14 [own~11 max17] [peer~2 n328] ; F004 distinct web domains visited=49 [own~44 max52] [peer~75 n328] ; F005 distinct workstations used=1 [own~1 max1] [peer~1 n328] ; F006 days with recorded activity=5 [own~5 max5] [peer~5 n328] ; F007 hour of earliest logon in the week=7 ; F008 hour of latest logon in the week=8,,"No rule fired: no unmatched numbers, no speculative language, no causal-context pattern, and no clear evidence-gloss assertion; needs full manual judgement.",,grounded,
0ecd25b6094c_s009,0ecd25b6094c,SIM3373,2010-W12,no,R4,3,3,This unusual activity is the primary reason for the flag.,F001 visits to job-search sites=95 [own~27 max90] [peer~1 n328],F002 visits to leak-publication sites=0 [own~0 max0] ; F003 visits to cloud-storage sites=14 [own~11 max17] [peer~2 n328] ; F004 distinct web domains visited=49 [own~44 max52] [peer~75 n328] ; F005 distinct workstations used=1 [own~1 max1] [peer~1 n328] ; F006 days with recorded activity=5 [own~5 max5] [peer~5 n328] ; F007 hour of earliest logon in the week=7 ; F008 hour of latest logon in the week=8,Misweighted,"Main clause uses causal language and cites context-only fact (F006), not an evidence fact. Rule 4 fired.",,unverifiable,
0ecd25b6094c_s011,0ecd25b6094c,SIM3373,2010-W12,no,R4,3,3,"Sacha Ivy McCormick, a salesman in the RegionalSales team, had a flagged week due to atypical browsing behavior.",F001 visits to job-search sites=95 [own~27 max90] [peer~1 n328],F002 visits to leak-publication sites=0 [own~0 max0] ; F003 visits to cloud-storage sites=14 [own~11 max17] [peer~2 n328] ; F004 distinct web domains visited=49 [own~44 max52] [peer~75 n328] ; F005 distinct workstations used=1 [own~1 max1] [peer~1 n328] ; F006 days with recorded activity=5 [own~5 max5] [peer~5 n328] ; F007 hour of earliest logon in the week=7 ; F008 hour of latest logon in the week=8,,"No rule fired: no unmatched numbers, no speculative language, no causal-context pattern, and no clear evidence-gloss assertion; needs full manual judgement.",,grounded,
0ecd25b6094c_s001,0ecd25b6094c,SIM3373,2010-W12,no,R4,2,2,"SIM3373, a salesman in the RegionalSales team, had an unusual week.",F001 visits to job-search sites=95 [own~27 max90] [peer~1 n328],F002 visits to leak-publication sites=0 [own~0 max0] ; F003 visits to cloud-storage sites=14 [own~11 max17] [peer~2 n328] ; F004 distinct web domains visited=49 [own~44 max52] [peer~75 n328] ; F005 distinct workstations used=1 [own~1 max1] [peer~1 n328] ; F006 days with recorded activity=5 [own~5 max5] [peer~5 n328] ; F007 hour of earliest logon in the week=7 ; F008 hour of latest logon in the week=8,,"No rule fired: no unmatched numbers, no speculative language, no causal-context pattern, and no clear evidence-gloss assertion; needs full manual judgement.",,grounded,
0ecd25b6094c_s002,0ecd25b6094c,SIM3373,2010-W12,no,R4,2,2,The UEBA system flagged the week due to evidence that they visited job-search sites atypical for their role.,F001 visits to job-search sites=95 [own~27 max90] [peer~1 n328],F002 visits to leak-publication sites=0 [own~0 max0] ; F003 visits to cloud-storage sites=14 [own~11 max17] [peer~2 n328] ; F004 distinct web domains visited=49 [own~44 max52] [peer~75 n328] ; F005 distinct workstations used=1 [own~1 max1] [peer~1 n328] ; F006 days with recorded activity=5 [own~5 max5] [peer~5 n328] ; F007 hour of earliest logon in the week=7 ; F008 hour of latest logon in the week=8,,"No rule fired: no unmatched numbers, no speculative language, no causal-context pattern, and no clear evidence-gloss assertion; needs full manual judgement.",,grounded,
0ecd25b6094c_s004,0ecd25b6094c,SIM3373,2010-W12,no,R4,2,2,This suggests that Sacha Ivy Mccormick may be searching for job opportunities beyond their usual sales and marketing activities.,F001 visits to job-search sites=95 [own~27 max90] [peer~1 n328],F002 visits to leak-publication sites=0 [own~0 max0] ; F003 visits to cloud-storage sites=14 [own~11 max17] [peer~2 n328] ; F004 distinct web domains visited=49 [own~44 max52] [peer~75 n328] ; F005 distinct workstations used=1 [own~1 max1] [peer~1 n328] ; F006 days with recorded activity=5 [own~5 max5] [peer~5 n328] ; F007 hour of earliest logon in the week=7 ; F008 hour of latest logon in the week=8,Unverifiable,Sentence contains speculative/hedge language ('may be'); neither matches nor contradicts any fact; rule 5 fired.,,unverifiable,
0ecd25b6094c_s006,0ecd25b6094c,SIM3373,2010-W12,no,R4,2,2,This unusual behavior is the primary evidence that has triggered the rule.,F001 visits to job-search sites=95 [own~27 max90] [peer~1 n328],F002 visits to leak-publication sites=0 [own~0 max0] ; F003 visits to cloud-storage sites=14 [own~11 max17] [peer~2 n328] ; F004 distinct web domains visited=49 [own~44 max52] [peer~75 n328] ; F005 distinct workstations used=1 [own~1 max1] [peer~1 n328] ; F006 days with recorded activity=5 [own~5 max5] [peer~5 n328] ; F007 hour of earliest logon in the week=7 ; F008 hour of latest logon in the week=8,,"No rule fired: no unmatched numbers, no speculative language, no causal-context pattern, and no clear evidence-gloss assertion; needs full manual judgement.",,grounded,
0ecd25b6094c_s007,0ecd25b6094c,SIM3373,2010-W12,no,R4,1,1,"There's no indication of any other unusual activity, such as visits to leak-publication sites or cloud-storage sites.",F001 visits to job-search sites=95 [own~27 max90] [peer~1 n328],F002 visits to leak-publication sites=0 [own~0 max0] ; F003 visits to cloud-storage sites=14 [own~11 max17] [peer~2 n328] ; F004 distinct web domains visited=49 [own~44 max52] [peer~75 n328] ; F005 distinct workstations used=1 [own~1 max1] [peer~1 n328] ; F006 days with recorded activity=5 [own~5 max5] [peer~5 n328] ; F007 hour of earliest logon in the week=7 ; F008 hour of latest logon in the week=8,,"No rule fired: no unmatched numbers, no speculative language, no causal-context pattern, and no clear evidence-gloss assertion; needs full manual judgement.",,grounded,
0ecd25b6094c_s010,0ecd25b6094c,SIM3373,2010-W12,no,R4,1,1,"This anomaly is supported by the triggered rule [R4], which detects atypical browsing to job-search or leak-publication sites for the role.",F001 visits to job-search sites=95 [own~27 max90] [peer~1 n328],F002 visits to leak-publication sites=0 [own~0 max0] ; F003 visits to cloud-storage sites=14 [own~11 max17] [peer~2 n328] ; F004 distinct web domains visited=49 [own~44 max52] [peer~75 n328] ; F005 distinct workstations used=1 [own~1 max1] [peer~1 n328] ; F006 days with recorded activity=5 [own~5 max5] [peer~5 n328] ; F007 hour of earliest logon in the week=7 ; F008 hour of latest logon in the week=8,,"No rule fired: no unmatched numbers, no speculative language, no causal-context pattern, and no clear evidence-gloss assertion; needs full manual judgement.",,grounded,
0ecd25b6094c_s012,0ecd25b6094c,SIM3373,2010-W12,no,R4,1,1,"While his overall browsing activity and workstation usage were normal, his increased visits to job-search sites warrant further investigation to determine the cause and potential impact on his work.",F001 visits to job-search sites=95 [own~27 max90] [peer~1 n328],F002 visits to leak-publication sites=0 [own~0 max0] ; F003 visits to cloud-storage sites=14 [own~11 max17] [peer~2 n328] ; F004 distinct web domains visited=49 [own~44 max52] [peer~75 n328] ; F005 distinct workstations used=1 [own~1 max1] [peer~1 n328] ; F006 days with recorded activity=5 [own~5 max5] [peer~5 n328] ; F007 hour of earliest logon in the week=7 ; F008 hour of latest logon in the week=8,Grounded,"Main clause asserts evidence fact (F001) and all numbers trace to facts[]. [Compound: main='his increased visits to job-search sites warrant further inv...', sub='While his overall browsing activity and workstation usage we...'] Rule 1 fired.",,unverifiable,
0ecd25b6094c_s013,0ecd25b6094c,SIM3373,2010-W12,no,R4,1,1,"This anomaly is supported by the triggered rule, which flags unusual behavior for users in the SalesAndMarketing_Commercial functional unit.",F001 visits to job-search sites=95 [own~27 max90] [peer~1 n328],F002 visits to leak-publication sites=0 [own~0 max0] ; F003 visits to cloud-storage sites=14 [own~11 max17] [peer~2 n328] ; F004 distinct web domains visited=49 [own~44 max52] [peer~75 n328] ; F005 distinct workstations used=1 [own~1 max1] [peer~1 n328] ; F006 days with recorded activity=5 [own~5 max5] [peer~5 n328] ; F007 hour of earliest logon in the week=7 ; F008 hour of latest logon in the week=8,,"No rule fired: no unmatched numbers, no speculative language, no causal-context pattern, and no clear evidence-gloss assertion; needs full manual judgement.",,grounded,
1066eacc8d35_s002,1066eacc8d35,SRR2711,2010-W44,no,R5,7,10,"Specifically, SRR2711's web requests reached 700, which is well above their typical range of 600.",F001 web requests=700 [own~600 max700] [peer~475 n366],F002 logon events=16 [own~13 max16] [peer~5 n366] ; F003 file operations=3 [own~10 max25] [peer~1 n366] ; F004 removable device connections=2 [own~3 max6] ; F005 distinct workstations used=4 [own~3 max4] [peer~1 n366] ; F006 days with recorded activity=7 [own~6 max7] [peer~5 n366] ; F007 hour of earliest logon in the week=7 ; F008 hour of latest logon in the week=14,Grounded,Main clause asserts evidence fact (F001) and all numbers trace to facts[]. Rule 1 fired.,,grounded,
1066eacc8d35_s004,1066eacc8d35,SRR2711,2010-W44,no,R5,6,6,"Simone Rae Riggs, an Electrical Engineer, had a week (2010-W44) where their overall activity volume was significantly higher than their peers.",F001 web requests=700 [own~600 max700] [peer~475 n366],F002 logon events=16 [own~13 max16] [peer~5 n366] ; F003 file operations=3 [own~10 max25] [peer~1 n366] ; F004 removable device connections=2 [own~3 max6] ; F005 distinct workstations used=4 [own~3 max4] [peer~1 n366] ; F006 days with recorded activity=7 [own~6 max7] [peer~5 n366] ; F007 hour of earliest logon in the week=7 ; F008 hour of latest logon in the week=14,,"No rule fired: no unmatched numbers, no speculative language, no causal-context pattern, and no clear evidence-gloss assertion; needs full manual judgement.",,grounded,
1066eacc8d35_s003,1066eacc8d35,SRR2711,2010-W44,no,R5,4,4,"Moreover, this volume is far beyond the average of 475 requests seen among same-role peers this week.",F001 web requests=700 [own~600 max700] [peer~475 n366],F002 logon events=16 [own~13 max16] [peer~5 n366] ; F003 file operations=3 [own~10 max25] [peer~1 n366] ; F004 removable device connections=2 [own~3 max6] ; F005 distinct workstations used=4 [own~3 max4] [peer~1 n366] ; F006 days with recorded activity=7 [own~6 max7] [peer~5 n366] ; F007 hour of earliest logon in the week=7 ; F008 hour of latest logon in the week=14,,"No rule fired: no unmatched numbers, no speculative language, no causal-context pattern, and no clear evidence-gloss assertion; needs full manual judgement.",,grounded,
1066eacc8d35_s001,1066eacc8d35,SRR2711,2010-W44,no,R5,3,3,The UEBA system flagged SRR2711's week due to their significantly higher overall activity volume compared to same-role peers.,F001 web requests=700 [own~600 max700] [peer~475 n366],F002 logon events=16 [own~13 max16] [peer~5 n366] ; F003 file operations=3 [own~10 max25] [peer~1 n366] ; F004 removable device connections=2 [own~3 max6] ; F005 distinct workstations used=4 [own~3 max4] [peer~1 n366] ; F006 days with recorded activity=7 [own~6 max7] [peer~5 n366] ; F007 hour of earliest logon in the week=7 ; F008 hour of latest logon in the week=14,Misweighted,"Main clause uses causal language and cites context-only fact (F006), not an evidence fact. Rule 4 fired.",,grounded,
1066eacc8d35_s005,1066eacc8d35,SRR2711,2010-W44,no,R5,3,3,This suggests that Simone Rae Riggs may have been engaging in more extensive online activities or interacting with more systems than usual.,F001 web requests=700 [own~600 max700] [peer~475 n366],F002 logon events=16 [own~13 max16] [peer~5 n366] ; F003 file operations=3 [own~10 max25] [peer~1 n366] ; F004 removable device connections=2 [own~3 max6] ; F005 distinct workstations used=4 [own~3 max4] [peer~1 n366] ; F006 days with recorded activity=7 [own~6 max7] [peer~5 n366] ; F007 hour of earliest logon in the week=7 ; F008 hour of latest logon in the week=14,,"No rule fired: no unmatched numbers, no speculative language, no causal-context pattern, and no clear evidence-gloss assertion; needs full manual judgement.",,unverifiable,
1066eacc8d35_s006,1066eacc8d35,SRR2711,2010-W44,no,R5,2,2,This suggests that Simone's activity this week was unusually intense and may warrant further investigation.,F001 web requests=700 [own~600 max700] [peer~475 n366],F002 logon events=16 [own~13 max16] [peer~5 n366] ; F003 file operations=3 [own~10 max25] [peer~1 n366] ; F004 removable device connections=2 [own~3 max6] ; F005 distinct workstations used=4 [own~3 max4] [peer~1 n366] ; F006 days with recorded activity=7 [own~6 max7] [peer~5 n366] ; F007 hour of earliest logon in the week=7 ; F008 hour of latest logon in the week=14,,"No rule fired: no unmatched numbers, no speculative language, no causal-context pattern, and no clear evidence-gloss assertion; needs full manual judgement.",,unverifiable,
1066eacc8d35_s007,1066eacc8d35,SRR2711,2010-W44,no,R5,1,1,"This anomaly suggests that Riggs may have been working on a project or handling a large workload, warranting further investigation to understand the nature of this increased activity.",F001 web requests=700 [own~600 max700] [peer~475 n366],F002 logon events=16 [own~13 max16] [peer~5 n366] ; F003 file operations=3 [own~10 max25] [peer~1 n366] ; F004 removable device connections=2 [own~3 max6] ; F005 distinct workstations used=4 [own~3 max4] [peer~1 n366] ; F006 days with recorded activity=7 [own~6 max7] [peer~5 n366] ; F007 hour of earliest logon in the week=7 ; F008 hour of latest logon in the week=14,,"No rule fired: no unmatched numbers, no speculative language, no causal-context pattern, and no clear evidence-gloss assertion; needs full manual judgement.",,unverifiable,
117f7000f63c_s003,117f7000f63c,ABG3605,2010-W43,no,R4,7,7,The UEBA system flagged August Bert Gould's (ABG3605) activity for the week of 2010-10-25 to 2010-10-31 due to evidence that he visited job-search sites atypically for his role as a Hardware Engineer.,F001 visits to job-search sites=27 [own~6 max10] [peer~3.50 n100],F002 visits to leak-publication sites=0 [own~0 max0] ; F003 visits to cloud-storage sites=3 [own~0 max2] [peer~1 n100] ; F004 distinct web domains visited=104 [own~98.50 max114] [peer~65.50 n100] ; F005 distinct workstations used=1 [own~1 max1] [peer~1 n100] ; F006 days with recorded activity=5 [own~5 max5] [peer~5 n100] ; F007 hour of earliest logon in the week=8 ; F008 hour of latest logon in the week=8,Hallucinated,Text contains sub-week temporal claim (HH:MM / ISO date / day-of-week) unsupported by any week-level fact; rule 2 fired.,,grounded,
117f7000f63c_s001,117f7000f63c,ABG3605,2010-W43,no,R4,6,7,"ABG3605's behavior this week is flagged due to an unusual number of visits to job-search sites, with 27 visits, which is significantly above their typical range of 6.",F001 visits to job-search sites=27 [own~6 max10] [peer~3.50 n100],F002 visits to leak-publication sites=0 [own~0 max0] ; F003 visits to cloud-storage sites=3 [own~0 max2] [peer~1 n100] ; F004 distinct web domains visited=104 [own~98.50 max114] [peer~65.50 n100] ; F005 distinct workstations used=1 [own~1 max1] [peer~1 n100] ; F006 days with recorded activity=5 [own~5 max5] [peer~5 n100] ; F007 hour of earliest logon in the week=8 ; F008 hour of latest logon in the week=8,Grounded,Main clause asserts evidence fact (F001) and all numbers trace to facts[]. Rule 1 fired.,,grounded,
117f7000f63c_s011,117f7000f63c,ABG3605,2010-W43,no,R4,4,4,"The evidence for this comes from 27 visits to job-search sites, which is significantly higher than their typical range of 6 and also above the average of 3.50 among peers in the same role.",F001 visits to job-search sites=27 [own~6 max10] [peer~3.50 n100],F002 visits to leak-publication sites=0 [own~0 max0] ; F003 visits to cloud-storage sites=3 [own~0 max2] [peer~1 n100] ; F004 distinct web domains visited=104 [own~98.50 max114] [peer~65.50 n100] ; F005 distinct workstations used=1 [own~1 max1] [peer~1 n100] ; F006 days with recorded activity=5 [own~5 max5] [peer~5 n100] ; F007 hour of earliest logon in the week=8 ; F008 hour of latest logon in the week=8,Grounded,Main clause asserts evidence fact (F001) and all numbers trace to facts[]. Rule 1 fired.,,grounded,
117f7000f63c_s006,117f7000f63c,ABG3605,2010-W43,no,R4,2,2,This anomaly is the primary evidence for the triggered rules.,F001 visits to job-search sites=27 [own~6 max10] [peer~3.50 n100],F002 visits to leak-publication sites=0 [own~0 max0] ; F003 visits to cloud-storage sites=3 [own~0 max2] [peer~1 n100] ; F004 distinct web domains visited=104 [own~98.50 max114] [peer~65.50 n100] ; F005 distinct workstations used=1 [own~1 max1] [peer~1 n100] ; F006 days with recorded activity=5 [own~5 max5] [peer~5 n100] ; F007 hour of earliest logon in the week=8 ; F008 hour of latest logon in the week=8,,"No rule fired: no unmatched numbers, no speculative language, no causal-context pattern, and no clear evidence-gloss assertion; needs full manual judgement.",,grounded,
117f7000f63c_s007,117f7000f63c,ABG3605,2010-W43,no,R4,2,2,The lack of visits to leak-publication sites and the normal activity in other areas suggest that this increase in job-search activity is not part of a larger pattern of unusual behavior.,F001 visits to job-search sites=27 [own~6 max10] [peer~3.50 n100],F002 visits to leak-publication sites=0 [own~0 max0] ; F003 visits to cloud-storage sites=3 [own~0 max2] [peer~1 n100] ; F004 distinct web domains visited=104 [own~98.50 max114] [peer~65.50 n100] ; F005 distinct workstations used=1 [own~1 max1] [peer~1 n100] ; F006 days with recorded activity=5 [own~5 max5] [peer~5 n100] ; F007 hour of earliest logon in the week=8 ; F008 hour of latest logon in the week=8,,"No rule fired: no unmatched numbers, no speculative language, no causal-context pattern, and no clear evidence-gloss assertion; needs full manual judgement.",,grounded,
117f7000f63c_s009,117f7000f63c,ABG3605,2010-W43,no,R4,2,2,This suggests that Gould's browsing habits are deviating from what's typical for their role as a Hardware Engineer.,F001 visits to job-search sites=27 [own~6 max10] [peer~3.50 n100],F002 visits to leak-publication sites=0 [own~0 max0] ; F003 visits to cloud-storage sites=3 [own~0 max2] [peer~1 n100] ; F004 distinct web domains visited=104 [own~98.50 max114] [peer~65.50 n100] ; F005 distinct workstations used=1 [own~1 max1] [peer~1 n100] ; F006 days with recorded activity=5 [own~5 max5] [peer~5 n100] ; F007 hour of earliest logon in the week=8 ; F008 hour of latest logon in the week=8,,"No rule fired: no unmatched numbers, no speculative language, no causal-context pattern, and no clear evidence-gloss assertion; needs full manual judgement.",,grounded,
117f7000f63c_s010,117f7000f63c,ABG3605,2010-W43,no,R4,2,2,"This week, ABG3605's browsing behavior suggests they may be looking for a new job, which is unusual for a HardwareEngineer in the ResearchAndEngineering_Government_Foreign functional unit.",F001 visits to job-search sites=27 [own~6 max10] [peer~3.50 n100],F002 visits to leak-publication sites=0 [own~0 max0] ; F003 visits to cloud-storage sites=3 [own~0 max2] [peer~1 n100] ; F004 distinct web domains visited=104 [own~98.50 max114] [peer~65.50 n100] ; F005 distinct workstations used=1 [own~1 max1] [peer~1 n100] ; F006 days with recorded activity=5 [own~5 max5] [peer~5 n100] ; F007 hour of earliest logon in the week=8 ; F008 hour of latest logon in the week=8,Unverifiable,Sentence contains speculative/hedge language ('may be'); neither matches nor contradicts any fact; rule 5 fired.,,unverifiable,
117f7000f63c_s012,117f7000f63c,ABG3605,2010-W43,no,R4,2,2,This anomaly is the primary reason for flagging this week.,F001 visits to job-search sites=27 [own~6 max10] [peer~3.50 n100],F002 visits to leak-publication sites=0 [own~0 max0] ; F003 visits to cloud-storage sites=3 [own~0 max2] [peer~1 n100] ; F004 distinct web domains visited=104 [own~98.50 max114] [peer~65.50 n100] ; F005 distinct workstations used=1 [own~1 max1] [peer~1 n100] ; F006 days with recorded activity=5 [own~5 max5] [peer~5 n100] ; F007 hour of earliest logon in the week=8 ; F008 hour of latest logon in the week=8,,"No rule fired: no unmatched numbers, no speculative language, no causal-context pattern, and no clear evidence-gloss assertion; needs full manual judgement.",,grounded,
117f7000f63c_s002,117f7000f63c,ABG3605,2010-W43,no,R4,1,1,"This increase is also above the peer average of 3.50, suggesting that this behavior is not typical for someone in their role.",F001 visits to job-search sites=27 [own~6 max10] [peer~3.50 n100],F002 visits to leak-publication sites=0 [own~0 max0] ; F003 visits to cloud-storage sites=3 [own~0 max2] [peer~1 n100] ; F004 distinct web domains visited=104 [own~98.50 max114] [peer~65.50 n100] ; F005 distinct workstations used=1 [own~1 max1] [peer~1 n100] ; F006 days with recorded activity=5 [own~5 max5] [peer~5 n100] ; F007 hour of earliest logon in the week=8 ; F008 hour of latest logon in the week=8,,"No rule fired: no unmatched numbers, no speculative language, no causal-context pattern, and no clear evidence-gloss assertion; needs full manual judgement.",,grounded,
117f7000f63c_s004,117f7000f63c,ABG3605,2010-W43,no,R4,1,1,"This suggests that Gould may be looking for a new opportunity, which is not typical behavior for someone in his role.",F001 visits to job-search sites=27 [own~6 max10] [peer~3.50 n100],F002 visits to leak-publication sites=0 [own~0 max0] ; F003 visits to cloud-storage sites=3 [own~0 max2] [peer~1 n100] ; F004 distinct web domains visited=104 [own~98.50 max114] [peer~65.50 n100] ; F005 distinct workstations used=1 [own~1 max1] [peer~1 n100] ; F006 days with recorded activity=5 [own~5 max5] [peer~5 n100] ; F007 hour of earliest logon in the week=8 ; F008 hour of latest logon in the week=8,Unverifiable,Sentence contains speculative/hedge language ('may be'); neither matches nor contradicts any fact; rule 5 fired.,,unverifiable,
117f7000f63c_s005,117f7000f63c,ABG3605,2010-W43,no,R4,1,1,This is also above the typical range of 3.50 visits among peers in the same role.,F001 visits to job-search sites=27 [own~6 max10] [peer~3.50 n100],F002 visits to leak-publication sites=0 [own~0 max0] ; F003 visits to cloud-storage sites=3 [own~0 max2] [peer~1 n100] ; F004 distinct web domains visited=104 [own~98.50 max114] [peer~65.50 n100] ; F005 distinct workstations used=1 [own~1 max1] [peer~1 n100] ; F006 days with recorded activity=5 [own~5 max5] [peer~5 n100] ; F007 hour of earliest logon in the week=8 ; F008 hour of latest logon in the week=8,,"No rule fired: no unmatched numbers, no speculative language, no causal-context pattern, and no clear evidence-gloss assertion; needs full manual judgement.",,grounded,
117f7000f63c_s008,117f7000f63c,ABG3605,2010-W43,no,R4,1,1,"The triggered detection rule [R4] suggests that his browsing habits are atypical for his role, specifically his visits to job-search sites.",F001 visits to job-search sites=27 [own~6 max10] [peer~3.50 n100],F002 visits to leak-publication sites=0 [own~0 max0] ; F003 visits to cloud-storage sites=3 [own~0 max2] [peer~1 n100] ; F004 distinct web domains visited=104 [own~98.50 max114] [peer~65.50 n100] ; F005 distinct workstations used=1 [own~1 max1] [peer~1 n100] ; F006 days with recorded activity=5 [own~5 max5] [peer~5 n100] ; F007 hour of earliest logon in the week=8 ; F008 hour of latest logon in the week=8,Grounded,Main clause asserts evidence fact (F001) and all numbers trace to facts[]. Rule 1 fired.,,grounded,
1a55477e73f1_s002,1a55477e73f1,GLN2107,2010-W41,no,R4,9,9,"Specifically, they visited job-search sites 27 times, which is far above their typical range of 7 and significantly higher than the typical range among same-role peers (1).",F001 visits to job-search sites=27 [own~7 max33] [peer~1 n100],F002 visits to leak-publication sites=0 [own~0 max0] ; F003 visits to cloud-storage sites=10 [own~5 max16] [peer~1 n100] ; F004 distinct web domains visited=85 [own~76 max85] [peer~63.50 n100] ; F005 distinct workstations used=1 [own~1.50 max2] [peer~1 n100] ; F006 days with recorded activity=5 [own~5 max5] [peer~5 n100] ; F007 hour of earliest logon in the week=8 ; F008 hour of latest logon in the week=13,,"No rule fired: no unmatched numbers, no speculative language, no causal-context pattern, and no clear evidence-gloss assertion; needs full manual judgement.",,grounded,
1a55477e73f1_s001,1a55477e73f1,GLN2107,2010-W41,no,R4,8,8,GLN2107's week was flagged due to evidence that their browsing habits are atypical for their role.,F001 visits to job-search sites=27 [own~7 max33] [peer~1 n100],F002 visits to leak-publication sites=0 [own~0 max0] ; F003 visits to cloud-storage sites=10 [own~5 max16] [peer~1 n100] ; F004 distinct web domains visited=85 [own~76 max85] [peer~63.50 n100] ; F005 distinct workstations used=1 [own~1.50 max2] [peer~1 n100] ; F006 days with recorded activity=5 [own~5 max5] [peer~5 n100] ; F007 hour of earliest logon in the week=8 ; F008 hour of latest logon in the week=13,,"No rule fired: no unmatched numbers, no speculative language, no causal-context pattern, and no clear evidence-gloss assertion; needs full manual judgement.",,grounded,
1a55477e73f1_s003,1a55477e73f1,GLN2107,2010-W41,no,R4,5,5,This suggests that GLN2107 may be looking for a new job or considering a career change.,F001 visits to job-search sites=27 [own~7 max33] [peer~1 n100],F002 visits to leak-publication sites=0 [own~0 max0] ; F003 visits to cloud-storage sites=10 [own~5 max16] [peer~1 n100] ; F004 distinct web domains visited=85 [own~76 max85] [peer~63.50 n100] ; F005 distinct workstations used=1 [own~1.50 max2] [peer~1 n100] ; F006 days with recorded activity=5 [own~5 max5] [peer~5 n100] ; F007 hour of earliest logon in the week=8 ; F008 hour of latest logon in the week=13,Unverifiable,Sentence contains speculative/hedge language ('may be'); neither matches nor contradicts any fact; rule 5 fired.,,unverifiable,
1a55477e73f1_s004,1a55477e73f1,GLN2107,2010-W41,no,R4,2,2,"This anomaly is supported by the triggered rule [R4], which flags browsing to job-search or leak-publication sites that are uncommon for the role.",F001 visits to job-search sites=27 [own~7 max33] [peer~1 n100],F002 visits to leak-publication sites=0 [own~0 max0] ; F003 visits to cloud-storage sites=10 [own~5 max16] [peer~1 n100] ; F004 distinct web domains visited=85 [own~76 max85] [peer~63.50 n100] ; F005 distinct workstations used=1 [own~1.50 max2] [peer~1 n100] ; F006 days with recorded activity=5 [own~5 max5] [peer~5 n100] ; F007 hour of earliest logon in the week=8 ; F008 hour of latest logon in the week=13,,"No rule fired: no unmatched numbers, no speculative language, no causal-context pattern, and no clear evidence-gloss assertion; needs full manual judgement.",,grounded,
1a55477e73f1_s005,1a55477e73f1,GLN2107,2010-W41,no,R4,1,1,This is also far above the average of 1 visit among peers in the same role.,F001 visits to job-search sites=27 [own~7 max33] [peer~1 n100],F002 visits to leak-publication sites=0 [own~0 max0] ; F003 visits to cloud-storage sites=10 [own~5 max16] [peer~1 n100] ; F004 distinct web domains visited=85 [own~76 max85] [peer~63.50 n100] ; F005 distinct workstations used=1 [own~1.50 max2] [peer~1 n100] ; F006 days with recorded activity=5 [own~5 max5] [peer~5 n100] ; F007 hour of earliest logon in the week=8 ; F008 hour of latest logon in the week=13,,"No rule fired: no unmatched numbers, no speculative language, no causal-context pattern, and no clear evidence-gloss assertion; needs full manual judgement.",,grounded,
1df2bcb7f157_s002,1df2bcb7f157,GNA0183,2010-W10,no,R4,9,9,"Specifically, they visited job-search sites 19 times, which is significantly above their usual range of 3 and also higher than the 2 visits made by their peers in the same role.",F001 visits to job-search sites=19 [own~3 max28] [peer~2 n268],F002 visits to leak-publication sites=0 [own~0 max0] ; F003 visits to cloud-storage sites=0 [own~1 max7] [peer~1 n268] ; F004 distinct web domains visited=45 [own~43 max50] [peer~60 n268] ; F005 distinct workstations used=1 [own~1 max1] [peer~1 n268] ; F006 days with recorded activity=5 [own~5 max5] [peer~5 n268] ; F007 hour of earliest logon in the week=7 ; F008 hour of latest logon in the week=8,,"No rule fired: no unmatched numbers, no speculative language, no causal-context pattern, and no clear evidence-gloss assertion; needs full manual judgement.",,grounded,
1df2bcb7f157_s004,1df2bcb7f157,GNA0183,2010-W10,no,R4,8,8,"Gregory Neville Ayers, a Mechanical Engineer, has been flagged for review due to evidence of atypical browsing activity for his role.",F001 visits to job-search sites=19 [own~3 max28] [peer~2 n268],F002 visits to leak-publication sites=0 [own~0 max0] ; F003 visits to cloud-storage sites=0 [own~1 max7] [peer~1 n268] ; F004 distinct web domains visited=45 [own~43 max50] [peer~60 n268] ; F005 distinct workstations used=1 [own~1 max1] [peer~1 n268] ; F006 days with recorded activity=5 [own~5 max5] [peer~5 n268] ; F007 hour of earliest logon in the week=7 ; F008 hour of latest logon in the week=8,Misweighted,"Main clause uses causal language and cites context-only fact (F006), not an evidence fact. Rule 4 fired.",,grounded,
1df2bcb7f157_s003,1df2bcb7f157,GNA0183,2010-W10,no,R4,3,3,"This suggests that Gregory Neville Ayers may be exhibiting atypical behavior, potentially indicating a desire to leave their current role or position.",F001 visits to job-search sites=19 [own~3 max28] [peer~2 n268],F002 visits to leak-publication sites=0 [own~0 max0] ; F003 visits to cloud-storage sites=0 [own~1 max7] [peer~1 n268] ; F004 distinct web domains visited=45 [own~43 max50] [peer~60 n268] ; F005 distinct workstations used=1 [own~1 max1] [peer~1 n268] ; F006 days with recorded activity=5 [own~5 max5] [peer~5 n268] ; F007 hour of earliest logon in the week=7 ; F008 hour of latest logon in the week=8,Unverifiable,Sentence contains speculative/hedge language ('may be'); neither matches nor contradicts any fact; rule 5 fired.,,unverifiable,
1df2bcb7f157_s006,1df2bcb7f157,GNA0183,2010-W10,no,R4,3,2,This anomaly is the primary evidence that triggered the detection rule.,F001 visits to job-search sites=19 [own~3 max28] [peer~2 n268],F002 visits to leak-publication sites=0 [own~0 max0] ; F003 visits to cloud-storage sites=0 [own~1 max7] [peer~1 n268] ; F004 distinct web domains visited=45 [own~43 max50] [peer~60 n268] ; F005 distinct workstations used=1 [own~1 max1] [peer~1 n268] ; F006 days with recorded activity=5 [own~5 max5] [peer~5 n268] ; F007 hour of earliest logon in the week=7 ; F008 hour of latest logon in the week=8,,"No rule fired: no unmatched numbers, no speculative language, no causal-context pattern, and no clear evidence-gloss assertion; needs full manual judgement.",,grounded,
1df2bcb7f157_s001,1df2bcb7f157,GNA0183,2010-W10,no,R4,2,2,GNA0183's browsing behavior this week is anomalous compared to their typical activity and that of their peers.,F001 visits to job-search sites=19 [own~3 max28] [peer~2 n268],F002 visits to leak-publication sites=0 [own~0 max0] ; F003 visits to cloud-storage sites=0 [own~1 max7] [peer~1 n268] ; F004 distinct web domains visited=45 [own~43 max50] [peer~60 n268] ; F005 distinct workstations used=1 [own~1 max1] [peer~1 n268] ; F006 days with recorded activity=5 [own~5 max5] [peer~5 n268] ; F007 hour of earliest logon in the week=7 ; F008 hour of latest logon in the week=8,,"No rule fired: no unmatched numbers, no speculative language, no causal-context pattern, and no clear evidence-gloss assertion; needs full manual judgement.",,grounded,
1df2bcb7f157_s005,1df2bcb7f157,GNA0183,2010-W10,no,R4,1,1,"This suggests that he may be looking for job opportunities outside of his usual channels, which is not typical behavior for someone in his role.",F001 visits to job-search sites=19 [own~3 max28] [peer~2 n268],F002 visits to leak-publication sites=0 [own~0 max0] ; F003 visits to cloud-storage sites=0 [own~1 max7] [peer~1 n268] ; F004 distinct web domains visited=45 [own~43 max50] [peer~60 n268] ; F005 distinct workstations used=1 [own~1 max1] [peer~1 n268] ; F006 days with recorded activity=5 [own~5 max5] [peer~5 n268] ; F007 hour of earliest logon in the week=7 ; F008 hour of latest logon in the week=8,Unverifiable,Sentence contains speculative/hedge language ('may be'); neither matches nor contradicts any fact; rule 5 fired.,,unverifiable,
1df2bcb7f157_s007,1df2bcb7f157,GNA0183,2010-W10,no,R4,1,1,This anomaly is further supported by the fact that this week's activity is also above the typical range of 2 visits seen among same-role peers.,F001 visits to job-search sites=19 [own~3 max28] [peer~2 n268],F002 visits to leak-publication sites=0 [own~0 max0] ; F003 visits to cloud-storage sites=0 [own~1 max7] [peer~1 n268] ; F004 distinct web domains visited=45 [own~43 max50] [peer~60 n268] ; F005 distinct workstations used=1 [own~1 max1] [peer~1 n268] ; F006 days with recorded activity=5 [own~5 max5] [peer~5 n268] ; F007 hour of earliest logon in the week=7 ; F008 hour of latest logon in the week=8,,"No rule fired: no unmatched numbers, no speculative language, no causal-context pattern, and no clear evidence-gloss assertion; needs full manual judgement.",,grounded,
1df2bcb7f157_s008,1df2bcb7f157,GNA0183,2010-W10,no,R4,1,1,There is no evidence to suggest that Ayers visited leak-publication sites or engaged in any other unusual behavior.,F001 visits to job-search sites=19 [own~3 max28] [peer~2 n268],F002 visits to leak-publication sites=0 [own~0 max0] ; F003 visits to cloud-storage sites=0 [own~1 max7] [peer~1 n268] ; F004 distinct web domains visited=45 [own~43 max50] [peer~60 n268] ; F005 distinct workstations used=1 [own~1 max1] [peer~1 n268] ; F006 days with recorded activity=5 [own~5 max5] [peer~5 n268] ; F007 hour of earliest logon in the week=7 ; F008 hour of latest logon in the week=8,,"No rule fired: no unmatched numbers, no speculative language, no causal-context pattern, and no clear evidence-gloss assertion; needs full manual judgement.",,grounded,
1df2bcb7f157_s009,1df2bcb7f157,GNA0183,2010-W10,no,R4,1,1,This suggests that Gregory may be exploring job opportunities outside of their typical scope.,F001 visits to job-search sites=19 [own~3 max28] [peer~2 n268],F002 visits to leak-publication sites=0 [own~0 max0] ; F003 visits to cloud-storage sites=0 [own~1 max7] [peer~1 n268] ; F004 distinct web domains visited=45 [own~43 max50] [peer~60 n268] ; F005 distinct workstations used=1 [own~1 max1] [peer~1 n268] ; F006 days with recorded activity=5 [own~5 max5] [peer~5 n268] ; F007 hour of earliest logon in the week=7 ; F008 hour of latest logon in the week=8,Unverifiable,Sentence contains speculative/hedge language ('may be'); neither matches nor contradicts any fact; rule 5 fired.,,unverifiable,
1df2bcb7f157_s010,1df2bcb7f157,GNA0183,2010-W10,no,R4,1,1,"This unusual activity is the primary evidence for the triggered rules, indicating potential job search or publication site activity outside of his usual mechanical engineering research and engineering activities.",F001 visits to job-search sites=19 [own~3 max28] [peer~2 n268],F002 visits to leak-publication sites=0 [own~0 max0] ; F003 visits to cloud-storage sites=0 [own~1 max7] [peer~1 n268] ; F004 distinct web domains visited=45 [own~43 max50] [peer~60 n268] ; F005 distinct workstations used=1 [own~1 max1] [peer~1 n268] ; F006 days with recorded activity=5 [own~5 max5] [peer~5 n268] ; F007 hour of earliest logon in the week=7 ; F008 hour of latest logon in the week=8,,"No rule fired: no unmatched numbers, no speculative language, no causal-context pattern, and no clear evidence-gloss assertion; needs full manual judgement.",,grounded,
38aa3d771816_s007,38aa3d771816,SZB0321,2010-W25,no,R4,7,7,"The evidence suggests that his browsing to job-search sites is significantly above his usual range, with 16 visits this week compared to his typical 1.50.",F001 visits to job-search sites=16 [own~1.50 max10] [peer~2 n80],F002 visits to leak-publication sites=0 [own~0 max0] ; F003 visits to cloud-storage sites=14 [own~19.50 max72] [peer~3.50 n80] ; F004 distinct web domains visited=86 [own~85 max97] [peer~83.50 n80] ; F005 distinct workstations used=1 [own~1 max1] [peer~1 n80] ; F006 days with recorded activity=5 [own~5 max5] [peer~5 n80] ; F007 hour of earliest logon in the week=7 ; F008 hour of latest logon in the week=7,,"No rule fired: no unmatched numbers, no speculative language, no causal-context pattern, and no clear evidence-gloss assertion; needs full manual judgement.",,grounded,
38aa3d771816_s006,38aa3d771816,SZB0321,2010-W25,no,R4,6,6,"Stuart Zeph Barker, a manager in the Manufacturing_Government functional unit, has exhibited atypical behavior this week.",F001 visits to job-search sites=16 [own~1.50 max10] [peer~2 n80],F002 visits to leak-publication sites=0 [own~0 max0] ; F003 visits to cloud-storage sites=14 [own~19.50 max72] [peer~3.50 n80] ; F004 distinct web domains visited=86 [own~85 max97] [peer~83.50 n80] ; F005 distinct workstations used=1 [own~1 max1] [peer~1 n80] ; F006 days with recorded activity=5 [own~5 max5] [peer~5 n80] ; F007 hour of earliest logon in the week=7 ; F008 hour of latest logon in the week=7,,"No rule fired: no unmatched numbers, no speculative language, no causal-context pattern, and no clear evidence-gloss assertion; needs full manual judgement.",,grounded,
38aa3d771816_s001,38aa3d771816,SZB0321,2010-W25,no,R4,3,3,"The UEBA system flagged SZB0321's week due to an unusual increase in browsing to job-search sites, with 16 visits, which is significantly above their typical range of 1.5.",F001 visits to job-search sites=16 [own~1.50 max10] [peer~2 n80],F002 visits to leak-publication sites=0 [own~0 max0] ; F003 visits to cloud-storage sites=14 [own~19.50 max72] [peer~3.50 n80] ; F004 distinct web domains visited=86 [own~85 max97] [peer~83.50 n80] ; F005 distinct workstations used=1 [own~1 max1] [peer~1 n80] ; F006 days with recorded activity=5 [own~5 max5] [peer~5 n80] ; F007 hour of earliest logon in the week=7 ; F008 hour of latest logon in the week=7,,"No rule fired: no unmatched numbers, no speculative language, no causal-context pattern, and no clear evidence-gloss assertion; needs full manual judgement.",,grounded,
38aa3d771816_s002,38aa3d771816,SZB0321,2010-W25,no,R4,3,3,This is also above the peer range of 2 visits among 80 peers in the same role.,F001 visits to job-search sites=16 [own~1.50 max10] [peer~2 n80],F002 visits to leak-publication sites=0 [own~0 max0] ; F003 visits to cloud-storage sites=14 [own~19.50 max72] [peer~3.50 n80] ; F004 distinct web domains visited=86 [own~85 max97] [peer~83.50 n80] ; F005 distinct workstations used=1 [own~1 max1] [peer~1 n80] ; F006 days with recorded activity=5 [own~5 max5] [peer~5 n80] ; F007 hour of earliest logon in the week=7 ; F008 hour of latest logon in the week=7,,"No rule fired: no unmatched numbers, no speculative language, no causal-context pattern, and no clear evidence-gloss assertion; needs full manual judgement.",,grounded,
38aa3d771816_s004,38aa3d771816,SZB0321,2010-W25,no,R4,3,3,"This week's activity for user SZB0321, a manager in the Manufacturing_Government functional unit, has triggered an anomaly detection rule.",F001 visits to job-search sites=16 [own~1.50 max10] [peer~2 n80],F002 visits to leak-publication sites=0 [own~0 max0] ; F003 visits to cloud-storage sites=14 [own~19.50 max72] [peer~3.50 n80] ; F004 distinct web domains visited=86 [own~85 max97] [peer~83.50 n80] ; F005 distinct workstations used=1 [own~1 max1] [peer~1 n80] ; F006 days with recorded activity=5 [own~5 max5] [peer~5 n80] ; F007 hour of earliest logon in the week=7 ; F008 hour of latest logon in the week=7,,"No rule fired: no unmatched numbers, no speculative language, no causal-context pattern, and no clear evidence-gloss assertion; needs full manual judgement.",,grounded,
38aa3d771816_s008,38aa3d771816,SZB0321,2010-W25,no,R4,3,3,This anomaly is the primary reason for the triggered detection rules.,F001 visits to job-search sites=16 [own~1.50 max10] [peer~2 n80],F002 visits to leak-publication sites=0 [own~0 max0] ; F003 visits to cloud-storage sites=14 [own~19.50 max72] [peer~3.50 n80] ; F004 distinct web domains visited=86 [own~85 max97] [peer~83.50 n80] ; F005 distinct workstations used=1 [own~1 max1] [peer~1 n80] ; F006 days with recorded activity=5 [own~5 max5] [peer~5 n80] ; F007 hour of earliest logon in the week=7 ; F008 hour of latest logon in the week=7,,"No rule fired: no unmatched numbers, no speculative language, no causal-context pattern, and no clear evidence-gloss assertion; needs full manual judgement.",,grounded,
38aa3d771816_s009,38aa3d771816,SZB0321,2010-W25,no,R4,3,3,This suggests that Stuart may be searching for job opportunities outside of their current role.,F001 visits to job-search sites=16 [own~1.50 max10] [peer~2 n80],F002 visits to leak-publication sites=0 [own~0 max0] ; F003 visits to cloud-storage sites=14 [own~19.50 max72] [peer~3.50 n80] ; F004 distinct web domains visited=86 [own~85 max97] [peer~83.50 n80] ; F005 distinct workstations used=1 [own~1 max1] [peer~1 n80] ; F006 days with recorded activity=5 [own~5 max5] [peer~5 n80] ; F007 hour of earliest logon in the week=7 ; F008 hour of latest logon in the week=7,Unverifiable,Sentence contains speculative/hedge language ('may be'); neither matches nor contradicts any fact; rule 5 fired.,,unverifiable,
38aa3d771816_s003,38aa3d771816,SZB0321,2010-W25,no,R4,2,2,"This suggests that SZB0321 may be actively searching for new job opportunities, which is atypical for their role as a manager in the Manufacturing_Government functional unit.",F001 visits to job-search sites=16 [own~1.50 max10] [peer~2 n80],F002 visits to leak-publication sites=0 [own~0 max0] ; F003 visits to cloud-storage sites=14 [own~19.50 max72] [peer~3.50 n80] ; F004 distinct web domains visited=86 [own~85 max97] [peer~83.50 n80] ; F005 distinct workstations used=1 [own~1 max1] [peer~1 n80] ; F006 days with recorded activity=5 [own~5 max5] [peer~5 n80] ; F007 hour of earliest logon in the week=7 ; F008 hour of latest logon in the week=7,Unverifiable,Sentence contains speculative/hedge language ('may be'); neither matches nor contradicts any fact; rule 5 fired.,,unverifiable,
38aa3d771816_s005,38aa3d771816,SZB0321,2010-W25,no,R4,1,1,This unusual behavior is likely the primary reason for the trigger.,F001 visits to job-search sites=16 [own~1.50 max10] [peer~2 n80],F002 visits to leak-publication sites=0 [own~0 max0] ; F003 visits to cloud-storage sites=14 [own~19.50 max72] [peer~3.50 n80] ; F004 distinct web domains visited=86 [own~85 max97] [peer~83.50 n80] ; F005 distinct workstations used=1 [own~1 max1] [peer~1 n80] ; F006 days with recorded activity=5 [own~5 max5] [peer~5 n80] ; F007 hour of earliest logon in the week=7 ; F008 hour of latest logon in the week=7,,"No rule fired: no unmatched numbers, no speculative language, no causal-context pattern, and no clear evidence-gloss assertion; needs full manual judgement.",,grounded,
44162398d129_s005,44162398d129,RKL2682,2010-W11,no,R4,7,7,"This is evident from the 22 visits to job-search sites, which is far above the peer range of 1 visit among 85 peers in the same role.",F001 visits to job-search sites=22 [NEW: unseen in prior 12wk] [peer~1 n85],F002 visits to leak-publication sites=0 [own~0 max0] ; F003 visits to cloud-storage sites=4 [own~3 max6] [peer~2 n85] ; F004 distinct web domains visited=106 [own~80 max95] [peer~72 n85] ; F005 distinct workstations used=1 [own~1 max1] [peer~1 n85] ; F006 days with recorded activity=5 [own~5 max5] [peer~5 n85] ; F007 hour of earliest logon in the week=6 ; F008 hour of latest logon in the week=7,Grounded,Main clause asserts evidence fact (F001) and all numbers trace to facts[]. Rule 1 fired.,,grounded,
44162398d129_s004,44162398d129,RKL2682,2010-W11,no,R4,3,3,"RKL2682, a software developer, triggered rule R4 by browsing to job-search sites atypical for their role.",F001 visits to job-search sites=22 [NEW: unseen in prior 12wk] [peer~1 n85],F002 visits to leak-publication sites=0 [own~0 max0] ; F003 visits to cloud-storage sites=4 [own~3 max6] [peer~2 n85] ; F004 distinct web domains visited=106 [own~80 max95] [peer~72 n85] ; F005 distinct workstations used=1 [own~1 max1] [peer~1 n85] ; F006 days with recorded activity=5 [own~5 max5] [peer~5 n85] ; F007 hour of earliest logon in the week=6 ; F008 hour of latest logon in the week=7,,"No rule fired: no unmatched numbers, no speculative language, no causal-context pattern, and no clear evidence-gloss assertion; needs full manual judgement.",,grounded,
44162398d129_s008,44162398d129,RKL2682,2010-W11,no,R4,3,3,"This week, Rafael Keith Lowery's browsing behavior is anomalous due to an unusual increase in visits to job-search sites.",F001 visits to job-search sites=22 [NEW: unseen in prior 12wk] [peer~1 n85],F002 visits to leak-publication sites=0 [own~0 max0] ; F003 visits to cloud-storage sites=4 [own~3 max6] [peer~2 n85] ; F004 distinct web domains visited=106 [own~80 max95] [peer~72 n85] ; F005 distinct workstations used=1 [own~1 max1] [peer~1 n85] ; F006 days with recorded activity=5 [own~5 max5] [peer~5 n85] ; F007 hour of earliest logon in the week=6 ; F008 hour of latest logon in the week=7,Grounded,Main clause asserts evidence fact (F001) and all numbers trace to facts[]. Rule 1 fired.,,grounded,
44162398d129_s001,44162398d129,RKL2682,2010-W11,no,R4,2,2,"The UEBA system flagged RKL2682's week 2010-W11 due to atypical browsing behavior, specifically visiting job-search sites 22 times, which is far above the peer range and has not been observed in the prior 12 weeks.",F001 visits to job-search sites=22 [NEW: unseen in prior 12wk] [peer~1 n85],F002 visits to leak-publication sites=0 [own~0 max0] ; F003 visits to cloud-storage sites=4 [own~3 max6] [peer~2 n85] ; F004 distinct web domains visited=106 [own~80 max95] [peer~72 n85] ; F005 distinct workstations used=1 [own~1 max1] [peer~1 n85] ; F006 days with recorded activity=5 [own~5 max5] [peer~5 n85] ; F007 hour of earliest logon in the week=6 ; F008 hour of latest logon in the week=7,False precision,12.0 ~= ratio F004/F008 (80/7=11.43); not literally in facts[]; rule 3 fired.,,grounded,
44162398d129_s003,44162398d129,RKL2682,2010-W11,no,R4,2,2,"With 22 visits, this is far above the typical range of 1 visit observed among peers in the same role, and a significant departure from the user's own prior 12-week activity.",F001 visits to job-search sites=22 [NEW: unseen in prior 12wk] [peer~1 n85],F002 visits to leak-publication sites=0 [own~0 max0] ; F003 visits to cloud-storage sites=4 [own~3 max6] [peer~2 n85] ; F004 distinct web domains visited=106 [own~80 max95] [peer~72 n85] ; F005 distinct workstations used=1 [own~1 max1] [peer~1 n85] ; F006 days with recorded activity=5 [own~5 max5] [peer~5 n85] ; F007 hour of earliest logon in the week=6 ; F008 hour of latest logon in the week=7,False precision,12.0 ~= ratio F004/F008 (80/7=11.43); not literally in facts[]; rule 3 fired.,,grounded,
44162398d129_s009,44162398d129,RKL2682,2010-W11,no,R4,2,2,"This anomaly stands out, even considering the normal visits to other types of sites, such as cloud-storage sites and leak-publication sites, which are within his typical range.",F001 visits to job-search sites=22 [NEW: unseen in prior 12wk] [peer~1 n85],F002 visits to leak-publication sites=0 [own~0 max0] ; F003 visits to cloud-storage sites=4 [own~3 max6] [peer~2 n85] ; F004 distinct web domains visited=106 [own~80 max95] [peer~72 n85] ; F005 distinct workstations used=1 [own~1 max1] [peer~1 n85] ; F006 days with recorded activity=5 [own~5 max5] [peer~5 n85] ; F007 hour of earliest logon in the week=6 ; F008 hour of latest logon in the week=7,,"No rule fired: no unmatched numbers, no speculative language, no causal-context pattern, and no clear evidence-gloss assertion; needs full manual judgement.",,grounded,
44162398d129_s010,44162398d129,RKL2682,2010-W11,no,R4,2,2,"Rafael Keith Lowery, a software developer in the Web Software team, was flagged for a triggered rule due to atypical browsing behavior.",F001 visits to job-search sites=22 [NEW: unseen in prior 12wk] [peer~1 n85],F002 visits to leak-publication sites=0 [own~0 max0] ; F003 visits to cloud-storage sites=4 [own~3 max6] [peer~2 n85] ; F004 distinct web domains visited=106 [own~80 max95] [peer~72 n85] ; F005 distinct workstations used=1 [own~1 max1] [peer~1 n85] ; F006 days with recorded activity=5 [own~5 max5] [peer~5 n85] ; F007 hour of earliest logon in the week=6 ; F008 hour of latest logon in the week=7,,"No rule fired: no unmatched numbers, no speculative language, no causal-context pattern, and no clear evidence-gloss assertion; needs full manual judgement.",,grounded,
44162398d129_s002,44162398d129,RKL2682,2010-W11,no,R4,1,1,This is the primary evidence for the triggered rule.,F001 visits to job-search sites=22 [NEW: unseen in prior 12wk] [peer~1 n85],F002 visits to leak-publication sites=0 [own~0 max0] ; F003 visits to cloud-storage sites=4 [own~3 max6] [peer~2 n85] ; F004 distinct web domains visited=106 [own~80 max95] [peer~72 n85] ; F005 distinct workstations used=1 [own~1 max1] [peer~1 n85] ; F006 days with recorded activity=5 [own~5 max5] [peer~5 n85] ; F007 hour of earliest logon in the week=6 ; F008 hour of latest logon in the week=7,,"No rule fired: no unmatched numbers, no speculative language, no causal-context pattern, and no clear evidence-gloss assertion; needs full manual judgement.",,grounded,
44162398d129_s006,44162398d129,RKL2682,2010-W11,no,R4,1,1,"This anomaly stands out, as the user's behavior in this regard is not typical of their recent or usual activity.",F001 visits to job-search sites=22 [NEW: unseen in prior 12wk] [peer~1 n85],F002 visits to leak-publication sites=0 [own~0 max0] ; F003 visits to cloud-storage sites=4 [own~3 max6] [peer~2 n85] ; F004 distinct web domains visited=106 [own~80 max95] [peer~72 n85] ; F005 distinct workstations used=1 [own~1 max1] [peer~1 n85] ; F006 days with recorded activity=5 [own~5 max5] [peer~5 n85] ; F007 hour of earliest logon in the week=6 ; F008 hour of latest logon in the week=7,,"No rule fired: no unmatched numbers, no speculative language, no causal-context pattern, and no clear evidence-gloss assertion; needs full manual judgement.",,grounded,
44162398d129_s007,44162398d129,RKL2682,2010-W11,no,R4,1,1,This suggests that Rafael Keith Lowery may be looking for a new job or considering a career change.,F001 visits to job-search sites=22 [NEW: unseen in prior 12wk] [peer~1 n85],F002 visits to leak-publication sites=0 [own~0 max0] ; F003 visits to cloud-storage sites=4 [own~3 max6] [peer~2 n85] ; F004 distinct web domains visited=106 [own~80 max95] [peer~72 n85] ; F005 distinct workstations used=1 [own~1 max1] [peer~1 n85] ; F006 days with recorded activity=5 [own~5 max5] [peer~5 n85] ; F007 hour of earliest logon in the week=6 ; F008 hour of latest logon in the week=7,Unverifiable,Sentence contains speculative/hedge language ('may be'); neither matches nor contradicts any fact; rule 5 fired.,,unverifiable,
44162398d129_s011,44162398d129,RKL2682,2010-W11,no,R4,1,1,"This anomaly is the primary reason for the flag, and it warrants further investigation to determine the nature of his interest in job-search sites.",F001 visits to job-search sites=22 [NEW: unseen in prior 12wk] [peer~1 n85],F002 visits to leak-publication sites=0 [own~0 max0] ; F003 visits to cloud-storage sites=4 [own~3 max6] [peer~2 n85] ; F004 distinct web domains visited=106 [own~80 max95] [peer~72 n85] ; F005 distinct workstations used=1 [own~1 max1] [peer~1 n85] ; F006 days with recorded activity=5 [own~5 max5] [peer~5 n85] ; F007 hour of earliest logon in the week=6 ; F008 hour of latest logon in the week=7,Unverifiable,Sentence contains speculative/hedge language ('warrants further investigation'); neither matches nor contradicts any fact; rule 5 fired.,,unverifiable,
44162398d129_s012,44162398d129,RKL2682,2010-W11,no,R4,1,1,"This anomaly suggests that Rafael may be searching for job opportunities outside of their typical scope, which could be a sign of potential departure from the organization.",F001 visits to job-search sites=22 [NEW: unseen in prior 12wk] [peer~1 n85],F002 visits to leak-publication sites=0 [own~0 max0] ; F003 visits to cloud-storage sites=4 [own~3 max6] [peer~2 n85] ; F004 distinct web domains visited=106 [own~80 max95] [peer~72 n85] ; F005 distinct workstations used=1 [own~1 max1] [peer~1 n85] ; F006 days with recorded activity=5 [own~5 max5] [peer~5 n85] ; F007 hour of earliest logon in the week=6 ; F008 hour of latest logon in the week=7,Unverifiable,Sentence contains speculative/hedge language ('may be'); neither matches nor contradicts any fact; rule 5 fired.,,unverifiable,
44162398d129_s013,44162398d129,RKL2682,2010-W11,no,R4,1,1,This anomaly is the primary evidence driving the flagged week.,F001 visits to job-search sites=22 [NEW: unseen in prior 12wk] [peer~1 n85],F002 visits to leak-publication sites=0 [own~0 max0] ; F003 visits to cloud-storage sites=4 [own~3 max6] [peer~2 n85] ; F004 distinct web domains visited=106 [own~80 max95] [peer~72 n85] ; F005 distinct workstations used=1 [own~1 max1] [peer~1 n85] ; F006 days with recorded activity=5 [own~5 max5] [peer~5 n85] ; F007 hour of earliest logon in the week=6 ; F008 hour of latest logon in the week=7,,"No rule fired: no unmatched numbers, no speculative language, no causal-context pattern, and no clear evidence-gloss assertion; needs full manual judgement.",,grounded,
44162398d129_s014,44162398d129,RKL2682,2010-W11,no,R4,1,1,"This is a significant departure from their usual behavior, as they didn't visit any job-search sites in the prior 12 weeks.",F001 visits to job-search sites=22 [NEW: unseen in prior 12wk] [peer~1 n85],F002 visits to leak-publication sites=0 [own~0 max0] ; F003 visits to cloud-storage sites=4 [own~3 max6] [peer~2 n85] ; F004 distinct web domains visited=106 [own~80 max95] [peer~72 n85] ; F005 distinct workstations used=1 [own~1 max1] [peer~1 n85] ; F006 days with recorded activity=5 [own~5 max5] [peer~5 n85] ; F007 hour of earliest logon in the week=6 ; F008 hour of latest logon in the week=7,False precision,12.0 ~= ratio F004/F008 (80/7=11.43); not literally in facts[]; rule 3 fired.,,grounded,
44162398d129_s015,44162398d129,RKL2682,2010-W11,no,R4,1,1,"The user's overall activity and workstation usage are consistent with their typical behavior, and there is no indication of unusual cloud storage or domain exploration.",F001 visits to job-search sites=22 [NEW: unseen in prior 12wk] [peer~1 n85],F002 visits to leak-publication sites=0 [own~0 max0] ; F003 visits to cloud-storage sites=4 [own~3 max6] [peer~2 n85] ; F004 distinct web domains visited=106 [own~80 max95] [peer~72 n85] ; F005 distinct workstations used=1 [own~1 max1] [peer~1 n85] ; F006 days with recorded activity=5 [own~5 max5] [peer~5 n85] ; F007 hour of earliest logon in the week=6 ; F008 hour of latest logon in the week=7,Unverifiable,Sentence contains speculative/hedge language ('consistent with'); neither matches nor contradicts any fact; rule 5 fired.,,grounded,
46d1c032687e_s001,46d1c032687e,EJS1338,2010-W40,no,R2,10,15,"EJS1338's week of October 4-10 was flagged due to an elevated number of files copied to removable media, with 10 files copied, which is significantly above their typical range of 1.5 files per week.",F001 files copied to removable media=10 [own~1.50 max14],F002 removable device connections=3 [own~4.50 max8] ; F003 removable device connections outside working hours=0 [own~0 max0] ; F004 file operations=28 [own~16 max28] ; F005 distinct workstations used=1 [own~2 max4] [peer~1 n366] ; F006 days with recorded activity=5 [own~5 max5] [peer~5 n366] ; F007 hour of earliest logon in the week=7 ; F008 hour of latest logon in the week=13,Grounded,Main clause asserts evidence fact (F001) and all numbers trace to facts[]. Rule 1 fired.,,grounded,
46d1c032687e_s005,46d1c032687e,EJS1338,2010-W40,no,R2,4,4,"The user's removable device connections and overall file operations remain within their typical ranges, suggesting that this increase in file copying to removable media is the primary anomaly.",F001 files copied to removable media=10 [own~1.50 max14],F002 removable device connections=3 [own~4.50 max8] ; F003 removable device connections outside working hours=0 [own~0 max0] ; F004 file operations=28 [own~16 max28] ; F005 distinct workstations used=1 [own~2 max4] [peer~1 n366] ; F006 days with recorded activity=5 [own~5 max5] [peer~5 n366] ; F007 hour of earliest logon in the week=7 ; F008 hour of latest logon in the week=13,,"No rule fired: no unmatched numbers, no speculative language, no causal-context pattern, and no clear evidence-gloss assertion; needs full manual judgement.",,grounded,
46d1c032687e_s002,46d1c032687e,EJS1338,2010-W40,no,R2,2,2,"This suggests that EJS1338 may have been transferring a larger-than-usual amount of data, which warrants further investigation.",F001 files copied to removable media=10 [own~1.50 max14],F002 removable device connections=3 [own~4.50 max8] ; F003 removable device connections outside working hours=0 [own~0 max0] ; F004 file operations=28 [own~16 max28] ; F005 distinct workstations used=1 [own~2 max4] [peer~1 n366] ; F006 days with recorded activity=5 [own~5 max5] [peer~5 n366] ; F007 hour of earliest logon in the week=7 ; F008 hour of latest logon in the week=13,Unverifiable,Sentence contains speculative/hedge language ('warrants further investigation'); neither matches nor contradicts any fact; rule 5 fired.,,unverifiable,
46d1c032687e_s004,46d1c032687e,EJS1338,2010-W40,no,R2,2,2,This anomaly is the primary evidence for the triggered rule R2.,F001 files copied to removable media=10 [own~1.50 max14],F002 removable device connections=3 [own~4.50 max8] ; F003 removable device connections outside working hours=0 [own~0 max0] ; F004 file operations=28 [own~16 max28] ; F005 distinct workstations used=1 [own~2 max4] [peer~1 n366] ; F006 days with recorded activity=5 [own~5 max5] [peer~5 n366] ; F007 hour of earliest logon in the week=7 ; F008 hour of latest logon in the week=13,,"No rule fired: no unmatched numbers, no speculative language, no causal-context pattern, and no clear evidence-gloss assertion; needs full manual judgement.",,grounded,
46d1c032687e_s003,46d1c032687e,EJS1338,2010-W40,no,R2,1,1,"This anomaly suggests that Schmidt may have been copying a larger-than-usual number of files to removable media, potentially indicating a change in their workflow or data transfer habits.",F001 files copied to removable media=10 [own~1.50 max14],F002 removable device connections=3 [own~4.50 max8] ; F003 removable device connections outside working hours=0 [own~0 max0] ; F004 file operations=28 [own~16 max28] ; F005 distinct workstations used=1 [own~2 max4] [peer~1 n366] ; F006 days with recorded activity=5 [own~5 max5] [peer~5 n366] ; F007 hour of earliest logon in the week=7 ; F008 hour of latest logon in the week=13,,"No rule fired: no unmatched numbers, no speculative language, no causal-context pattern, and no clear evidence-gloss assertion; needs full manual judgement.",,unverifiable,
48ccda2c802b_s002,48ccda2c802b,BQK2024,2011-W18,no,R4,10,13,"The main evidence for this is her unusually high number of visits to job-search sites, with 82 visits this week, compared to her typical range of 23.50 and the peer range of 9.",F001 visits to job-search sites=82 [own~23.50 max43] [peer~9 n268],F002 visits to leak-publication sites=0 [own~0 max0] ; F003 visits to cloud-storage sites=0 [own~0 max2] [peer~1 n268] ; F004 distinct web domains visited=60 [own~74.50 max82] [peer~62.50 n268] ; F005 distinct workstations used=3 [own~2.50 max5] [peer~1 n268] ; F006 days with recorded activity=5 [own~5 max5] [peer~5 n268] ; F007 hour of earliest logon in the week=7 ; F008 hour of latest logon in the week=13,Grounded,Main clause asserts evidence fact (F001) and all numbers trace to facts[]. Rule 1 fired.,,grounded,
48ccda2c802b_s001,48ccda2c802b,BQK2024,2011-W18,no,R4,9,9,"Barbara Quin Kerr, a Mechanical Engineer in the Test and Evaluation team, has triggered a detection rule for her browsing behavior.",F001 visits to job-search sites=82 [own~23.50 max43] [peer~9 n268],F002 visits to leak-publication sites=0 [own~0 max0] ; F003 visits to cloud-storage sites=0 [own~0 max2] [peer~1 n268] ; F004 distinct web domains visited=60 [own~74.50 max82] [peer~62.50 n268] ; F005 distinct workstations used=3 [own~2.50 max5] [peer~1 n268] ; F006 days with recorded activity=5 [own~5 max5] [peer~5 n268] ; F007 hour of earliest logon in the week=7 ; F008 hour of latest logon in the week=13,,"No rule fired: no unmatched numbers, no speculative language, no causal-context pattern, and no clear evidence-gloss assertion; needs full manual judgement.",,grounded,
48ccda2c802b_s003,48ccda2c802b,BQK2024,2011-W18,no,R4,2,2,This suggests that her browsing behavior is atypical for her role and may warrant further investigation.,F001 visits to job-search sites=82 [own~23.50 max43] [peer~9 n268],F002 visits to leak-publication sites=0 [own~0 max0] ; F003 visits to cloud-storage sites=0 [own~0 max2] [peer~1 n268] ; F004 distinct web domains visited=60 [own~74.50 max82] [peer~62.50 n268] ; F005 distinct workstations used=3 [own~2.50 max5] [peer~1 n268] ; F006 days with recorded activity=5 [own~5 max5] [peer~5 n268] ; F007 hour of earliest logon in the week=7 ; F008 hour of latest logon in the week=13,,"No rule fired: no unmatched numbers, no speculative language, no causal-context pattern, and no clear evidence-gloss assertion; needs full manual judgement.",,grounded,
48ccda2c802b_s005,48ccda2c802b,BQK2024,2011-W18,no,R4,2,2,This suggests that she may be looking for a new job opportunity or seeking to publish her work outside of the typical channels.,F001 visits to job-search sites=82 [own~23.50 max43] [peer~9 n268],F002 visits to leak-publication sites=0 [own~0 max0] ; F003 visits to cloud-storage sites=0 [own~0 max2] [peer~1 n268] ; F004 distinct web domains visited=60 [own~74.50 max82] [peer~62.50 n268] ; F005 distinct workstations used=3 [own~2.50 max5] [peer~1 n268] ; F006 days with recorded activity=5 [own~5 max5] [peer~5 n268] ; F007 hour of earliest logon in the week=7 ; F008 hour of latest logon in the week=13,Unverifiable,Sentence contains speculative/hedge language ('may be'); neither matches nor contradicts any fact; rule 5 fired.,,unverifiable,
48ccda2c802b_s009,48ccda2c802b,BQK2024,2011-W18,no,R4,2,2,"The only triggered detection rule is R4, which flags browsing to job-search or leak-publication sites atypical for the role.",F001 visits to job-search sites=82 [own~23.50 max43] [peer~9 n268],F002 visits to leak-publication sites=0 [own~0 max0] ; F003 visits to cloud-storage sites=0 [own~0 max2] [peer~1 n268] ; F004 distinct web domains visited=60 [own~74.50 max82] [peer~62.50 n268] ; F005 distinct workstations used=3 [own~2.50 max5] [peer~1 n268] ; F006 days with recorded activity=5 [own~5 max5] [peer~5 n268] ; F007 hour of earliest logon in the week=7 ; F008 hour of latest logon in the week=13,,"No rule fired: no unmatched numbers, no speculative language, no causal-context pattern, and no clear evidence-gloss assertion; needs full manual judgement.",,grounded,
48ccda2c802b_s004,48ccda2c802b,BQK2024,2011-W18,no,R4,1,1,This increase in job searching activity is the primary evidence for the triggered rules.,F001 visits to job-search sites=82 [own~23.50 max43] [peer~9 n268],F002 visits to leak-publication sites=0 [own~0 max0] ; F003 visits to cloud-storage sites=0 [own~0 max2] [peer~1 n268] ; F004 distinct web domains visited=60 [own~74.50 max82] [peer~62.50 n268] ; F005 distinct workstations used=3 [own~2.50 max5] [peer~1 n268] ; F006 days with recorded activity=5 [own~5 max5] [peer~5 n268] ; F007 hour of earliest logon in the week=7 ; F008 hour of latest logon in the week=13,,"No rule fired: no unmatched numbers, no speculative language, no causal-context pattern, and no clear evidence-gloss assertion; needs full manual judgement.",,grounded,
48ccda2c802b_s006,48ccda2c802b,BQK2024,2011-W18,no,R4,1,1,This anomaly is the main evidence for the triggered detection rule.,F001 visits to job-search sites=82 [own~23.50 max43] [peer~9 n268],F002 visits to leak-publication sites=0 [own~0 max0] ; F003 visits to cloud-storage sites=0 [own~0 max2] [peer~1 n268] ; F004 distinct web domains visited=60 [own~74.50 max82] [peer~62.50 n268] ; F005 distinct workstations used=3 [own~2.50 max5] [peer~1 n268] ; F006 days with recorded activity=5 [own~5 max5] [peer~5 n268] ; F007 hour of earliest logon in the week=7 ; F008 hour of latest logon in the week=13,,"No rule fired: no unmatched numbers, no speculative language, no causal-context pattern, and no clear evidence-gloss assertion; needs full manual judgement.",,grounded,
48ccda2c802b_s007,48ccda2c802b,BQK2024,2011-W18,no,R4,1,1,The fact that she did not visit leak-publication sites or cloud-storage sites during this period suggests that this behavior is not related to a desire to share sensitive information or store it remotely.,F001 visits to job-search sites=82 [own~23.50 max43] [peer~9 n268],F002 visits to leak-publication sites=0 [own~0 max0] ; F003 visits to cloud-storage sites=0 [own~0 max2] [peer~1 n268] ; F004 distinct web domains visited=60 [own~74.50 max82] [peer~62.50 n268] ; F005 distinct workstations used=3 [own~2.50 max5] [peer~1 n268] ; F006 days with recorded activity=5 [own~5 max5] [peer~5 n268] ; F007 hour of earliest logon in the week=7 ; F008 hour of latest logon in the week=13,,"No rule fired: no unmatched numbers, no speculative language, no causal-context pattern, and no clear evidence-gloss assertion; needs full manual judgement.",,grounded,
48ccda2c802b_s008,48ccda2c802b,BQK2024,2011-W18,no,R4,1,1,"This is also above the typical range for peers in the same role, which is 9 visits among 268 peers.",F001 visits to job-search sites=82 [own~23.50 max43] [peer~9 n268],F002 visits to leak-publication sites=0 [own~0 max0] ; F003 visits to cloud-storage sites=0 [own~0 max2] [peer~1 n268] ; F004 distinct web domains visited=60 [own~74.50 max82] [peer~62.50 n268] ; F005 distinct workstations used=3 [own~2.50 max5] [peer~1 n268] ; F006 days with recorded activity=5 [own~5 max5] [peer~5 n268] ; F007 hour of earliest logon in the week=7 ; F008 hour of latest logon in the week=13,,"No rule fired: no unmatched numbers, no speculative language, no causal-context pattern, and no clear evidence-gloss assertion; needs full manual judgement.",,grounded,
48ccda2c802b_s010,48ccda2c802b,BQK2024,2011-W18,no,R4,1,1,"This suggests that she may be seeking new employment opportunities, which is not typical for a Mechanical Engineer in her role.",F001 visits to job-search sites=82 [own~23.50 max43] [peer~9 n268],F002 visits to leak-publication sites=0 [own~0 max0] ; F003 visits to cloud-storage sites=0 [own~0 max2] [peer~1 n268] ; F004 distinct web domains visited=60 [own~74.50 max82] [peer~62.50 n268] ; F005 distinct workstations used=3 [own~2.50 max5] [peer~1 n268] ; F006 days with recorded activity=5 [own~5 max5] [peer~5 n268] ; F007 hour of earliest logon in the week=7 ; F008 hour of latest logon in the week=13,Unverifiable,Sentence contains speculative/hedge language ('may be'); neither matches nor contradicts any fact; rule 5 fired.,,unverifiable,
526ddf572cfc_s002,526ddf572cfc,JVZ3437,2011-W04,no,R5,8,8,"Specifically, his file operations reached 12, which is well above his typical range of 2.50 and also far outside the range of 1 seen among his peers this week.",F001 file operations=12 [own~2.50 max7] [peer~1 n328],F002 logon events=5 [own~5 max5] [peer~5 n328] ; F003 web requests=810 [own~810 max810] [peer~810 n328] ; F004 removable device connections=0 [own~0 max0] ; F005 distinct workstations used=1 [own~1 max1] [peer~1 n328] ; F006 days with recorded activity=5 [own~5 max5] [peer~5 n328] ; F007 hour of earliest logon in the week=8 ; F008 hour of latest logon in the week=8,Grounded,Main clause asserts evidence fact (F001) and all numbers trace to facts[]. Rule 1 fired.,,grounded,
526ddf572cfc_s003,526ddf572cfc,JVZ3437,2011-W04,no,R5,5,5,"This suggests that JVZ3437's activity was unusually high, and further investigation is warranted to understand the nature of this increased activity.",F001 file operations=12 [own~2.50 max7] [peer~1 n328],F002 logon events=5 [own~5 max5] [peer~5 n328] ; F003 web requests=810 [own~810 max810] [peer~810 n328] ; F004 removable device connections=0 [own~0 max0] ; F005 distinct workstations used=1 [own~1 max1] [peer~1 n328] ; F006 days with recorded activity=5 [own~5 max5] [peer~5 n328] ; F007 hour of earliest logon in the week=8 ; F008 hour of latest logon in the week=8,,"No rule fired: no unmatched numbers, no speculative language, no causal-context pattern, and no clear evidence-gloss assertion; needs full manual judgement.",,grounded,
526ddf572cfc_s005,526ddf572cfc,JVZ3437,2011-W04,no,R5,4,4,"Jasper Vernon Zamora, a salesman in the Regional Sales team, had a week that triggered a detection rule due to his unusually high file operations volume.",F001 file operations=12 [own~2.50 max7] [peer~1 n328],F002 logon events=5 [own~5 max5] [peer~5 n328] ; F003 web requests=810 [own~810 max810] [peer~810 n328] ; F004 removable device connections=0 [own~0 max0] ; F005 distinct workstations used=1 [own~1 max1] [peer~1 n328] ; F006 days with recorded activity=5 [own~5 max5] [peer~5 n328] ; F007 hour of earliest logon in the week=8 ; F008 hour of latest logon in the week=8,Grounded,Main clause asserts evidence fact (F001) and all numbers trace to facts[]. Rule 1 fired.,,grounded,
526ddf572cfc_s001,526ddf572cfc,JVZ3437,2011-W04,no,R5,3,3,The UEBA system flagged this week for JVZ3437 due to his overall activity volume being significantly higher than his same-role peers.,F001 file operations=12 [own~2.50 max7] [peer~1 n328],F002 logon events=5 [own~5 max5] [peer~5 n328] ; F003 web requests=810 [own~810 max810] [peer~810 n328] ; F004 removable device connections=0 [own~0 max0] ; F005 distinct workstations used=1 [own~1 max1] [peer~1 n328] ; F006 days with recorded activity=5 [own~5 max5] [peer~5 n328] ; F007 hour of earliest logon in the week=8 ; F008 hour of latest logon in the week=8,Misweighted,"Main clause uses causal language and cites context-only fact (F006), not an evidence fact. Rule 4 fired.",,grounded,
526ddf572cfc_s006,526ddf572cfc,JVZ3437,2011-W04,no,R5,2,2,"This suggests that Jasper's activity this week was significantly higher than usual, warranting further investigation to understand the cause and potential impact.",F001 file operations=12 [own~2.50 max7] [peer~1 n328],F002 logon events=5 [own~5 max5] [peer~5 n328] ; F003 web requests=810 [own~810 max810] [peer~810 n328] ; F004 removable device connections=0 [own~0 max0] ; F005 distinct workstations used=1 [own~1 max1] [peer~1 n328] ; F006 days with recorded activity=5 [own~5 max5] [peer~5 n328] ; F007 hour of earliest logon in the week=8 ; F008 hour of latest logon in the week=8,,"No rule fired: no unmatched numbers, no speculative language, no causal-context pattern, and no clear evidence-gloss assertion; needs full manual judgement.",,unverifiable,
526ddf572cfc_s007,526ddf572cfc,JVZ3437,2011-W04,no,R5,2,2,This anomaly is the primary reason for the triggered detection rules.,F001 file operations=12 [own~2.50 max7] [peer~1 n328],F002 logon events=5 [own~5 max5] [peer~5 n328] ; F003 web requests=810 [own~810 max810] [peer~810 n328] ; F004 removable device connections=0 [own~0 max0] ; F005 distinct workstations used=1 [own~1 max1] [peer~1 n328] ; F006 days with recorded activity=5 [own~5 max5] [peer~5 n328] ; F007 hour of earliest logon in the week=8 ; F008 hour of latest logon in the week=8,,"No rule fired: no unmatched numbers, no speculative language, no causal-context pattern, and no clear evidence-gloss assertion; needs full manual judgement.",,grounded,
526ddf572cfc_s004,526ddf572cfc,JVZ3437,2011-W04,no,R5,1,1,"This week's activity for JVZ3437, a salesman in the RegionalSales team, has triggered rule R5 due to overall activity volume far outside the same-role peer distribution.",F001 file operations=12 [own~2.50 max7] [peer~1 n328],F002 logon events=5 [own~5 max5] [peer~5 n328] ; F003 web requests=810 [own~810 max810] [peer~810 n328] ; F004 removable device connections=0 [own~0 max0] ; F005 distinct workstations used=1 [own~1 max1] [peer~1 n328] ; F006 days with recorded activity=5 [own~5 max5] [peer~5 n328] ; F007 hour of earliest logon in the week=8 ; F008 hour of latest logon in the week=8,Misweighted,"Main clause uses causal language and cites context-only fact (F006), not an evidence fact. Rule 4 fired.",,grounded,
526ddf572cfc_s008,526ddf572cfc,JVZ3437,2011-W04,no,R5,1,1,"This is concerning because their usual volume is only 2.50, and this week's activity is far above their own recent typical and the peer average among same-role peers (328 peers in this role).",F001 file operations=12 [own~2.50 max7] [peer~1 n328],F002 logon events=5 [own~5 max5] [peer~5 n328] ; F003 web requests=810 [own~810 max810] [peer~810 n328] ; F004 removable device connections=0 [own~0 max0] ; F005 distinct workstations used=1 [own~1 max1] [peer~1 n328] ; F006 days with recorded activity=5 [own~5 max5] [peer~5 n328] ; F007 hour of earliest logon in the week=8 ; F008 hour of latest logon in the week=8,,"No rule fired: no unmatched numbers, no speculative language, no causal-context pattern, and no clear evidence-gloss assertion; needs full manual judgement.",,grounded,
526ddf572cfc_s009,526ddf572cfc,JVZ3437,2011-W04,no,R5,1,1,This is also significantly higher than the peer average of 1 across 328 same-role peers.,F001 file operations=12 [own~2.50 max7] [peer~1 n328],F002 logon events=5 [own~5 max5] [peer~5 n328] ; F003 web requests=810 [own~810 max810] [peer~810 n328] ; F004 removable device connections=0 [own~0 max0] ; F005 distinct workstations used=1 [own~1 max1] [peer~1 n328] ; F006 days with recorded activity=5 [own~5 max5] [peer~5 n328] ; F007 hour of earliest logon in the week=8 ; F008 hour of latest logon in the week=8,,"No rule fired: no unmatched numbers, no speculative language, no causal-context pattern, and no clear evidence-gloss assertion; needs full manual judgement.",,grounded,
526ddf572cfc_s010,526ddf572cfc,JVZ3437,2011-W04,no,R5,1,1,"Specifically, his overall activity volume was far outside the range of his same-role peers.",F001 file operations=12 [own~2.50 max7] [peer~1 n328],F002 logon events=5 [own~5 max5] [peer~5 n328] ; F003 web requests=810 [own~810 max810] [peer~810 n328] ; F004 removable device connections=0 [own~0 max0] ; F005 distinct workstations used=1 [own~1 max1] [peer~1 n328] ; F006 days with recorded activity=5 [own~5 max5] [peer~5 n328] ; F007 hour of earliest logon in the week=8 ; F008 hour of latest logon in the week=8,,"No rule fired: no unmatched numbers, no speculative language, no causal-context pattern, and no clear evidence-gloss assertion; needs full manual judgement.",,grounded,
526ddf572cfc_s011,526ddf572cfc,JVZ3437,2011-W04,no,R5,1,2,"Specifically, their file operations exceeded their usual volume by a factor of 4.7, with 12 file operations compared to their typical 2.50.",F001 file operations=12 [own~2.50 max7] [peer~1 n328],F002 logon events=5 [own~5 max5] [peer~5 n328] ; F003 web requests=810 [own~810 max810] [peer~810 n328] ; F004 removable device connections=0 [own~0 max0] ; F005 distinct workstations used=1 [own~1 max1] [peer~1 n328] ; F006 days with recorded activity=5 [own~5 max5] [peer~5 n328] ; F007 hour of earliest logon in the week=8 ; F008 hour of latest logon in the week=8,False precision,4.7 ~= ratio F001/F001 (12/2.5=4.8); not literally in facts[]; rule 3 fired.,,false precision,
52f79a38344c_s004,52f79a38344c,CIS3505,2010-W17,no,R4,5,4,"This is also above the typical range for peers in the same role, with 2 visits among 91 peers.",F001 visits to job-search sites=25 [own~0 max8] [peer~2 n91],F002 visits to leak-publication sites=0 [own~0 max0] ; F003 visits to cloud-storage sites=0 [own~0 max1] [peer~4 n91] ; F004 distinct web domains visited=81 [own~81 max86] [peer~70 n91] ; F005 distinct workstations used=1 [own~1 max1] [peer~1 n91] ; F006 days with recorded activity=5 [own~5 max5] [peer~5 n91] ; F007 hour of earliest logon in the week=8 ; F008 hour of latest logon in the week=8,,"No rule fired: no unmatched numbers, no speculative language, no causal-context pattern, and no clear evidence-gloss assertion; needs full manual judgement.",,grounded,
52f79a38344c_s008,52f79a38344c,CIS3505,2010-W17,no,R4,5,5,"CIS3505, a security guard in the administration team, had a week with an unusual number of visits to job-search sites, with 25 instances, significantly above their typical range.",F001 visits to job-search sites=25 [own~0 max8] [peer~2 n91],F002 visits to leak-publication sites=0 [own~0 max0] ; F003 visits to cloud-storage sites=0 [own~0 max1] [peer~4 n91] ; F004 distinct web domains visited=81 [own~81 max86] [peer~70 n91] ; F005 distinct workstations used=1 [own~1 max1] [peer~1 n91] ; F006 days with recorded activity=5 [own~5 max5] [peer~5 n91] ; F007 hour of earliest logon in the week=8 ; F008 hour of latest logon in the week=8,Grounded,Main clause asserts evidence fact (F001) and all numbers trace to facts[]. Rule 1 fired.,,grounded,
52f79a38344c_s003,52f79a38344c,CIS3505,2010-W17,no,R4,4,4,"In Sandoval's case, the evidence for this rule is the unusually high number of visits to job-search sites, with 25 visits this week, far above their typical range.",F001 visits to job-search sites=25 [own~0 max8] [peer~2 n91],F002 visits to leak-publication sites=0 [own~0 max0] ; F003 visits to cloud-storage sites=0 [own~0 max1] [peer~4 n91] ; F004 distinct web domains visited=81 [own~81 max86] [peer~70 n91] ; F005 distinct workstations used=1 [own~1 max1] [peer~1 n91] ; F006 days with recorded activity=5 [own~5 max5] [peer~5 n91] ; F007 hour of earliest logon in the week=8 ; F008 hour of latest logon in the week=8,Grounded,Main clause asserts evidence fact (F001) and all numbers trace to facts[]. Rule 1 fired.,,grounded,
52f79a38344c_s005,52f79a38344c,CIS3505,2010-W17,no,R4,4,4,"The lack of visits to leak-publication sites and normal activity on other fronts, such as cloud-storage and workstations, suggests that this anomaly is specific to job-search activity.",F001 visits to job-search sites=25 [own~0 max8] [peer~2 n91],F002 visits to leak-publication sites=0 [own~0 max0] ; F003 visits to cloud-storage sites=0 [own~0 max1] [peer~4 n91] ; F004 distinct web domains visited=81 [own~81 max86] [peer~70 n91] ; F005 distinct workstations used=1 [own~1 max1] [peer~1 n91] ; F006 days with recorded activity=5 [own~5 max5] [peer~5 n91] ; F007 hour of earliest logon in the week=8 ; F008 hour of latest logon in the week=8,,"No rule fired: no unmatched numbers, no speculative language, no causal-context pattern, and no clear evidence-gloss assertion; needs full manual judgement.",,grounded,
52f79a38344c_s009,52f79a38344c,CIS3505,2010-W17,no,R4,3,3,The user CIS3505's activity this week was flagged due to atypical browsing behavior.,F001 visits to job-search sites=25 [own~0 max8] [peer~2 n91],F002 visits to leak-publication sites=0 [own~0 max0] ; F003 visits to cloud-storage sites=0 [own~0 max1] [peer~4 n91] ; F004 distinct web domains visited=81 [own~81 max86] [peer~70 n91] ; F005 distinct workstations used=1 [own~1 max1] [peer~1 n91] ; F006 days with recorded activity=5 [own~5 max5] [peer~5 n91] ; F007 hour of earliest logon in the week=8 ; F008 hour of latest logon in the week=8,Misweighted,"Main clause uses causal language and cites context-only fact (F006), not an evidence fact. Rule 4 fired.",,grounded,
52f79a38344c_s002,52f79a38344c,CIS3505,2010-W17,no,R4,2,2,"The rule, R4, flags users who browse job-search or leak-publication sites atypical for their role.",F001 visits to job-search sites=25 [own~0 max8] [peer~2 n91],F002 visits to leak-publication sites=0 [own~0 max0] ; F003 visits to cloud-storage sites=0 [own~0 max1] [peer~4 n91] ; F004 distinct web domains visited=81 [own~81 max86] [peer~70 n91] ; F005 distinct workstations used=1 [own~1 max1] [peer~1 n91] ; F006 days with recorded activity=5 [own~5 max5] [peer~5 n91] ; F007 hour of earliest logon in the week=8 ; F008 hour of latest logon in the week=8,,"No rule fired: no unmatched numbers, no speculative language, no causal-context pattern, and no clear evidence-gloss assertion; needs full manual judgement.",,grounded,
52f79a38344c_s006,52f79a38344c,CIS3505,2010-W17,no,R4,2,2,"The UEBA system flagged CIS3505's week for triggered rules, specifically their atypical browsing to job-search sites.",F001 visits to job-search sites=25 [own~0 max8] [peer~2 n91],F002 visits to leak-publication sites=0 [own~0 max0] ; F003 visits to cloud-storage sites=0 [own~0 max1] [peer~4 n91] ; F004 distinct web domains visited=81 [own~81 max86] [peer~70 n91] ; F005 distinct workstations used=1 [own~1 max1] [peer~1 n91] ; F006 days with recorded activity=5 [own~5 max5] [peer~5 n91] ; F007 hour of earliest logon in the week=8 ; F008 hour of latest logon in the week=8,,"No rule fired: no unmatched numbers, no speculative language, no causal-context pattern, and no clear evidence-gloss assertion; needs full manual judgement.",,grounded,
52f79a38344c_s010,52f79a38344c,CIS3505,2010-W17,no,R4,2,2,This suggests that CIS3505 may be looking for new job opportunities or exploring career options.,F001 visits to job-search sites=25 [own~0 max8] [peer~2 n91],F002 visits to leak-publication sites=0 [own~0 max0] ; F003 visits to cloud-storage sites=0 [own~0 max1] [peer~4 n91] ; F004 distinct web domains visited=81 [own~81 max86] [peer~70 n91] ; F005 distinct workstations used=1 [own~1 max1] [peer~1 n91] ; F006 days with recorded activity=5 [own~5 max5] [peer~5 n91] ; F007 hour of earliest logon in the week=8 ; F008 hour of latest logon in the week=8,Unverifiable,Sentence contains speculative/hedge language ('may be'); neither matches nor contradicts any fact; rule 5 fired.,,unverifiable,
52f79a38344c_s001,52f79a38344c,CIS3505,2010-W17,no,R4,1,1,"Christian Ishmael Sandoval, a member of the 11- BuildingSecurity team, has triggered a detection rule this week.",F001 visits to job-search sites=25 [own~0 max8] [peer~2 n91],F002 visits to leak-publication sites=0 [own~0 max0] ; F003 visits to cloud-storage sites=0 [own~0 max1] [peer~4 n91] ; F004 distinct web domains visited=81 [own~81 max86] [peer~70 n91] ; F005 distinct workstations used=1 [own~1 max1] [peer~1 n91] ; F006 days with recorded activity=5 [own~5 max5] [peer~5 n91] ; F007 hour of earliest logon in the week=8 ; F008 hour of latest logon in the week=8,,"No rule fired: no unmatched numbers, no speculative language, no causal-context pattern, and no clear evidence-gloss assertion; needs full manual judgement.",,grounded,
52f79a38344c_s007,52f79a38344c,CIS3505,2010-W17,no,R4,1,1,"Overall, the unusual browsing behavior warrants further investigation.",F001 visits to job-search sites=25 [own~0 max8] [peer~2 n91],F002 visits to leak-publication sites=0 [own~0 max0] ; F003 visits to cloud-storage sites=0 [own~0 max1] [peer~4 n91] ; F004 distinct web domains visited=81 [own~81 max86] [peer~70 n91] ; F005 distinct workstations used=1 [own~1 max1] [peer~1 n91] ; F006 days with recorded activity=5 [own~5 max5] [peer~5 n91] ; F007 hour of earliest logon in the week=8 ; F008 hour of latest logon in the week=8,Unverifiable,Sentence contains speculative/hedge language ('warrants further investigation'); neither matches nor contradicts any fact; rule 5 fired.,,unverifiable,
52f79a38344c_s011,52f79a38344c,CIS3505,2010-W17,no,R4,1,1,This anomaly is most notable and warrants further review.,F001 visits to job-search sites=25 [own~0 max8] [peer~2 n91],F002 visits to leak-publication sites=0 [own~0 max0] ; F003 visits to cloud-storage sites=0 [own~0 max1] [peer~4 n91] ; F004 distinct web domains visited=81 [own~81 max86] [peer~70 n91] ; F005 distinct workstations used=1 [own~1 max1] [peer~1 n91] ; F006 days with recorded activity=5 [own~5 max5] [peer~5 n91] ; F007 hour of earliest logon in the week=8 ; F008 hour of latest logon in the week=8,,"No rule fired: no unmatched numbers, no speculative language, no causal-context pattern, and no clear evidence-gloss assertion; needs full manual judgement.",,unverifiable,
52f79a38344c_s012,52f79a38344c,CIS3505,2010-W17,no,R4,1,1,"This anomaly is the primary evidence for the triggered rule, and it warrants further investigation to determine the motivation behind this unusual activity.",F001 visits to job-search sites=25 [own~0 max8] [peer~2 n91],F002 visits to leak-publication sites=0 [own~0 max0] ; F003 visits to cloud-storage sites=0 [own~0 max1] [peer~4 n91] ; F004 distinct web domains visited=81 [own~81 max86] [peer~70 n91] ; F005 distinct workstations used=1 [own~1 max1] [peer~1 n91] ; F006 days with recorded activity=5 [own~5 max5] [peer~5 n91] ; F007 hour of earliest logon in the week=8 ; F008 hour of latest logon in the week=8,Unverifiable,Sentence contains speculative/hedge language ('warrants further investigation'); neither matches nor contradicts any fact; rule 5 fired.,,unverifiable,
5b1286600124_s002,5b1286600124,TAC3425,2010-W33,no,R4,9,10,"Specifically, she visited job-search sites 65 times, which is significantly above her usual range of 19.50 and far above the peer range of 4.",F001 visits to job-search sites=65 [own~19.50 max29] [peer~4 n328],F002 visits to leak-publication sites=0 [own~0 max0] ; F003 visits to cloud-storage sites=3 [own~2.50 max13] [peer~1 n328] ; F004 distinct web domains visited=81 [own~87.50 max100] [peer~77 n328] ; F005 distinct workstations used=1 [own~1 max1] [peer~1 n328] ; F006 days with recorded activity=5 [own~5 max5] [peer~5 n328] ; F007 hour of earliest logon in the week=8 ; F008 hour of latest logon in the week=8,,"No rule fired: no unmatched numbers, no speculative language, no causal-context pattern, and no clear evidence-gloss assertion; needs full manual judgement.",,grounded,
5b1286600124_s006,5b1286600124,TAC3425,2010-W33,no,R4,6,6,"Tatyana Alma Camacho, a salesman in the Regional Sales team, has been flagged for review due to an unusual number of visits to job-search sites.",F001 visits to job-search sites=65 [own~19.50 max29] [peer~4 n328],F002 visits to leak-publication sites=0 [own~0 max0] ; F003 visits to cloud-storage sites=3 [own~2.50 max13] [peer~1 n328] ; F004 distinct web domains visited=81 [own~87.50 max100] [peer~77 n328] ; F005 distinct workstations used=1 [own~1 max1] [peer~1 n328] ; F006 days with recorded activity=5 [own~5 max5] [peer~5 n328] ; F007 hour of earliest logon in the week=8 ; F008 hour of latest logon in the week=8,Grounded,Main clause asserts evidence fact (F001) and all numbers trace to facts[]. Rule 1 fired.,,grounded,
5b1286600124_s001,5b1286600124,TAC3425,2010-W33,no,R4,4,4,The UEBA system flagged this week for Tatyana Alma Camacho due to atypical browsing behavior.,F001 visits to job-search sites=65 [own~19.50 max29] [peer~4 n328],F002 visits to leak-publication sites=0 [own~0 max0] ; F003 visits to cloud-storage sites=3 [own~2.50 max13] [peer~1 n328] ; F004 distinct web domains visited=81 [own~87.50 max100] [peer~77 n328] ; F005 distinct workstations used=1 [own~1 max1] [peer~1 n328] ; F006 days with recorded activity=5 [own~5 max5] [peer~5 n328] ; F007 hour of earliest logon in the week=8 ; F008 hour of latest logon in the week=8,,"No rule fired: no unmatched numbers, no speculative language, no causal-context pattern, and no clear evidence-gloss assertion; needs full manual judgement.",,grounded,
5b1286600124_s004,5b1286600124,TAC3425,2010-W33,no,R4,4,4,This anomaly is the only evidence that triggered the detection rules.,F001 visits to job-search sites=65 [own~19.50 max29] [peer~4 n328],F002 visits to leak-publication sites=0 [own~0 max0] ; F003 visits to cloud-storage sites=3 [own~2.50 max13] [peer~1 n328] ; F004 distinct web domains visited=81 [own~87.50 max100] [peer~77 n328] ; F005 distinct workstations used=1 [own~1 max1] [peer~1 n328] ; F006 days with recorded activity=5 [own~5 max5] [peer~5 n328] ; F007 hour of earliest logon in the week=8 ; F008 hour of latest logon in the week=8,,"No rule fired: no unmatched numbers, no speculative language, no causal-context pattern, and no clear evidence-gloss assertion; needs full manual judgement.",,grounded,
5b1286600124_s003,5b1286600124,TAC3425,2010-W33,no,R4,1,1,This is the primary evidence for the triggered rules.,F001 visits to job-search sites=65 [own~19.50 max29] [peer~4 n328],F002 visits to leak-publication sites=0 [own~0 max0] ; F003 visits to cloud-storage sites=3 [own~2.50 max13] [peer~1 n328] ; F004 distinct web domains visited=81 [own~87.50 max100] [peer~77 n328] ; F005 distinct workstations used=1 [own~1 max1] [peer~1 n328] ; F006 days with recorded activity=5 [own~5 max5] [peer~5 n328] ; F007 hour of earliest logon in the week=8 ; F008 hour of latest logon in the week=8,,"No rule fired: no unmatched numbers, no speculative language, no causal-context pattern, and no clear evidence-gloss assertion; needs full manual judgement.",,grounded,
5b1286600124_s005,5b1286600124,TAC3425,2010-W33,no,R4,1,1,"This unusual activity suggests that she may be searching for new job opportunities or exploring alternative career paths, which is not typical for a salesman in her role.",F001 visits to job-search sites=65 [own~19.50 max29] [peer~4 n328],F002 visits to leak-publication sites=0 [own~0 max0] ; F003 visits to cloud-storage sites=3 [own~2.50 max13] [peer~1 n328] ; F004 distinct web domains visited=81 [own~87.50 max100] [peer~77 n328] ; F005 distinct workstations used=1 [own~1 max1] [peer~1 n328] ; F006 days with recorded activity=5 [own~5 max5] [peer~5 n328] ; F007 hour of earliest logon in the week=8 ; F008 hour of latest logon in the week=8,Unverifiable,Sentence contains speculative/hedge language ('may be'); neither matches nor contradicts any fact; rule 5 fired.,,unverifiable,
5b1286600124_s007,5b1286600124,TAC3425,2010-W33,no,R4,1,1,This suggests that her usual job-related browsing habits may have been interrupted or altered in some way.,F001 visits to job-search sites=65 [own~19.50 max29] [peer~4 n328],F002 visits to leak-publication sites=0 [own~0 max0] ; F003 visits to cloud-storage sites=3 [own~2.50 max13] [peer~1 n328] ; F004 distinct web domains visited=81 [own~87.50 max100] [peer~77 n328] ; F005 distinct workstations used=1 [own~1 max1] [peer~1 n328] ; F006 days with recorded activity=5 [own~5 max5] [peer~5 n328] ; F007 hour of earliest logon in the week=8 ; F008 hour of latest logon in the week=8,,"No rule fired: no unmatched numbers, no speculative language, no causal-context pattern, and no clear evidence-gloss assertion; needs full manual judgement.",,unverifiable,
5b1286600124_s008,5b1286600124,TAC3425,2010-W33,no,R4,1,1,"While there is no indication of unusual activity on leak-publication or cloud-storage sites, the spike in job-search site visits warrants further investigation to determine the cause and potential impact on her work.",F001 visits to job-search sites=65 [own~19.50 max29] [peer~4 n328],F002 visits to leak-publication sites=0 [own~0 max0] ; F003 visits to cloud-storage sites=3 [own~2.50 max13] [peer~1 n328] ; F004 distinct web domains visited=81 [own~87.50 max100] [peer~77 n328] ; F005 distinct workstations used=1 [own~1 max1] [peer~1 n328] ; F006 days with recorded activity=5 [own~5 max5] [peer~5 n328] ; F007 hour of earliest logon in the week=8 ; F008 hour of latest logon in the week=8,Unverifiable,Sentence contains speculative/hedge language ('warrants further investigation'); neither matches nor contradicts any fact; rule 5 fired.,,grounded,
5d9d3528183f_s002,5d9d3528183f,JMG3365,2011-W16,no,R4,10,11,"Specifically, his visits to job-search sites have increased significantly, with 99 visits, which is far above his usual range of 54 and also above the typical range of 9.50 for peers in the same role.",F001 visits to job-search sites=99 [own~54 max108] [peer~9.50 n328],F002 visits to leak-publication sites=0 [own~0 max0] ; F003 visits to cloud-storage sites=1 [own~6.50 max18] [peer~1 n328] ; F004 distinct web domains visited=64 [own~75 max85] [peer~71.50 n328] ; F005 distinct workstations used=1 [own~2 max4] [peer~1 n328] ; F006 days with recorded activity=4 [own~5 max5] [peer~4 n328] ; F007 hour of earliest logon in the week=7 ; F008 hour of latest logon in the week=13,Grounded,Main clause asserts evidence fact (F001) and all numbers trace to facts[]. Rule 1 fired.,,grounded,
5d9d3528183f_s004,5d9d3528183f,JMG3365,2011-W16,no,R4,4,4,"This week's activity for JMG3365, a salesman in the Regional Sales team, has triggered rule R4, indicating atypical browsing behavior.",F001 visits to job-search sites=99 [own~54 max108] [peer~9.50 n328],F002 visits to leak-publication sites=0 [own~0 max0] ; F003 visits to cloud-storage sites=1 [own~6.50 max18] [peer~1 n328] ; F004 distinct web domains visited=64 [own~75 max85] [peer~71.50 n328] ; F005 distinct workstations used=1 [own~2 max4] [peer~1 n328] ; F006 days with recorded activity=4 [own~5 max5] [peer~4 n328] ; F007 hour of earliest logon in the week=7 ; F008 hour of latest logon in the week=13,,"No rule fired: no unmatched numbers, no speculative language, no causal-context pattern, and no clear evidence-gloss assertion; needs full manual judgement.",,grounded,
5d9d3528183f_s005,5d9d3528183f,JMG3365,2011-W16,no,R4,3,3,"This anomaly suggests that JMG3365 may be searching for job opportunities outside of their typical scope, warranting further investigation.",F001 visits to job-search sites=99 [own~54 max108] [peer~9.50 n328],F002 visits to leak-publication sites=0 [own~0 max0] ; F003 visits to cloud-storage sites=1 [own~6.50 max18] [peer~1 n328] ; F004 distinct web domains visited=64 [own~75 max85] [peer~71.50 n328] ; F005 distinct workstations used=1 [own~2 max4] [peer~1 n328] ; F006 days with recorded activity=4 [own~5 max5] [peer~4 n328] ; F007 hour of earliest logon in the week=7 ; F008 hour of latest logon in the week=13,Unverifiable,Sentence contains speculative/hedge language ('may be'); neither matches nor contradicts any fact; rule 5 fired.,,unverifiable,
5d9d3528183f_s006,5d9d3528183f,JMG3365,2011-W16,no,R4,3,3,"The UEBA system flagged this week for Joshua Malik Grant, a Salesman in the RegionalSales team, due to atypical browsing behavior.",F001 visits to job-search sites=99 [own~54 max108] [peer~9.50 n328],F002 visits to leak-publication sites=0 [own~0 max0] ; F003 visits to cloud-storage sites=1 [own~6.50 max18] [peer~1 n328] ; F004 distinct web domains visited=64 [own~75 max85] [peer~71.50 n328] ; F005 distinct workstations used=1 [own~2 max4] [peer~1 n328] ; F006 days with recorded activity=4 [own~5 max5] [peer~4 n328] ; F007 hour of earliest logon in the week=7 ; F008 hour of latest logon in the week=13,,"No rule fired: no unmatched numbers, no speculative language, no causal-context pattern, and no clear evidence-gloss assertion; needs full manual judgement.",,grounded,
5d9d3528183f_s001,5d9d3528183f,JMG3365,2011-W16,no,R4,2,2,JMG3365's (Joshua Malik Grant) week 2011-W16 has been flagged due to evidence of atypical browsing behavior for his role.,F001 visits to job-search sites=99 [own~54 max108] [peer~9.50 n328],F002 visits to leak-publication sites=0 [own~0 max0] ; F003 visits to cloud-storage sites=1 [own~6.50 max18] [peer~1 n328] ; F004 distinct web domains visited=64 [own~75 max85] [peer~71.50 n328] ; F005 distinct workstations used=1 [own~2 max4] [peer~1 n328] ; F006 days with recorded activity=4 [own~5 max5] [peer~4 n328] ; F007 hour of earliest logon in the week=7 ; F008 hour of latest logon in the week=13,,"No rule fired: no unmatched numbers, no speculative language, no causal-context pattern, and no clear evidence-gloss assertion; needs full manual judgement.",,grounded,
5d9d3528183f_s003,5d9d3528183f,JMG3365,2011-W16,no,R4,2,2,"This suggests that Joshua may be searching for new job opportunities, which is uncommon for a salesman in his role.",F001 visits to job-search sites=99 [own~54 max108] [peer~9.50 n328],F002 visits to leak-publication sites=0 [own~0 max0] ; F003 visits to cloud-storage sites=1 [own~6.50 max18] [peer~1 n328] ; F004 distinct web domains visited=64 [own~75 max85] [peer~71.50 n328] ; F005 distinct workstations used=1 [own~2 max4] [peer~1 n328] ; F006 days with recorded activity=4 [own~5 max5] [peer~4 n328] ; F007 hour of earliest logon in the week=7 ; F008 hour of latest logon in the week=13,Unverifiable,Sentence contains speculative/hedge language ('may be'); neither matches nor contradicts any fact; rule 5 fired.,,unverifiable,
5d9d3528183f_s007,5d9d3528183f,JMG3365,2011-W16,no,R4,1,1,"This suggests that Grant may be looking for a new job or exploring other opportunities, which is unusual for someone in his role.",F001 visits to job-search sites=99 [own~54 max108] [peer~9.50 n328],F002 visits to leak-publication sites=0 [own~0 max0] ; F003 visits to cloud-storage sites=1 [own~6.50 max18] [peer~1 n328] ; F004 distinct web domains visited=64 [own~75 max85] [peer~71.50 n328] ; F005 distinct workstations used=1 [own~2 max4] [peer~1 n328] ; F006 days with recorded activity=4 [own~5 max5] [peer~4 n328] ; F007 hour of earliest logon in the week=7 ; F008 hour of latest logon in the week=13,Unverifiable,Sentence contains speculative/hedge language ('may be'); neither matches nor contradicts any fact; rule 5 fired.,,unverifiable,
5d9d3528183f_s008,5d9d3528183f,JMG3365,2011-W16,no,R4,1,1,This anomaly is the primary evidence for the triggered detection rules.,F001 visits to job-search sites=99 [own~54 max108] [peer~9.50 n328],F002 visits to leak-publication sites=0 [own~0 max0] ; F003 visits to cloud-storage sites=1 [own~6.50 max18] [peer~1 n328] ; F004 distinct web domains visited=64 [own~75 max85] [peer~71.50 n328] ; F005 distinct workstations used=1 [own~2 max4] [peer~1 n328] ; F006 days with recorded activity=4 [own~5 max5] [peer~4 n328] ; F007 hour of earliest logon in the week=7 ; F008 hour of latest logon in the week=13,,"No rule fired: no unmatched numbers, no speculative language, no causal-context pattern, and no clear evidence-gloss assertion; needs full manual judgement.",,grounded,
5d9d3528183f_s009,5d9d3528183f,JMG3365,2011-W16,no,R4,1,1,"Joshua Malik Grant, a salesman in the Regional Sales team, had a week (2011-W16) that triggered our anomaly detection rules.",F001 visits to job-search sites=99 [own~54 max108] [peer~9.50 n328],F002 visits to leak-publication sites=0 [own~0 max0] ; F003 visits to cloud-storage sites=1 [own~6.50 max18] [peer~1 n328] ; F004 distinct web domains visited=64 [own~75 max85] [peer~71.50 n328] ; F005 distinct workstations used=1 [own~2 max4] [peer~1 n328] ; F006 days with recorded activity=4 [own~5 max5] [peer~4 n328] ; F007 hour of earliest logon in the week=7 ; F008 hour of latest logon in the week=13,,"No rule fired: no unmatched numbers, no speculative language, no causal-context pattern, and no clear evidence-gloss assertion; needs full manual judgement.",,grounded,
5d9d3528183f_s010,5d9d3528183f,JMG3365,2011-W16,no,R4,1,1,This suggests that his role-related browsing habits may have deviated from the norm.,F001 visits to job-search sites=99 [own~54 max108] [peer~9.50 n328],F002 visits to leak-publication sites=0 [own~0 max0] ; F003 visits to cloud-storage sites=1 [own~6.50 max18] [peer~1 n328] ; F004 distinct web domains visited=64 [own~75 max85] [peer~71.50 n328] ; F005 distinct workstations used=1 [own~2 max4] [peer~1 n328] ; F006 days with recorded activity=4 [own~5 max5] [peer~4 n328] ; F007 hour of earliest logon in the week=7 ; F008 hour of latest logon in the week=13,,"No rule fired: no unmatched numbers, no speculative language, no causal-context pattern, and no clear evidence-gloss assertion; needs full manual judgement.",,unverifiable,
5f308467e73e_s002,5f308467e73e,NLS1866,2010-W44,no,R4,10,12,"The evidence suggests that Nicolas visited job-search sites 32 times, which is far above their usual range of 2 and exceeds the typical range of 4 among peers in the same role.",F001 visits to job-search sites=32 [own~2 max26] [peer~4 n103],F002 visits to leak-publication sites=0 [own~0 max0] ; F003 visits to cloud-storage sites=3 [own~2 max8] [peer~1 n103] ; F004 distinct web domains visited=84 [own~79.50 max91] [peer~66 n103] ; F005 distinct workstations used=1 [own~1 max1] [peer~1 n103] ; F006 days with recorded activity=5 [own~5 max5] [peer~5 n103] ; F007 hour of earliest logon in the week=7 ; F008 hour of latest logon in the week=7,,"No rule fired: no unmatched numbers, no speculative language, no causal-context pattern, and no clear evidence-gloss assertion; needs full manual judgement.",,grounded,
5f308467e73e_s001,5f308467e73e,NLS1866,2010-W44,no,R4,6,6,"NLS1866, a Systems Engineer in the Research and Engineering team, has triggered a detection rule due to atypical browsing behavior.",F001 visits to job-search sites=32 [own~2 max26] [peer~4 n103],F002 visits to leak-publication sites=0 [own~0 max0] ; F003 visits to cloud-storage sites=3 [own~2 max8] [peer~1 n103] ; F004 distinct web domains visited=84 [own~79.50 max91] [peer~66 n103] ; F005 distinct workstations used=1 [own~1 max1] [peer~1 n103] ; F006 days with recorded activity=5 [own~5 max5] [peer~5 n103] ; F007 hour of earliest logon in the week=7 ; F008 hour of latest logon in the week=7,,"No rule fired: no unmatched numbers, no speculative language, no causal-context pattern, and no clear evidence-gloss assertion; needs full manual judgement.",,grounded,
5f308467e73e_s005,5f308467e73e,NLS1866,2010-W44,no,R4,3,3,The UEBA system flagged Nicolas Luke Sellers' activity for the week of 2010-W44 due to evidence suggesting unusual browsing behavior for his role.,F001 visits to job-search sites=32 [own~2 max26] [peer~4 n103],F002 visits to leak-publication sites=0 [own~0 max0] ; F003 visits to cloud-storage sites=3 [own~2 max8] [peer~1 n103] ; F004 distinct web domains visited=84 [own~79.50 max91] [peer~66 n103] ; F005 distinct workstations used=1 [own~1 max1] [peer~1 n103] ; F006 days with recorded activity=5 [own~5 max5] [peer~5 n103] ; F007 hour of earliest logon in the week=7 ; F008 hour of latest logon in the week=7,Misweighted,"Main clause uses causal language and cites context-only fact (F006), not an evidence fact. Rule 4 fired.",,grounded,
5f308467e73e_s003,5f308467e73e,NLS1866,2010-W44,no,R4,2,2,"This anomaly is particularly noteworthy since there is no corresponding activity on leak-publication sites, which is consistent with their typical behavior.",F001 visits to job-search sites=32 [own~2 max26] [peer~4 n103],F002 visits to leak-publication sites=0 [own~0 max0] ; F003 visits to cloud-storage sites=3 [own~2 max8] [peer~1 n103] ; F004 distinct web domains visited=84 [own~79.50 max91] [peer~66 n103] ; F005 distinct workstations used=1 [own~1 max1] [peer~1 n103] ; F006 days with recorded activity=5 [own~5 max5] [peer~5 n103] ; F007 hour of earliest logon in the week=7 ; F008 hour of latest logon in the week=7,Unverifiable,Sentence contains speculative/hedge language ('consistent with'); neither matches nor contradicts any fact; rule 5 fired.,,grounded,
5f308467e73e_s006,5f308467e73e,NLS1866,2010-W44,no,R4,2,2,This suggests that NLS1866's job search activity is unusual for their role and may warrant further investigation.,F001 visits to job-search sites=32 [own~2 max26] [peer~4 n103],F002 visits to leak-publication sites=0 [own~0 max0] ; F003 visits to cloud-storage sites=3 [own~2 max8] [peer~1 n103] ; F004 distinct web domains visited=84 [own~79.50 max91] [peer~66 n103] ; F005 distinct workstations used=1 [own~1 max1] [peer~1 n103] ; F006 days with recorded activity=5 [own~5 max5] [peer~5 n103] ; F007 hour of earliest logon in the week=7 ; F008 hour of latest logon in the week=7,,"No rule fired: no unmatched numbers, no speculative language, no causal-context pattern, and no clear evidence-gloss assertion; needs full manual judgement.",,grounded,
5f308467e73e_s004,5f308467e73e,NLS1866,2010-W44,no,R4,1,1,"The lack of other unusual activity, such as visits to cloud-storage sites or distinct web domains, suggests that this anomaly may be isolated.",F001 visits to job-search sites=32 [own~2 max26] [peer~4 n103],F002 visits to leak-publication sites=0 [own~0 max0] ; F003 visits to cloud-storage sites=3 [own~2 max8] [peer~1 n103] ; F004 distinct web domains visited=84 [own~79.50 max91] [peer~66 n103] ; F005 distinct workstations used=1 [own~1 max1] [peer~1 n103] ; F006 days with recorded activity=5 [own~5 max5] [peer~5 n103] ; F007 hour of earliest logon in the week=7 ; F008 hour of latest logon in the week=7,Unverifiable,Sentence contains speculative/hedge language ('may be'); neither matches nor contradicts any fact; rule 5 fired.,,grounded,
5f308467e73e_s007,5f308467e73e,NLS1866,2010-W44,no,R4,1,1,This suggests that Nicolas may be exploring career opportunities outside of his typical work activities.,F001 visits to job-search sites=32 [own~2 max26] [peer~4 n103],F002 visits to leak-publication sites=0 [own~0 max0] ; F003 visits to cloud-storage sites=3 [own~2 max8] [peer~1 n103] ; F004 distinct web domains visited=84 [own~79.50 max91] [peer~66 n103] ; F005 distinct workstations used=1 [own~1 max1] [peer~1 n103] ; F006 days with recorded activity=5 [own~5 max5] [peer~5 n103] ; F007 hour of earliest logon in the week=7 ; F008 hour of latest logon in the week=7,Unverifiable,Sentence contains speculative/hedge language ('may be'); neither matches nor contradicts any fact; rule 5 fired.,,unverifiable,
5f308467e73e_s008,5f308467e73e,NLS1866,2010-W44,no,R4,1,1,This increase is also above the typical range of 4 among his same-role peers.,F001 visits to job-search sites=32 [own~2 max26] [peer~4 n103],F002 visits to leak-publication sites=0 [own~0 max0] ; F003 visits to cloud-storage sites=3 [own~2 max8] [peer~1 n103] ; F004 distinct web domains visited=84 [own~79.50 max91] [peer~66 n103] ; F005 distinct workstations used=1 [own~1 max1] [peer~1 n103] ; F006 days with recorded activity=5 [own~5 max5] [peer~5 n103] ; F007 hour of earliest logon in the week=7 ; F008 hour of latest logon in the week=7,,"No rule fired: no unmatched numbers, no speculative language, no causal-context pattern, and no clear evidence-gloss assertion; needs full manual judgement.",,grounded,
5f308467e73e_s009,5f308467e73e,NLS1866,2010-W44,no,R4,1,1,"This suggests that he may be looking for a job outside of his current role, which is a unusual activity for someone in his position.",F001 visits to job-search sites=32 [own~2 max26] [peer~4 n103],F002 visits to leak-publication sites=0 [own~0 max0] ; F003 visits to cloud-storage sites=3 [own~2 max8] [peer~1 n103] ; F004 distinct web domains visited=84 [own~79.50 max91] [peer~66 n103] ; F005 distinct workstations used=1 [own~1 max1] [peer~1 n103] ; F006 days with recorded activity=5 [own~5 max5] [peer~5 n103] ; F007 hour of earliest logon in the week=7 ; F008 hour of latest logon in the week=7,Unverifiable,Sentence contains speculative/hedge language ('may be'); neither matches nor contradicts any fact; rule 5 fired.,,unverifiable,
5f308467e73e_s010,5f308467e73e,NLS1866,2010-W44,no,R4,1,1,This suggests that his browsing activity is atypical for his role and warrants further investigation.,F001 visits to job-search sites=32 [own~2 max26] [peer~4 n103],F002 visits to leak-publication sites=0 [own~0 max0] ; F003 visits to cloud-storage sites=3 [own~2 max8] [peer~1 n103] ; F004 distinct web domains visited=84 [own~79.50 max91] [peer~66 n103] ; F005 distinct workstations used=1 [own~1 max1] [peer~1 n103] ; F006 days with recorded activity=5 [own~5 max5] [peer~5 n103] ; F007 hour of earliest logon in the week=7 ; F008 hour of latest logon in the week=7,Unverifiable,Sentence contains speculative/hedge language ('warrants further investigation'); neither matches nor contradicts any fact; rule 5 fired.,,unverifiable,
6835f13449d4_s006,6835f13449d4,IDF0189,2010-W49,no,R5,8,13,This is primarily driven by two evidence points: her file operations (15) and web requests (570) are both significantly above her typical range and the peer range.,F001 file operations=15 [own~5.50 max9] [peer~1 n366] ; F002 web requests=570 [own~475 max665] [peer~475 n366],F003 logon events=11 [own~12 max16] [peer~5 n366] ; F004 removable device connections=0 [own~0 max0] ; F005 distinct workstations used=4 [own~3 max5] [peer~1 n366] ; F006 days with recorded activity=6 [own~5 max7] [peer~5 n366] ; F007 hour of earliest logon in the week=7 ; F008 hour of latest logon in the week=14,Grounded,"Main clause asserts evidence fact (F001, F002) and all numbers trace to facts[]. Rule 1 fired.",,grounded,
6835f13449d4_s003,6835f13449d4,IDF0189,2010-W49,no,R5,6,6,"Irma Denise Ferrell, an Electrical Engineer, has been flagged for review due to evidence of overall activity volume that far exceeds her same-role peers.",F001 file operations=15 [own~5.50 max9] [peer~1 n366] ; F002 web requests=570 [own~475 max665] [peer~475 n366],F003 logon events=11 [own~12 max16] [peer~5 n366] ; F004 removable device connections=0 [own~0 max0] ; F005 distinct workstations used=4 [own~3 max5] [peer~1 n366] ; F006 days with recorded activity=6 [own~5 max7] [peer~5 n366] ; F007 hour of earliest logon in the week=7 ; F008 hour of latest logon in the week=14,Misweighted,"Main clause uses causal language and cites context-only fact (F006), not an evidence fact. Rule 4 fired.",,grounded,
6835f13449d4_s004,6835f13449d4,IDF0189,2010-W49,no,R5,3,3,"These increases in file operations and web requests suggest that Irma's activity volume has deviated significantly from her usual pattern, warranting further investigation.",F001 file operations=15 [own~5.50 max9] [peer~1 n366] ; F002 web requests=570 [own~475 max665] [peer~475 n366],F003 logon events=11 [own~12 max16] [peer~5 n366] ; F004 removable device connections=0 [own~0 max0] ; F005 distinct workstations used=4 [own~3 max5] [peer~1 n366] ; F006 days with recorded activity=6 [own~5 max7] [peer~5 n366] ; F007 hour of earliest logon in the week=7 ; F008 hour of latest logon in the week=14,Grounded,"Main clause asserts evidence fact (F001, F002) and all numbers trace to facts[]. Rule 1 fired.",,grounded,
6835f13449d4_s005,6835f13449d4,IDF0189,2010-W49,no,R5,3,3,Irma Denise Ferrell's week (2010-W49) has triggered an anomaly detection due to her overall activity volume being far outside the same-role peer distribution.,F001 file operations=15 [own~5.50 max9] [peer~1 n366] ; F002 web requests=570 [own~475 max665] [peer~475 n366],F003 logon events=11 [own~12 max16] [peer~5 n366] ; F004 removable device connections=0 [own~0 max0] ; F005 distinct workstations used=4 [own~3 max5] [peer~1 n366] ; F006 days with recorded activity=6 [own~5 max7] [peer~5 n366] ; F007 hour of earliest logon in the week=7 ; F008 hour of latest logon in the week=14,Misweighted,"Main clause uses causal language and cites context-only fact (F006), not an evidence fact. Rule 4 fired.",,grounded,
6835f13449d4_s002,6835f13449d4,IDF0189,2010-W49,no,R5,2,3,"Specifically, the file operations jumped from their typical range of 5.5 to 15, and web requests increased from their typical range of 475 to 570, both of which are clearly above their usual range and above the peer range.",F001 file operations=15 [own~5.50 max9] [peer~1 n366] ; F002 web requests=570 [own~475 max665] [peer~475 n366],F003 logon events=11 [own~12 max16] [peer~5 n366] ; F004 removable device connections=0 [own~0 max0] ; F005 distinct workstations used=4 [own~3 max5] [peer~1 n366] ; F006 days with recorded activity=6 [own~5 max7] [peer~5 n366] ; F007 hour of earliest logon in the week=7 ; F008 hour of latest logon in the week=14,Grounded,"Main clause asserts evidence fact (F001, F002) and all numbers trace to facts[]. Rule 1 fired.",,grounded,
6835f13449d4_s001,6835f13449d4,IDF0189,2010-W49,no,R5,1,1,The UEBA system flagged IDF0189's activity for week 2010-W49 due to evidence that their overall activity volume is far outside the same-role peer distribution.,F001 file operations=15 [own~5.50 max9] [peer~1 n366] ; F002 web requests=570 [own~475 max665] [peer~475 n366],F003 logon events=11 [own~12 max16] [peer~5 n366] ; F004 removable device connections=0 [own~0 max0] ; F005 distinct workstations used=4 [own~3 max5] [peer~1 n366] ; F006 days with recorded activity=6 [own~5 max7] [peer~5 n366] ; F007 hour of earliest logon in the week=7 ; F008 hour of latest logon in the week=14,Misweighted,"Main clause uses causal language and cites context-only fact (F006), not an evidence fact. Rule 4 fired.",,grounded,
6835f13449d4_s007,6835f13449d4,IDF0189,2010-W49,no,R5,1,1,"Typically, Ferrell's file operations average around 5.50, but this week they reached 15, far exceeding her usual range.",F001 file operations=15 [own~5.50 max9] [peer~1 n366] ; F002 web requests=570 [own~475 max665] [peer~475 n366],F003 logon events=11 [own~12 max16] [peer~5 n366] ; F004 removable device connections=0 [own~0 max0] ; F005 distinct workstations used=4 [own~3 max5] [peer~1 n366] ; F006 days with recorded activity=6 [own~5 max7] [peer~5 n366] ; F007 hour of earliest logon in the week=7 ; F008 hour of latest logon in the week=14,Grounded,Main clause asserts evidence fact (F001) and all numbers trace to facts[]. Rule 1 fired.,,grounded,
6835f13449d4_s008,6835f13449d4,IDF0189,2010-W49,no,R5,1,1,"Both of these metrics are well above not only her own usual range but also the range of her same-role peers, who averaged 1 and 475 events, respectively.",F001 file operations=15 [own~5.50 max9] [peer~1 n366] ; F002 web requests=570 [own~475 max665] [peer~475 n366],F003 logon events=11 [own~12 max16] [peer~5 n366] ; F004 removable device connections=0 [own~0 max0] ; F005 distinct workstations used=4 [own~3 max5] [peer~1 n366] ; F006 days with recorded activity=6 [own~5 max7] [peer~5 n366] ; F007 hour of earliest logon in the week=7 ; F008 hour of latest logon in the week=14,,"No rule fired: no unmatched numbers, no speculative language, no causal-context pattern, and no clear evidence-gloss assertion; needs full manual judgement.",,grounded,
7038b42bbdd3_s005,7038b42bbdd3,HJB0220,2011-W11,no,R4,8,9,"Specifically, they visited job-search sites 37 times, which is significantly above their usual range of 12 visits and above the average of 3 visits among peers in the same role.",F001 visits to job-search sites=37 [own~12 max43] [peer~3 n93],F002 visits to leak-publication sites=0 [own~0 max0] ; F003 visits to cloud-storage sites=0 [own~1.50 max5] [peer~2 n93] ; F004 distinct web domains visited=64 [own~71 max77] [peer~65 n93] ; F005 distinct workstations used=1 [own~1 max1] [peer~1 n93] ; F006 days with recorded activity=5 [own~5 max5] [peer~5 n93] ; F007 hour of earliest logon in the week=6 ; F008 hour of latest logon in the week=7,,"No rule fired: no unmatched numbers, no speculative language, no causal-context pattern, and no clear evidence-gloss assertion; needs full manual judgement.",,grounded,
7038b42bbdd3_s004,7038b42bbdd3,HJB0220,2011-W11,no,R4,4,4,"This week's activity for HJB0220, a mathematician in the Lab, triggered rule R4 due to their atypical browsing behavior.",F001 visits to job-search sites=37 [own~12 max43] [peer~3 n93],F002 visits to leak-publication sites=0 [own~0 max0] ; F003 visits to cloud-storage sites=0 [own~1.50 max5] [peer~2 n93] ; F004 distinct web domains visited=64 [own~71 max77] [peer~65 n93] ; F005 distinct workstations used=1 [own~1 max1] [peer~1 n93] ; F006 days with recorded activity=5 [own~5 max5] [peer~5 n93] ; F007 hour of earliest logon in the week=6 ; F008 hour of latest logon in the week=7,Misweighted,"Main clause uses causal language and cites context-only fact (F006), not an evidence fact. Rule 4 fired.",,grounded,
7038b42bbdd3_s007,7038b42bbdd3,HJB0220,2011-W11,no,R4,3,3,"This week, Hashim Jermaine Boyle's browsing activity is flagged as anomalous because he visited job-search sites 37 times, which is significantly above his typical range of 12.",F001 visits to job-search sites=37 [own~12 max43] [peer~3 n93],F002 visits to leak-publication sites=0 [own~0 max0] ; F003 visits to cloud-storage sites=0 [own~1.50 max5] [peer~2 n93] ; F004 distinct web domains visited=64 [own~71 max77] [peer~65 n93] ; F005 distinct workstations used=1 [own~1 max1] [peer~1 n93] ; F006 days with recorded activity=5 [own~5 max5] [peer~5 n93] ; F007 hour of earliest logon in the week=6 ; F008 hour of latest logon in the week=7,,"No rule fired: no unmatched numbers, no speculative language, no causal-context pattern, and no clear evidence-gloss assertion; needs full manual judgement.",,grounded,
7038b42bbdd3_s001,7038b42bbdd3,HJB0220,2011-W11,no,R4,2,2,"The UEBA system flagged HJB0220's week due to atypical browsing behavior, specifically 37 visits to job-search sites, which is significantly above their usual range of 12 and even the range of their peers in the same role, who visited such sites 3 times this week.",F001 visits to job-search sites=37 [own~12 max43] [peer~3 n93],F002 visits to leak-publication sites=0 [own~0 max0] ; F003 visits to cloud-storage sites=0 [own~1.50 max5] [peer~2 n93] ; F004 distinct web domains visited=64 [own~71 max77] [peer~65 n93] ; F005 distinct workstations used=1 [own~1 max1] [peer~1 n93] ; F006 days with recorded activity=5 [own~5 max5] [peer~5 n93] ; F007 hour of earliest logon in the week=6 ; F008 hour of latest logon in the week=7,Grounded,Main clause asserts evidence fact (F001) and all numbers trace to facts[]. Rule 1 fired.,,grounded,
7038b42bbdd3_s002,7038b42bbdd3,HJB0220,2011-W11,no,R4,2,1,This anomaly is the primary evidence for the triggered rules.,F001 visits to job-search sites=37 [own~12 max43] [peer~3 n93],F002 visits to leak-publication sites=0 [own~0 max0] ; F003 visits to cloud-storage sites=0 [own~1.50 max5] [peer~2 n93] ; F004 distinct web domains visited=64 [own~71 max77] [peer~65 n93] ; F005 distinct workstations used=1 [own~1 max1] [peer~1 n93] ; F006 days with recorded activity=5 [own~5 max5] [peer~5 n93] ; F007 hour of earliest logon in the week=6 ; F008 hour of latest logon in the week=7,,"No rule fired: no unmatched numbers, no speculative language, no causal-context pattern, and no clear evidence-gloss assertion; needs full manual judgement.",,grounded,
7038b42bbdd3_s011,7038b42bbdd3,HJB0220,2011-W11,no,R4,2,2,"Hashim Jermaine Boyle, a mathematician in the Research and Engineering department, was flagged for a triggered detection rule.",F001 visits to job-search sites=37 [own~12 max43] [peer~3 n93],F002 visits to leak-publication sites=0 [own~0 max0] ; F003 visits to cloud-storage sites=0 [own~1.50 max5] [peer~2 n93] ; F004 distinct web domains visited=64 [own~71 max77] [peer~65 n93] ; F005 distinct workstations used=1 [own~1 max1] [peer~1 n93] ; F006 days with recorded activity=5 [own~5 max5] [peer~5 n93] ; F007 hour of earliest logon in the week=6 ; F008 hour of latest logon in the week=7,,"No rule fired: no unmatched numbers, no speculative language, no causal-context pattern, and no clear evidence-gloss assertion; needs full manual judgement.",,grounded,
7038b42bbdd3_s003,7038b42bbdd3,HJB0220,2011-W11,no,R4,1,1,"The lack of visits to leak-publication sites and normal activity in other areas (cloud-storage, web domains, workstations, and days with recorded activity) suggests that this anomaly is not part of a larger pattern of unusual behavior.",F001 visits to job-search sites=37 [own~12 max43] [peer~3 n93],F002 visits to leak-publication sites=0 [own~0 max0] ; F003 visits to cloud-storage sites=0 [own~1.50 max5] [peer~2 n93] ; F004 distinct web domains visited=64 [own~71 max77] [peer~65 n93] ; F005 distinct workstations used=1 [own~1 max1] [peer~1 n93] ; F006 days with recorded activity=5 [own~5 max5] [peer~5 n93] ; F007 hour of earliest logon in the week=6 ; F008 hour of latest logon in the week=7,,"No rule fired: no unmatched numbers, no speculative language, no causal-context pattern, and no clear evidence-gloss assertion; needs full manual judgement.",,grounded,
7038b42bbdd3_s006,7038b42bbdd3,HJB0220,2011-W11,no,R4,1,1,"This suggests that they may be looking for new job opportunities, which is not typical for someone in their role.",F001 visits to job-search sites=37 [own~12 max43] [peer~3 n93],F002 visits to leak-publication sites=0 [own~0 max0] ; F003 visits to cloud-storage sites=0 [own~1.50 max5] [peer~2 n93] ; F004 distinct web domains visited=64 [own~71 max77] [peer~65 n93] ; F005 distinct workstations used=1 [own~1 max1] [peer~1 n93] ; F006 days with recorded activity=5 [own~5 max5] [peer~5 n93] ; F007 hour of earliest logon in the week=6 ; F008 hour of latest logon in the week=7,Unverifiable,Sentence contains speculative/hedge language ('may be'); neither matches nor contradicts any fact; rule 5 fired.,,unverifiable,
7038b42bbdd3_s008,7038b42bbdd3,HJB0220,2011-W11,no,R4,1,1,This is also higher than what his peers in the same role visited (3 times).,F001 visits to job-search sites=37 [own~12 max43] [peer~3 n93],F002 visits to leak-publication sites=0 [own~0 max0] ; F003 visits to cloud-storage sites=0 [own~1.50 max5] [peer~2 n93] ; F004 distinct web domains visited=64 [own~71 max77] [peer~65 n93] ; F005 distinct workstations used=1 [own~1 max1] [peer~1 n93] ; F006 days with recorded activity=5 [own~5 max5] [peer~5 n93] ; F007 hour of earliest logon in the week=6 ; F008 hour of latest logon in the week=7,,"No rule fired: no unmatched numbers, no speculative language, no causal-context pattern, and no clear evidence-gloss assertion; needs full manual judgement.",,grounded,
7038b42bbdd3_s009,7038b42bbdd3,HJB0220,2011-W11,no,R4,1,1,"This suggests that Boyle may be engaging in job-search or leak-publication activities, which are uncommon for his role.",F001 visits to job-search sites=37 [own~12 max43] [peer~3 n93],F002 visits to leak-publication sites=0 [own~0 max0] ; F003 visits to cloud-storage sites=0 [own~1.50 max5] [peer~2 n93] ; F004 distinct web domains visited=64 [own~71 max77] [peer~65 n93] ; F005 distinct workstations used=1 [own~1 max1] [peer~1 n93] ; F006 days with recorded activity=5 [own~5 max5] [peer~5 n93] ; F007 hour of earliest logon in the week=6 ; F008 hour of latest logon in the week=7,Unverifiable,Sentence contains speculative/hedge language ('may be'); neither matches nor contradicts any fact; rule 5 fired.,,hallucinated,
7038b42bbdd3_s010,7038b42bbdd3,HJB0220,2011-W11,no,R4,1,1,This unusual activity is the primary evidence driving the detection.,F001 visits to job-search sites=37 [own~12 max43] [peer~3 n93],F002 visits to leak-publication sites=0 [own~0 max0] ; F003 visits to cloud-storage sites=0 [own~1.50 max5] [peer~2 n93] ; F004 distinct web domains visited=64 [own~71 max77] [peer~65 n93] ; F005 distinct workstations used=1 [own~1 max1] [peer~1 n93] ; F006 days with recorded activity=5 [own~5 max5] [peer~5 n93] ; F007 hour of earliest logon in the week=6 ; F008 hour of latest logon in the week=7,,"No rule fired: no unmatched numbers, no speculative language, no causal-context pattern, and no clear evidence-gloss assertion; needs full manual judgement.",,grounded,
74f0c0c2563f_s002,74f0c0c2563f,RJW1440,2010-W51,no,R4,7,8,"Specifically, Welch visited job-search sites 17 times, which is far above their usual range and significantly higher than their peers' activity.",F001 visits to job-search sites=17 [own~0 max11] [peer~1 n100],F002 visits to leak-publication sites=0 [own~0 max0] ; F003 visits to cloud-storage sites=0 [own~0 max2] ; F004 distinct web domains visited=71 [own~72.50 max83] [peer~51 n100] ; F005 distinct workstations used=1 [own~1 max1] [peer~1 n100] ; F006 days with recorded activity=3 [own~5 max5] [peer~3 n100] ; F007 hour of earliest logon in the week=8 ; F008 hour of latest logon in the week=14,,"No rule fired: no unmatched numbers, no speculative language, no causal-context pattern, and no clear evidence-gloss assertion; needs full manual judgement.",,grounded,
74f0c0c2563f_s001,74f0c0c2563f,RJW1440,2010-W51,no,R4,5,5,"The UEBA system flagged this week for Raymond Jarrod Welch, a Materials Engineer, due to atypical browsing behavior.",F001 visits to job-search sites=17 [own~0 max11] [peer~1 n100],F002 visits to leak-publication sites=0 [own~0 max0] ; F003 visits to cloud-storage sites=0 [own~0 max2] ; F004 distinct web domains visited=71 [own~72.50 max83] [peer~51 n100] ; F005 distinct workstations used=1 [own~1 max1] [peer~1 n100] ; F006 days with recorded activity=3 [own~5 max5] [peer~3 n100] ; F007 hour of earliest logon in the week=8 ; F008 hour of latest logon in the week=14,,"No rule fired: no unmatched numbers, no speculative language, no causal-context pattern, and no clear evidence-gloss assertion; needs full manual judgement.",,grounded,
74f0c0c2563f_s003,74f0c0c2563f,RJW1440,2010-W51,no,R4,3,3,This suggests that RJW1440 may be searching for new job opportunities or preparing for a career change.,F001 visits to job-search sites=17 [own~0 max11] [peer~1 n100],F002 visits to leak-publication sites=0 [own~0 max0] ; F003 visits to cloud-storage sites=0 [own~0 max2] ; F004 distinct web domains visited=71 [own~72.50 max83] [peer~51 n100] ; F005 distinct workstations used=1 [own~1 max1] [peer~1 n100] ; F006 days with recorded activity=3 [own~5 max5] [peer~3 n100] ; F007 hour of earliest logon in the week=8 ; F008 hour of latest logon in the week=14,Unverifiable,Sentence contains speculative/hedge language ('may be'); neither matches nor contradicts any fact; rule 5 fired.,,unverifiable,
74f0c0c2563f_s006,74f0c0c2563f,RJW1440,2010-W51,no,R4,3,3,This is the primary evidence that triggered the detection rules.,F001 visits to job-search sites=17 [own~0 max11] [peer~1 n100],F002 visits to leak-publication sites=0 [own~0 max0] ; F003 visits to cloud-storage sites=0 [own~0 max2] ; F004 distinct web domains visited=71 [own~72.50 max83] [peer~51 n100] ; F005 distinct workstations used=1 [own~1 max1] [peer~1 n100] ; F006 days with recorded activity=3 [own~5 max5] [peer~3 n100] ; F007 hour of earliest logon in the week=8 ; F008 hour of latest logon in the week=14,,"No rule fired: no unmatched numbers, no speculative language, no causal-context pattern, and no clear evidence-gloss assertion; needs full manual judgement.",,grounded,
74f0c0c2563f_s005,74f0c0c2563f,RJW1440,2010-W51,no,R4,2,2,"While there's no evidence of visits to leak-publication sites or cloud-storage sites, the spike in job-search site visits warrants further investigation to understand the nature of this behavior.",F001 visits to job-search sites=17 [own~0 max11] [peer~1 n100],F002 visits to leak-publication sites=0 [own~0 max0] ; F003 visits to cloud-storage sites=0 [own~0 max2] ; F004 distinct web domains visited=71 [own~72.50 max83] [peer~51 n100] ; F005 distinct workstations used=1 [own~1 max1] [peer~1 n100] ; F006 days with recorded activity=3 [own~5 max5] [peer~3 n100] ; F007 hour of earliest logon in the week=8 ; F008 hour of latest logon in the week=14,Unverifiable,Sentence contains speculative/hedge language ('warrants further investigation'); neither matches nor contradicts any fact; rule 5 fired.,,grounded,
74f0c0c2563f_s011,74f0c0c2563f,RJW1440,2010-W51,no,R4,2,2,"RJW1440, a Materials Engineer, was flagged for an unusual week of activity.",F001 visits to job-search sites=17 [own~0 max11] [peer~1 n100],F002 visits to leak-publication sites=0 [own~0 max0] ; F003 visits to cloud-storage sites=0 [own~0 max2] ; F004 distinct web domains visited=71 [own~72.50 max83] [peer~51 n100] ; F005 distinct workstations used=1 [own~1 max1] [peer~1 n100] ; F006 days with recorded activity=3 [own~5 max5] [peer~3 n100] ; F007 hour of earliest logon in the week=8 ; F008 hour of latest logon in the week=14,,"No rule fired: no unmatched numbers, no speculative language, no causal-context pattern, and no clear evidence-gloss assertion; needs full manual judgement.",,grounded,
74f0c0c2563f_s004,74f0c0c2563f,RJW1440,2010-W51,no,R4,1,1,"Typically, he doesn't browse these types of sites, and this week's 17 visits are significantly above his usual range and far above what his peers in the same role are doing.",F001 visits to job-search sites=17 [own~0 max11] [peer~1 n100],F002 visits to leak-publication sites=0 [own~0 max0] ; F003 visits to cloud-storage sites=0 [own~0 max2] ; F004 distinct web domains visited=71 [own~72.50 max83] [peer~51 n100] ; F005 distinct workstations used=1 [own~1 max1] [peer~1 n100] ; F006 days with recorded activity=3 [own~5 max5] [peer~3 n100] ; F007 hour of earliest logon in the week=8 ; F008 hour of latest logon in the week=14,,"No rule fired: no unmatched numbers, no speculative language, no causal-context pattern, and no clear evidence-gloss assertion; needs full manual judgement.",,grounded,
74f0c0c2563f_s007,74f0c0c2563f,RJW1440,2010-W51,no,R4,1,1,This is particularly notable as it is also above the range seen among their peers in the same role.,F001 visits to job-search sites=17 [own~0 max11] [peer~1 n100],F002 visits to leak-publication sites=0 [own~0 max0] ; F003 visits to cloud-storage sites=0 [own~0 max2] ; F004 distinct web domains visited=71 [own~72.50 max83] [peer~51 n100] ; F005 distinct workstations used=1 [own~1 max1] [peer~1 n100] ; F006 days with recorded activity=3 [own~5 max5] [peer~3 n100] ; F007 hour of earliest logon in the week=8 ; F008 hour of latest logon in the week=14,,"No rule fired: no unmatched numbers, no speculative language, no causal-context pattern, and no clear evidence-gloss assertion; needs full manual judgement.",,grounded,
74f0c0c2563f_s008,74f0c0c2563f,RJW1440,2010-W51,no,R4,1,1,"This week, user RJW1440's browsing habits deviated from their typical behavior, with 17 visits to job-search sites.",F001 visits to job-search sites=17 [own~0 max11] [peer~1 n100],F002 visits to leak-publication sites=0 [own~0 max0] ; F003 visits to cloud-storage sites=0 [own~0 max2] ; F004 distinct web domains visited=71 [own~72.50 max83] [peer~51 n100] ; F005 distinct workstations used=1 [own~1 max1] [peer~1 n100] ; F006 days with recorded activity=3 [own~5 max5] [peer~3 n100] ; F007 hour of earliest logon in the week=8 ; F008 hour of latest logon in the week=14,Grounded,Main clause asserts evidence fact (F001) and all numbers trace to facts[]. Rule 1 fired.,,grounded,
74f0c0c2563f_s009,74f0c0c2563f,RJW1440,2010-W51,no,R4,1,1,This is a significant increase from their usual range and also exceeds the typical number of visits among peers in the same role.,F001 visits to job-search sites=17 [own~0 max11] [peer~1 n100],F002 visits to leak-publication sites=0 [own~0 max0] ; F003 visits to cloud-storage sites=0 [own~0 max2] ; F004 distinct web domains visited=71 [own~72.50 max83] [peer~51 n100] ; F005 distinct workstations used=1 [own~1 max1] [peer~1 n100] ; F006 days with recorded activity=3 [own~5 max5] [peer~3 n100] ; F007 hour of earliest logon in the week=8 ; F008 hour of latest logon in the week=14,,"No rule fired: no unmatched numbers, no speculative language, no causal-context pattern, and no clear evidence-gloss assertion; needs full manual judgement.",,grounded,
74f0c0c2563f_s010,74f0c0c2563f,RJW1440,2010-W51,no,R4,1,1,"This suggests that Welch may be looking for new job opportunities, despite being a member of the Research and Engineering team.",F001 visits to job-search sites=17 [own~0 max11] [peer~1 n100],F002 visits to leak-publication sites=0 [own~0 max0] ; F003 visits to cloud-storage sites=0 [own~0 max2] ; F004 distinct web domains visited=71 [own~72.50 max83] [peer~51 n100] ; F005 distinct workstations used=1 [own~1 max1] [peer~1 n100] ; F006 days with recorded activity=3 [own~5 max5] [peer~3 n100] ; F007 hour of earliest logon in the week=8 ; F008 hour of latest logon in the week=14,Unverifiable,Sentence contains speculative/hedge language ('may be'); neither matches nor contradicts any fact; rule 5 fired.,,unverifiable,
74f0c0c2563f_s012,74f0c0c2563f,RJW1440,2010-W51,no,R4,1,1,"The primary reason for this flag is the significant increase in visits to job-search sites, with 17 visits this week, which is far above their typical range and also above the range seen among their peers.",F001 visits to job-search sites=17 [own~0 max11] [peer~1 n100],F002 visits to leak-publication sites=0 [own~0 max0] ; F003 visits to cloud-storage sites=0 [own~0 max2] ; F004 distinct web domains visited=71 [own~72.50 max83] [peer~51 n100] ; F005 distinct workstations used=1 [own~1 max1] [peer~1 n100] ; F006 days with recorded activity=3 [own~5 max5] [peer~3 n100] ; F007 hour of earliest logon in the week=8 ; F008 hour of latest logon in the week=14,Grounded,Main clause asserts evidence fact (F001) and all numbers trace to facts[]. Rule 1 fired.,,grounded,
843e5a247adc_s001,843e5a247adc,JNP1240,2010-W09,no,R5,8,15,"JNP1240's activity volume this week is significantly higher than their usual range, with 16 file operations detected, which is far above their typical 4.",F001 file operations=16 [own~4 max9] [peer~1 n338],F002 logon events=11 [own~11 max12] [peer~5 n338] ; F003 web requests=450 [own~450 max450] [peer~475 n338] ; F004 removable device connections=8 [own~4.50 max7] ; F005 distinct workstations used=3 [own~3 max3] [peer~1 n338] ; F006 days with recorded activity=5 [own~5 max5] [peer~5 n338] ; F007 hour of earliest logon in the week=7 ; F008 hour of latest logon in the week=13,Grounded,Main clause asserts evidence fact (F001) and all numbers trace to facts[]. Rule 1 fired.,,grounded,
843e5a247adc_s003,843e5a247adc,JNP1240,2010-W09,no,R5,6,6,This is also significantly higher than the average of 1 file operation seen among their same-role peers.,F001 file operations=16 [own~4 max9] [peer~1 n338],F002 logon events=11 [own~11 max12] [peer~5 n338] ; F003 web requests=450 [own~450 max450] [peer~475 n338] ; F004 removable device connections=8 [own~4.50 max7] ; F005 distinct workstations used=3 [own~3 max3] [peer~1 n338] ; F006 days with recorded activity=5 [own~5 max5] [peer~5 n338] ; F007 hour of earliest logon in the week=7 ; F008 hour of latest logon in the week=13,,"No rule fired: no unmatched numbers, no speculative language, no causal-context pattern, and no clear evidence-gloss assertion; needs full manual judgement.",,grounded,
843e5a247adc_s002,843e5a247adc,JNP1240,2010-W09,no,R5,3,3,This anomaly is the primary evidence for the triggered detection rule.,F001 file operations=16 [own~4 max9] [peer~1 n338],F002 logon events=11 [own~11 max12] [peer~5 n338] ; F003 web requests=450 [own~450 max450] [peer~475 n338] ; F004 removable device connections=8 [own~4.50 max7] ; F005 distinct workstations used=3 [own~3 max3] [peer~1 n338] ; F006 days with recorded activity=5 [own~5 max5] [peer~5 n338] ; F007 hour of earliest logon in the week=7 ; F008 hour of latest logon in the week=13,,"No rule fired: no unmatched numbers, no speculative language, no causal-context pattern, and no clear evidence-gloss assertion; needs full manual judgement.",,grounded,
843e5a247adc_s004,843e5a247adc,JNP1240,2010-W09,no,R5,1,1,"Jermaine Nathan Patton, an Electrical Engineer in the Embedded Software team, had a week (2010-W09) with a significantly higher overall activity volume compared to his same-role peers.",F001 file operations=16 [own~4 max9] [peer~1 n338],F002 logon events=11 [own~11 max12] [peer~5 n338] ; F003 web requests=450 [own~450 max450] [peer~475 n338] ; F004 removable device connections=8 [own~4.50 max7] ; F005 distinct workstations used=3 [own~3 max3] [peer~1 n338] ; F006 days with recorded activity=5 [own~5 max5] [peer~5 n338] ; F007 hour of earliest logon in the week=7 ; F008 hour of latest logon in the week=13,,"No rule fired: no unmatched numbers, no speculative language, no causal-context pattern, and no clear evidence-gloss assertion; needs full manual judgement.",,grounded,
843e5a247adc_s005,843e5a247adc,JNP1240,2010-W09,no,R5,1,1,"This stands out as an anomaly, warranting further review.",F001 file operations=16 [own~4 max9] [peer~1 n338],F002 logon events=11 [own~11 max12] [peer~5 n338] ; F003 web requests=450 [own~450 max450] [peer~475 n338] ; F004 removable device connections=8 [own~4.50 max7] ; F005 distinct workstations used=3 [own~3 max3] [peer~1 n338] ; F006 days with recorded activity=5 [own~5 max5] [peer~5 n338] ; F007 hour of earliest logon in the week=7 ; F008 hour of latest logon in the week=13,,"No rule fired: no unmatched numbers, no speculative language, no causal-context pattern, and no clear evidence-gloss assertion; needs full manual judgement.",,unverifiable,
843e5a247adc_s006,843e5a247adc,JNP1240,2010-W09,no,R5,1,1,The UEBA system flagged this week for JNP1240 due to evidence that their overall activity volume is far outside the same-role peer distribution.,F001 file operations=16 [own~4 max9] [peer~1 n338],F002 logon events=11 [own~11 max12] [peer~5 n338] ; F003 web requests=450 [own~450 max450] [peer~475 n338] ; F004 removable device connections=8 [own~4.50 max7] ; F005 distinct workstations used=3 [own~3 max3] [peer~1 n338] ; F006 days with recorded activity=5 [own~5 max5] [peer~5 n338] ; F007 hour of earliest logon in the week=7 ; F008 hour of latest logon in the week=13,Misweighted,"Main clause uses causal language and cites context-only fact (F006), not an evidence fact. Rule 4 fired.",,grounded,
874688ab1be5_s002,874688ab1be5,CAR2748,2010-W31,no,R4,10,11,"This week, they visited job-search sites 67 times, which is significantly higher than their typical range of 27.5 and far above the range of their peers (1.5).",F001 visits to job-search sites=67 [own~27.50 max41] [peer~1.50 n100],F002 visits to leak-publication sites=0 [own~0 max0] ; F003 visits to cloud-storage sites=1 [own~2 max4] ; F004 distinct web domains visited=64 [own~68.50 max83] [peer~63 n100] ; F005 distinct workstations used=1 [own~1 max1] [peer~1 n100] ; F006 days with recorded activity=5 [own~5 max5] [peer~5 n100] ; F007 hour of earliest logon in the week=7 ; F008 hour of latest logon in the week=8,,"No rule fired: no unmatched numbers, no speculative language, no causal-context pattern, and no clear evidence-gloss assertion; needs full manual judgement.",,grounded,
874688ab1be5_s001,874688ab1be5,CAR2748,2010-W31,no,R4,4,4,"CAR2748, a Hardware Engineer, triggered rule R4 due to an unusual number of visits to job-search sites.",F001 visits to job-search sites=67 [own~27.50 max41] [peer~1.50 n100],F002 visits to leak-publication sites=0 [own~0 max0] ; F003 visits to cloud-storage sites=1 [own~2 max4] ; F004 distinct web domains visited=64 [own~68.50 max83] [peer~63 n100] ; F005 distinct workstations used=1 [own~1 max1] [peer~1 n100] ; F006 days with recorded activity=5 [own~5 max5] [peer~5 n100] ; F007 hour of earliest logon in the week=7 ; F008 hour of latest logon in the week=8,Grounded,Main clause asserts evidence fact (F001) and all numbers trace to facts[]. Rule 1 fired.,,grounded,
874688ab1be5_s006,874688ab1be5,CAR2748,2010-W31,no,R4,3,3,The week of 2010-W31 was flagged due to evidence of atypical browsing behavior for a Hardware Engineer.,F001 visits to job-search sites=67 [own~27.50 max41] [peer~1.50 n100],F002 visits to leak-publication sites=0 [own~0 max0] ; F003 visits to cloud-storage sites=1 [own~2 max4] ; F004 distinct web domains visited=64 [own~68.50 max83] [peer~63 n100] ; F005 distinct workstations used=1 [own~1 max1] [peer~1 n100] ; F006 days with recorded activity=5 [own~5 max5] [peer~5 n100] ; F007 hour of earliest logon in the week=7 ; F008 hour of latest logon in the week=8,,"No rule fired: no unmatched numbers, no speculative language, no causal-context pattern, and no clear evidence-gloss assertion; needs full manual judgement.",,grounded,
874688ab1be5_s009,874688ab1be5,CAR2748,2010-W31,no,R4,3,3,"This week, Casey Adam Randall (CAR2748) exhibited atypical browsing behavior, as flagged by rule R4.",F001 visits to job-search sites=67 [own~27.50 max41] [peer~1.50 n100],F002 visits to leak-publication sites=0 [own~0 max0] ; F003 visits to cloud-storage sites=1 [own~2 max4] ; F004 distinct web domains visited=64 [own~68.50 max83] [peer~63 n100] ; F005 distinct workstations used=1 [own~1 max1] [peer~1 n100] ; F006 days with recorded activity=5 [own~5 max5] [peer~5 n100] ; F007 hour of earliest logon in the week=7 ; F008 hour of latest logon in the week=8,,"No rule fired: no unmatched numbers, no speculative language, no causal-context pattern, and no clear evidence-gloss assertion; needs full manual judgement.",,grounded,
874688ab1be5_s007,874688ab1be5,CAR2748,2010-W31,no,R4,2,2,This unusual activity triggered rule R4.,F001 visits to job-search sites=67 [own~27.50 max41] [peer~1.50 n100],F002 visits to leak-publication sites=0 [own~0 max0] ; F003 visits to cloud-storage sites=1 [own~2 max4] ; F004 distinct web domains visited=64 [own~68.50 max83] [peer~63 n100] ; F005 distinct workstations used=1 [own~1 max1] [peer~1 n100] ; F006 days with recorded activity=5 [own~5 max5] [peer~5 n100] ; F007 hour of earliest logon in the week=7 ; F008 hour of latest logon in the week=8,,"No rule fired: no unmatched numbers, no speculative language, no causal-context pattern, and no clear evidence-gloss assertion; needs full manual judgement.",,grounded,
874688ab1be5_s010,874688ab1be5,CAR2748,2010-W31,no,R4,2,2,"This anomaly suggests that Casey may be searching for new job opportunities, which is unusual for their role as a Hardware Engineer in the Systems Engineering team.",F001 visits to job-search sites=67 [own~27.50 max41] [peer~1.50 n100],F002 visits to leak-publication sites=0 [own~0 max0] ; F003 visits to cloud-storage sites=1 [own~2 max4] ; F004 distinct web domains visited=64 [own~68.50 max83] [peer~63 n100] ; F005 distinct workstations used=1 [own~1 max1] [peer~1 n100] ; F006 days with recorded activity=5 [own~5 max5] [peer~5 n100] ; F007 hour of earliest logon in the week=7 ; F008 hour of latest logon in the week=8,Unverifiable,Sentence contains speculative/hedge language ('may be'); neither matches nor contradicts any fact; rule 5 fired.,,unverifiable,
874688ab1be5_s003,874688ab1be5,CAR2748,2010-W31,no,R4,1,1,"This suggests that Casey Adam Randall may be looking for a new opportunity, which is unusual for their role.",F001 visits to job-search sites=67 [own~27.50 max41] [peer~1.50 n100],F002 visits to leak-publication sites=0 [own~0 max0] ; F003 visits to cloud-storage sites=1 [own~2 max4] ; F004 distinct web domains visited=64 [own~68.50 max83] [peer~63 n100] ; F005 distinct workstations used=1 [own~1 max1] [peer~1 n100] ; F006 days with recorded activity=5 [own~5 max5] [peer~5 n100] ; F007 hour of earliest logon in the week=7 ; F008 hour of latest logon in the week=8,Unverifiable,Sentence contains speculative/hedge language ('may be'); neither matches nor contradicts any fact; rule 5 fired.,,unverifiable,
874688ab1be5_s004,874688ab1be5,CAR2748,2010-W31,no,R4,1,1,"In contrast, their visits to leak-publication sites, cloud-storage sites, and overall web domains visited are within their usual range.",F001 visits to job-search sites=67 [own~27.50 max41] [peer~1.50 n100],F002 visits to leak-publication sites=0 [own~0 max0] ; F003 visits to cloud-storage sites=1 [own~2 max4] ; F004 distinct web domains visited=64 [own~68.50 max83] [peer~63 n100] ; F005 distinct workstations used=1 [own~1 max1] [peer~1 n100] ; F006 days with recorded activity=5 [own~5 max5] [peer~5 n100] ; F007 hour of earliest logon in the week=7 ; F008 hour of latest logon in the week=8,,"No rule fired: no unmatched numbers, no speculative language, no causal-context pattern, and no clear evidence-gloss assertion; needs full manual judgement.",,grounded,
874688ab1be5_s005,874688ab1be5,CAR2748,2010-W31,no,R4,1,1,"Overall, this suggests that User CAR2748 may be exploring new job opportunities or considering a career change, warranting further review.",F001 visits to job-search sites=67 [own~27.50 max41] [peer~1.50 n100],F002 visits to leak-publication sites=0 [own~0 max0] ; F003 visits to cloud-storage sites=1 [own~2 max4] ; F004 distinct web domains visited=64 [own~68.50 max83] [peer~63 n100] ; F005 distinct workstations used=1 [own~1 max1] [peer~1 n100] ; F006 days with recorded activity=5 [own~5 max5] [peer~5 n100] ; F007 hour of earliest logon in the week=7 ; F008 hour of latest logon in the week=8,Unverifiable,Sentence contains speculative/hedge language ('may be'); neither matches nor contradicts any fact; rule 5 fired.,,unverifiable,
874688ab1be5_s008,874688ab1be5,CAR2748,2010-W31,no,R4,1,1,"This is also far above the typical range of 1.50 visits among peers in the same role, suggesting that Casey may be considering a job change or exploring new opportunities.",F001 visits to job-search sites=67 [own~27.50 max41] [peer~1.50 n100],F002 visits to leak-publication sites=0 [own~0 max0] ; F003 visits to cloud-storage sites=1 [own~2 max4] ; F004 distinct web domains visited=64 [own~68.50 max83] [peer~63 n100] ; F005 distinct workstations used=1 [own~1 max1] [peer~1 n100] ; F006 days with recorded activity=5 [own~5 max5] [peer~5 n100] ; F007 hour of earliest logon in the week=7 ; F008 hour of latest logon in the week=8,Unverifiable,Sentence contains speculative/hedge language ('may be'); neither matches nor contradicts any fact; rule 5 fired.,,unverifiable,
874688ab1be5_s011,874688ab1be5,CAR2748,2010-W31,no,R4,1,1,This anomaly is the primary evidence driving the triggered detection rules.,F001 visits to job-search sites=67 [own~27.50 max41] [peer~1.50 n100],F002 visits to leak-publication sites=0 [own~0 max0] ; F003 visits to cloud-storage sites=1 [own~2 max4] ; F004 distinct web domains visited=64 [own~68.50 max83] [peer~63 n100] ; F005 distinct workstations used=1 [own~1 max1] [peer~1 n100] ; F006 days with recorded activity=5 [own~5 max5] [peer~5 n100] ; F007 hour of earliest logon in the week=7 ; F008 hour of latest logon in the week=8,,"No rule fired: no unmatched numbers, no speculative language, no causal-context pattern, and no clear evidence-gloss assertion; needs full manual judgement.",,grounded,
941dd43f9d67_s002,941dd43f9d67,CMS2897,2010-W33,no,R1,9,12,The trigger for this alert was the unusual volume of logons outside their typical working hours.,F001 logons outside working hours=3 [own~0 max1],F002 logon events=10 [own~6 max8] [peer~5 n328] ; F003 logons at the weekend=0 [own~0 max0] ; F004 days with recorded activity=6 [own~5 max5] [peer~5 n328] ; F005 distinct workstations used=3 [own~2 max3] [peer~1 n328] ; F006 hour of earliest logon in the week=6 ; F007 hour of latest logon in the week=22,,"No rule fired: no unmatched numbers, no speculative language, no causal-context pattern, and no clear evidence-gloss assertion; needs full manual judgement.",,grounded,
941dd43f9d67_s003,941dd43f9d67,CMS2897,2010-W33,no,R1,4,4,"This suggests that CMS2897 may have been working outside of their typical hours, which could be a sign of an unusual work pattern or perhaps even an attempt to access company resources from an unmonitored location.",F001 logons outside working hours=3 [own~0 max1],F002 logon events=10 [own~6 max8] [peer~5 n328] ; F003 logons at the weekend=0 [own~0 max0] ; F004 days with recorded activity=6 [own~5 max5] [peer~5 n328] ; F005 distinct workstations used=3 [own~2 max3] [peer~1 n328] ; F006 hour of earliest logon in the week=6 ; F007 hour of latest logon in the week=22,Unverifiable,Sentence contains speculative/hedge language ('could be'); neither matches nor contradicts any fact; rule 5 fired.,,unverifiable,
941dd43f9d67_s005,941dd43f9d67,CMS2897,2010-W33,no,R1,3,3,"Specifically, there were three logons during this time period, which is significantly above their usual range of zero logons.",F001 logons outside working hours=3 [own~0 max1],F002 logon events=10 [own~6 max8] [peer~5 n328] ; F003 logons at the weekend=0 [own~0 max0] ; F004 days with recorded activity=6 [own~5 max5] [peer~5 n328] ; F005 distinct workstations used=3 [own~2 max3] [peer~1 n328] ; F006 hour of earliest logon in the week=6 ; F007 hour of latest logon in the week=22,,"No rule fired: no unmatched numbers, no speculative language, no causal-context pattern, and no clear evidence-gloss assertion; needs full manual judgement.",,grounded,
941dd43f9d67_s001,941dd43f9d67,CMS2897,2010-W33,no,R1,2,2,"CMS2897, a salesman in the Regional Sales team, had an unusual week.",F001 logons outside working hours=3 [own~0 max1],F002 logon events=10 [own~6 max8] [peer~5 n328] ; F003 logons at the weekend=0 [own~0 max0] ; F004 days with recorded activity=6 [own~5 max5] [peer~5 n328] ; F005 distinct workstations used=3 [own~2 max3] [peer~1 n328] ; F006 hour of earliest logon in the week=6 ; F007 hour of latest logon in the week=22,,"No rule fired: no unmatched numbers, no speculative language, no causal-context pattern, and no clear evidence-gloss assertion; needs full manual judgement.",,grounded,
941dd43f9d67_s004,941dd43f9d67,CMS2897,2010-W33,no,R1,2,2,This is the primary evidence that triggered the detection rules.,F001 logons outside working hours=3 [own~0 max1],F002 logon events=10 [own~6 max8] [peer~5 n328] ; F003 logons at the weekend=0 [own~0 max0] ; F004 days with recorded activity=6 [own~5 max5] [peer~5 n328] ; F005 distinct workstations used=3 [own~2 max3] [peer~1 n328] ; F006 hour of earliest logon in the week=6 ; F007 hour of latest logon in the week=22,,"No rule fired: no unmatched numbers, no speculative language, no causal-context pattern, and no clear evidence-gloss assertion; needs full manual judgement.",,grounded,
941dd43f9d67_s006,941dd43f9d67,CMS2897,2010-W33,no,R1,2,2,"This is a significant increase from their usual range, suggesting that something may be amiss.",F001 logons outside working hours=3 [own~0 max1],F002 logon events=10 [own~6 max8] [peer~5 n328] ; F003 logons at the weekend=0 [own~0 max0] ; F004 days with recorded activity=6 [own~5 max5] [peer~5 n328] ; F005 distinct workstations used=3 [own~2 max3] [peer~1 n328] ; F006 hour of earliest logon in the week=6 ; F007 hour of latest logon in the week=22,Unverifiable,Sentence contains speculative/hedge language ('may be'); neither matches nor contradicts any fact; rule 5 fired.,,unverifiable,
941dd43f9d67_s007,941dd43f9d67,CMS2897,2010-W33,no,R1,1,1,This increase in activity outside their usual working hours triggered rule [R1].,F001 logons outside working hours=3 [own~0 max1],F002 logon events=10 [own~6 max8] [peer~5 n328] ; F003 logons at the weekend=0 [own~0 max0] ; F004 days with recorded activity=6 [own~5 max5] [peer~5 n328] ; F005 distinct workstations used=3 [own~2 max3] [peer~1 n328] ; F006 hour of earliest logon in the week=6 ; F007 hour of latest logon in the week=22,,"No rule fired: no unmatched numbers, no speculative language, no causal-context pattern, and no clear evidence-gloss assertion; needs full manual judgement.",,grounded,
9a5aa28e85ec_s005,9a5aa28e85ec,REL3735,2010-W25,no,R4,7,7,"The main evidence for this flag is her unusually high number of visits to job-search sites, with 29 visits this week, which is significantly above her typical range of 3.",F001 visits to job-search sites=29 [own~3 max49] [peer~3 n328],F002 visits to leak-publication sites=0 [own~0 max0] ; F003 visits to cloud-storage sites=3 [own~0 max6] [peer~2 n328] ; F004 distinct web domains visited=76 [own~79.50 max85] [peer~76 n328] ; F005 distinct workstations used=1 [own~1 max1] [peer~1 n328] ; F006 days with recorded activity=5 [own~5 max5] [peer~5 n328] ; F007 hour of earliest logon in the week=6 ; F008 hour of latest logon in the week=7,Grounded,Main clause asserts evidence fact (F001) and all numbers trace to facts[]. Rule 1 fired.,,grounded,
9a5aa28e85ec_s003,9a5aa28e85ec,REL3735,2010-W25,no,R4,6,6,"This week's activity for Rhonda Elizabeth Lopez, a salesman in the RegionalSales team, has triggered rule R4.",F001 visits to job-search sites=29 [own~3 max49] [peer~3 n328],F002 visits to leak-publication sites=0 [own~0 max0] ; F003 visits to cloud-storage sites=3 [own~0 max6] [peer~2 n328] ; F004 distinct web domains visited=76 [own~79.50 max85] [peer~76 n328] ; F005 distinct workstations used=1 [own~1 max1] [peer~1 n328] ; F006 days with recorded activity=5 [own~5 max5] [peer~5 n328] ; F007 hour of earliest logon in the week=6 ; F008 hour of latest logon in the week=7,,"No rule fired: no unmatched numbers, no speculative language, no causal-context pattern, and no clear evidence-gloss assertion; needs full manual judgement.",,grounded,
9a5aa28e85ec_s001,9a5aa28e85ec,REL3735,2010-W25,no,R4,4,4,"The UEBA system flagged this week for REL3735 due to an unusual number of visits to job-search sites, with 29 visits this week compared to their typical range of 3.",F001 visits to job-search sites=29 [own~3 max49] [peer~3 n328],F002 visits to leak-publication sites=0 [own~0 max0] ; F003 visits to cloud-storage sites=3 [own~0 max6] [peer~2 n328] ; F004 distinct web domains visited=76 [own~79.50 max85] [peer~76 n328] ; F005 distinct workstations used=1 [own~1 max1] [peer~1 n328] ; F006 days with recorded activity=5 [own~5 max5] [peer~5 n328] ; F007 hour of earliest logon in the week=6 ; F008 hour of latest logon in the week=7,Grounded,Main clause asserts evidence fact (F001) and all numbers trace to facts[]. Rule 1 fired.,,grounded,
9a5aa28e85ec_s004,9a5aa28e85ec,REL3735,2010-W25,no,R4,3,3,"While there is no anomalous activity on leak-publication sites, the high number of visits to job-search sites suggests that Rhonda's browsing behavior is atypical for her role.",F001 visits to job-search sites=29 [own~3 max49] [peer~3 n328],F002 visits to leak-publication sites=0 [own~0 max0] ; F003 visits to cloud-storage sites=3 [own~0 max6] [peer~2 n328] ; F004 distinct web domains visited=76 [own~79.50 max85] [peer~76 n328] ; F005 distinct workstations used=1 [own~1 max1] [peer~1 n328] ; F006 days with recorded activity=5 [own~5 max5] [peer~5 n328] ; F007 hour of earliest logon in the week=6 ; F008 hour of latest logon in the week=7,Grounded,"Main clause asserts evidence fact (F001) and all numbers trace to facts[]. [Compound: main='the high number of visits to job-search sites suggests that...', sub='While there is no anomalous activity on leak-publication sit...'] Rule 1 fired.",,grounded,
9a5aa28e85ec_s002,9a5aa28e85ec,REL3735,2010-W25,no,R4,2,2,"This is also above the average for same-role peers, who had 3 visits this week.",F001 visits to job-search sites=29 [own~3 max49] [peer~3 n328],F002 visits to leak-publication sites=0 [own~0 max0] ; F003 visits to cloud-storage sites=3 [own~0 max6] [peer~2 n328] ; F004 distinct web domains visited=76 [own~79.50 max85] [peer~76 n328] ; F005 distinct workstations used=1 [own~1 max1] [peer~1 n328] ; F006 days with recorded activity=5 [own~5 max5] [peer~5 n328] ; F007 hour of earliest logon in the week=6 ; F008 hour of latest logon in the week=7,,"No rule fired: no unmatched numbers, no speculative language, no causal-context pattern, and no clear evidence-gloss assertion; needs full manual judgement.",,grounded,
9a5aa28e85ec_s007,9a5aa28e85ec,REL3735,2010-W25,no,R4,2,2,This unusual activity is the primary driver of the flagged detection.,F001 visits to job-search sites=29 [own~3 max49] [peer~3 n328],F002 visits to leak-publication sites=0 [own~0 max0] ; F003 visits to cloud-storage sites=3 [own~0 max6] [peer~2 n328] ; F004 distinct web domains visited=76 [own~79.50 max85] [peer~76 n328] ; F005 distinct workstations used=1 [own~1 max1] [peer~1 n328] ; F006 days with recorded activity=5 [own~5 max5] [peer~5 n328] ; F007 hour of earliest logon in the week=6 ; F008 hour of latest logon in the week=7,Misweighted,"Main clause uses causal language and cites context-only fact (F006), not an evidence fact. Rule 4 fired.",,grounded,
9a5aa28e85ec_s008,9a5aa28e85ec,REL3735,2010-W25,no,R4,2,2,This suggests that Rhonda may be searching for job opportunities outside of her typical sales and marketing activities.,F001 visits to job-search sites=29 [own~3 max49] [peer~3 n328],F002 visits to leak-publication sites=0 [own~0 max0] ; F003 visits to cloud-storage sites=3 [own~0 max6] [peer~2 n328] ; F004 distinct web domains visited=76 [own~79.50 max85] [peer~76 n328] ; F005 distinct workstations used=1 [own~1 max1] [peer~1 n328] ; F006 days with recorded activity=5 [own~5 max5] [peer~5 n328] ; F007 hour of earliest logon in the week=6 ; F008 hour of latest logon in the week=7,Unverifiable,Sentence contains speculative/hedge language ('may be'); neither matches nor contradicts any fact; rule 5 fired.,,unverifiable,
9a5aa28e85ec_s006,9a5aa28e85ec,REL3735,2010-W25,no,R4,1,1,"Additionally, her activity this week is also above the range seen among same-role peers.",F001 visits to job-search sites=29 [own~3 max49] [peer~3 n328],F002 visits to leak-publication sites=0 [own~0 max0] ; F003 visits to cloud-storage sites=3 [own~0 max6] [peer~2 n328] ; F004 distinct web domains visited=76 [own~79.50 max85] [peer~76 n328] ; F005 distinct workstations used=1 [own~1 max1] [peer~1 n328] ; F006 days with recorded activity=5 [own~5 max5] [peer~5 n328] ; F007 hour of earliest logon in the week=6 ; F008 hour of latest logon in the week=7,,"No rule fired: no unmatched numbers, no speculative language, no causal-context pattern, and no clear evidence-gloss assertion; needs full manual judgement.",,grounded,
9a5aa28e85ec_s009,9a5aa28e85ec,REL3735,2010-W25,no,R4,1,1,This spike in job-search activity is the primary evidence for the triggered rule.,F001 visits to job-search sites=29 [own~3 max49] [peer~3 n328],F002 visits to leak-publication sites=0 [own~0 max0] ; F003 visits to cloud-storage sites=3 [own~0 max6] [peer~2 n328] ; F004 distinct web domains visited=76 [own~79.50 max85] [peer~76 n328] ; F005 distinct workstations used=1 [own~1 max1] [peer~1 n328] ; F006 days with recorded activity=5 [own~5 max5] [peer~5 n328] ; F007 hour of earliest logon in the week=6 ; F008 hour of latest logon in the week=7,,"No rule fired: no unmatched numbers, no speculative language, no causal-context pattern, and no clear evidence-gloss assertion; needs full manual judgement.",,grounded,
9a5aa28e85ec_s010,9a5aa28e85ec,REL3735,2010-W25,no,R4,1,1,"This week, REL3735 (Rhonda Elizabeth Lopez) was flagged due to evidence from triggered rules.",F001 visits to job-search sites=29 [own~3 max49] [peer~3 n328],F002 visits to leak-publication sites=0 [own~0 max0] ; F003 visits to cloud-storage sites=3 [own~0 max6] [peer~2 n328] ; F004 distinct web domains visited=76 [own~79.50 max85] [peer~76 n328] ; F005 distinct workstations used=1 [own~1 max1] [peer~1 n328] ; F006 days with recorded activity=5 [own~5 max5] [peer~5 n328] ; F007 hour of earliest logon in the week=6 ; F008 hour of latest logon in the week=7,,"No rule fired: no unmatched numbers, no speculative language, no causal-context pattern, and no clear evidence-gloss assertion; needs full manual judgement.",,grounded,
9a5aa28e85ec_s011,9a5aa28e85ec,REL3735,2010-W25,no,R4,1,2,"The most notable anomaly is their atypical browsing behavior, as they visited job-search sites 29 times, which is significantly above their usual range of 3.",F001 visits to job-search sites=29 [own~3 max49] [peer~3 n328],F002 visits to leak-publication sites=0 [own~0 max0] ; F003 visits to cloud-storage sites=3 [own~0 max6] [peer~2 n328] ; F004 distinct web domains visited=76 [own~79.50 max85] [peer~76 n328] ; F005 distinct workstations used=1 [own~1 max1] [peer~1 n328] ; F006 days with recorded activity=5 [own~5 max5] [peer~5 n328] ; F007 hour of earliest logon in the week=6 ; F008 hour of latest logon in the week=7,,"No rule fired: no unmatched numbers, no speculative language, no causal-context pattern, and no clear evidence-gloss assertion; needs full manual judgement.",,grounded,
9e7528d4c218_s002,9e7528d4c218,MNW2267,2010-W08,no,R5,8,8,"Specifically, his file operations jumped to 20, which is well above his typical range of 10 and far above the peer average of 2 among 328 peers in this role.",F001 file operations=20 [own~10 max16] [peer~2 n328],F002 logon events=10 [own~9 max10] [peer~5 n328] ; F003 web requests=810 [own~810 max810] [peer~810 n328] ; F004 removable device connections=0 [own~0 max0] ; F005 distinct workstations used=2 [own~1 max2] [peer~1 n328] ; F006 days with recorded activity=5 [own~5 max5] [peer~5 n328] ; F007 hour of earliest logon in the week=7 ; F008 hour of latest logon in the week=13,Grounded,Main clause asserts evidence fact (F001) and all numbers trace to facts[]. Rule 1 fired.,,grounded,
9e7528d4c218_s004,9e7528d4c218,MNW2267,2010-W08,no,R5,7,7,"This week's activity for Martin Nissim Waller, a salesman in the Regional Sales team, was flagged due to his file operations volume being significantly higher than his peers.",F001 file operations=20 [own~10 max16] [peer~2 n328],F002 logon events=10 [own~9 max10] [peer~5 n328] ; F003 web requests=810 [own~810 max810] [peer~810 n328] ; F004 removable device connections=0 [own~0 max0] ; F005 distinct workstations used=2 [own~1 max2] [peer~1 n328] ; F006 days with recorded activity=5 [own~5 max5] [peer~5 n328] ; F007 hour of earliest logon in the week=7 ; F008 hour of latest logon in the week=13,Grounded,Main clause asserts evidence fact (F001) and all numbers trace to facts[]. Rule 1 fired.,,grounded,
9e7528d4c218_s005,9e7528d4c218,MNW2267,2010-W08,no,R5,5,4,This anomaly is the primary evidence driving the detection rule trigger.,F001 file operations=20 [own~10 max16] [peer~2 n328],F002 logon events=10 [own~9 max10] [peer~5 n328] ; F003 web requests=810 [own~810 max810] [peer~810 n328] ; F004 removable device connections=0 [own~0 max0] ; F005 distinct workstations used=2 [own~1 max2] [peer~1 n328] ; F006 days with recorded activity=5 [own~5 max5] [peer~5 n328] ; F007 hour of earliest logon in the week=7 ; F008 hour of latest logon in the week=13,,"No rule fired: no unmatched numbers, no speculative language, no causal-context pattern, and no clear evidence-gloss assertion; needs full manual judgement.",,grounded,
9e7528d4c218_s001,9e7528d4c218,MNW2267,2010-W08,no,R5,2,2,The UEBA system flagged Martin Nissim Waller (MNW2267) for review due to his overall activity volume being far outside the same-role peer distribution.,F001 file operations=20 [own~10 max16] [peer~2 n328],F002 logon events=10 [own~9 max10] [peer~5 n328] ; F003 web requests=810 [own~810 max810] [peer~810 n328] ; F004 removable device connections=0 [own~0 max0] ; F005 distinct workstations used=2 [own~1 max2] [peer~1 n328] ; F006 days with recorded activity=5 [own~5 max5] [peer~5 n328] ; F007 hour of earliest logon in the week=7 ; F008 hour of latest logon in the week=13,Misweighted,"Main clause uses causal language and cites context-only fact (F006), not an evidence fact. Rule 4 fired.",,grounded,
9e7528d4c218_s006,9e7528d4c218,MNW2267,2010-W08,no,R5,2,3,"Normally, Martin performs around 10 file operations per week, but this week's total of 20 is significantly above their typical range.",F001 file operations=20 [own~10 max16] [peer~2 n328],F002 logon events=10 [own~9 max10] [peer~5 n328] ; F003 web requests=810 [own~810 max810] [peer~810 n328] ; F004 removable device connections=0 [own~0 max0] ; F005 distinct workstations used=2 [own~1 max2] [peer~1 n328] ; F006 days with recorded activity=5 [own~5 max5] [peer~5 n328] ; F007 hour of earliest logon in the week=7 ; F008 hour of latest logon in the week=13,Grounded,Main clause asserts evidence fact (F001) and all numbers trace to facts[]. Rule 1 fired.,,grounded,
9e7528d4c218_s007,9e7528d4c218,MNW2267,2010-W08,no,R5,2,2,"This is also far above the peer average of 2 among same-role peers, which further supports the anomaly.",F001 file operations=20 [own~10 max16] [peer~2 n328],F002 logon events=10 [own~9 max10] [peer~5 n328] ; F003 web requests=810 [own~810 max810] [peer~810 n328] ; F004 removable device connections=0 [own~0 max0] ; F005 distinct workstations used=2 [own~1 max2] [peer~1 n328] ; F006 days with recorded activity=5 [own~5 max5] [peer~5 n328] ; F007 hour of earliest logon in the week=7 ; F008 hour of latest logon in the week=13,,"No rule fired: no unmatched numbers, no speculative language, no causal-context pattern, and no clear evidence-gloss assertion; needs full manual judgement.",,grounded,
9e7528d4c218_s003,9e7528d4c218,MNW2267,2010-W08,no,R5,1,1,This significant increase in file activity is the primary evidence driving the triggered detection rules.,F001 file operations=20 [own~10 max16] [peer~2 n328],F002 logon events=10 [own~9 max10] [peer~5 n328] ; F003 web requests=810 [own~810 max810] [peer~810 n328] ; F004 removable device connections=0 [own~0 max0] ; F005 distinct workstations used=2 [own~1 max2] [peer~1 n328] ; F006 days with recorded activity=5 [own~5 max5] [peer~5 n328] ; F007 hour of earliest logon in the week=7 ; F008 hour of latest logon in the week=13,,"No rule fired: no unmatched numbers, no speculative language, no causal-context pattern, and no clear evidence-gloss assertion; needs full manual judgement.",,grounded,
9e7528d4c218_s008,9e7528d4c218,MNW2267,2010-W08,no,R5,1,1,This anomaly is the primary reason why his week was flagged.,F001 file operations=20 [own~10 max16] [peer~2 n328],F002 logon events=10 [own~9 max10] [peer~5 n328] ; F003 web requests=810 [own~810 max810] [peer~810 n328] ; F004 removable device connections=0 [own~0 max0] ; F005 distinct workstations used=2 [own~1 max2] [peer~1 n328] ; F006 days with recorded activity=5 [own~5 max5] [peer~5 n328] ; F007 hour of earliest logon in the week=7 ; F008 hour of latest logon in the week=13,,"No rule fired: no unmatched numbers, no speculative language, no causal-context pattern, and no clear evidence-gloss assertion; needs full manual judgement.",,grounded,
9e7528d4c218_s009,9e7528d4c218,MNW2267,2010-W08,no,R5,1,1,"This week, Martin Nissim Waller's overall activity volume is significantly higher than what's typical for his role.",F001 file operations=20 [own~10 max16] [peer~2 n328],F002 logon events=10 [own~9 max10] [peer~5 n328] ; F003 web requests=810 [own~810 max810] [peer~810 n328] ; F004 removable device connections=0 [own~0 max0] ; F005 distinct workstations used=2 [own~1 max2] [peer~1 n328] ; F006 days with recorded activity=5 [own~5 max5] [peer~5 n328] ; F007 hour of earliest logon in the week=7 ; F008 hour of latest logon in the week=13,,"No rule fired: no unmatched numbers, no speculative language, no causal-context pattern, and no clear evidence-gloss assertion; needs full manual judgement.",,grounded,
a1aae4e9b549_s004,a1aae4e9b549,LRB0372,2011-W08,no,R4,5,5,This suggests that LRB0372's job search activities are not typical for someone in their role.,F001 visits to job-search sites=30 [own~8 max18] [peer~4 n6],F002 visits to leak-publication sites=0 [own~0 max0] ; F003 visits to cloud-storage sites=1 [own~1 max3] [peer~1 n6] ; F004 distinct web domains visited=70 [own~70 max86] [peer~65.50 n6] ; F005 distinct workstations used=1 [own~1 max1] [peer~1 n6] ; F006 days with recorded activity=5 [own~5 max5] [peer~5 n6] ; F007 hour of earliest logon in the week=7 ; F008 hour of latest logon in the week=8,,"No rule fired: no unmatched numbers, no speculative language, no causal-context pattern, and no clear evidence-gloss assertion; needs full manual judgement.",,grounded,
a1aae4e9b549_s005,a1aae4e9b549,LRB0372,2011-W08,no,R4,5,6,"This week's activity for LRB0372, a Statistician in the SalesAndMarketing_Commercial functional unit, was flagged due to atypical browsing behavior.",F001 visits to job-search sites=30 [own~8 max18] [peer~4 n6],F002 visits to leak-publication sites=0 [own~0 max0] ; F003 visits to cloud-storage sites=1 [own~1 max3] [peer~1 n6] ; F004 distinct web domains visited=70 [own~70 max86] [peer~65.50 n6] ; F005 distinct workstations used=1 [own~1 max1] [peer~1 n6] ; F006 days with recorded activity=5 [own~5 max5] [peer~5 n6] ; F007 hour of earliest logon in the week=7 ; F008 hour of latest logon in the week=8,Misweighted,"Main clause uses causal language and cites context-only fact (F006), not an evidence fact. Rule 4 fired.",,grounded,
a1aae4e9b549_s003,a1aae4e9b549,LRB0372,2011-W08,no,R4,4,4,The lack of visits to leak-publication sites and normal visits to other types of sites suggest that this anomaly is specific to job-search activity.,F001 visits to job-search sites=30 [own~8 max18] [peer~4 n6],F002 visits to leak-publication sites=0 [own~0 max0] ; F003 visits to cloud-storage sites=1 [own~1 max3] [peer~1 n6] ; F004 distinct web domains visited=70 [own~70 max86] [peer~65.50 n6] ; F005 distinct workstations used=1 [own~1 max1] [peer~1 n6] ; F006 days with recorded activity=5 [own~5 max5] [peer~5 n6] ; F007 hour of earliest logon in the week=7 ; F008 hour of latest logon in the week=8,,"No rule fired: no unmatched numbers, no speculative language, no causal-context pattern, and no clear evidence-gloss assertion; needs full manual judgement.",,grounded,
a1aae4e9b549_s010,a1aae4e9b549,LRB0372,2011-W08,no,R4,4,4,"Specifically, she visited job-search sites 30 times, which is significantly above her usual range of 8 and above the range of her peers in the same role.",F001 visits to job-search sites=30 [own~8 max18] [peer~4 n6],F002 visits to leak-publication sites=0 [own~0 max0] ; F003 visits to cloud-storage sites=1 [own~1 max3] [peer~1 n6] ; F004 distinct web domains visited=70 [own~70 max86] [peer~65.50 n6] ; F005 distinct workstations used=1 [own~1 max1] [peer~1 n6] ; F006 days with recorded activity=5 [own~5 max5] [peer~5 n6] ; F007 hour of earliest logon in the week=7 ; F008 hour of latest logon in the week=8,,"No rule fired: no unmatched numbers, no speculative language, no causal-context pattern, and no clear evidence-gloss assertion; needs full manual judgement.",,grounded,
a1aae4e9b549_s001,a1aae4e9b549,LRB0372,2011-W08,no,R4,3,3,"The UEBA system flagged this week for LRB0372 due to an unusual number of visits to job-search sites, with 30 visits this week compared to their typical range of 8.",F001 visits to job-search sites=30 [own~8 max18] [peer~4 n6],F002 visits to leak-publication sites=0 [own~0 max0] ; F003 visits to cloud-storage sites=1 [own~1 max3] [peer~1 n6] ; F004 distinct web domains visited=70 [own~70 max86] [peer~65.50 n6] ; F005 distinct workstations used=1 [own~1 max1] [peer~1 n6] ; F006 days with recorded activity=5 [own~5 max5] [peer~5 n6] ; F007 hour of earliest logon in the week=7 ; F008 hour of latest logon in the week=8,Grounded,Main clause asserts evidence fact (F001) and all numbers trace to facts[]. Rule 1 fired.,,grounded,
a1aae4e9b549_s002,a1aae4e9b549,LRB0372,2011-W08,no,R4,3,3,"This is also above the average for same-role peers, with 4 visits this week.",F001 visits to job-search sites=30 [own~8 max18] [peer~4 n6],F002 visits to leak-publication sites=0 [own~0 max0] ; F003 visits to cloud-storage sites=1 [own~1 max3] [peer~1 n6] ; F004 distinct web domains visited=70 [own~70 max86] [peer~65.50 n6] ; F005 distinct workstations used=1 [own~1 max1] [peer~1 n6] ; F006 days with recorded activity=5 [own~5 max5] [peer~5 n6] ; F007 hour of earliest logon in the week=7 ; F008 hour of latest logon in the week=8,,"No rule fired: no unmatched numbers, no speculative language, no causal-context pattern, and no clear evidence-gloss assertion; needs full manual judgement.",,grounded,
a1aae4e9b549_s006,a1aae4e9b549,LRB0372,2011-W08,no,R4,2,2,This unusual behavior is the primary reason for the triggered detection rules.,F001 visits to job-search sites=30 [own~8 max18] [peer~4 n6],F002 visits to leak-publication sites=0 [own~0 max0] ; F003 visits to cloud-storage sites=1 [own~1 max3] [peer~1 n6] ; F004 distinct web domains visited=70 [own~70 max86] [peer~65.50 n6] ; F005 distinct workstations used=1 [own~1 max1] [peer~1 n6] ; F006 days with recorded activity=5 [own~5 max5] [peer~5 n6] ; F007 hour of earliest logon in the week=7 ; F008 hour of latest logon in the week=8,,"No rule fired: no unmatched numbers, no speculative language, no causal-context pattern, and no clear evidence-gloss assertion; needs full manual judgement.",,grounded,
a1aae4e9b549_s007,a1aae4e9b549,LRB0372,2011-W08,no,R4,1,1,This unusual activity is the primary reason for flagging this week.,F001 visits to job-search sites=30 [own~8 max18] [peer~4 n6],F002 visits to leak-publication sites=0 [own~0 max0] ; F003 visits to cloud-storage sites=1 [own~1 max3] [peer~1 n6] ; F004 distinct web domains visited=70 [own~70 max86] [peer~65.50 n6] ; F005 distinct workstations used=1 [own~1 max1] [peer~1 n6] ; F006 days with recorded activity=5 [own~5 max5] [peer~5 n6] ; F007 hour of earliest logon in the week=7 ; F008 hour of latest logon in the week=8,Misweighted,"Main clause uses causal language and cites context-only fact (F006), not an evidence fact. Rule 4 fired.",,grounded,
a1aae4e9b549_s008,a1aae4e9b549,LRB0372,2011-W08,no,R4,1,1,"Normally, they visit such sites around 8 times a week, but this week they exceeded that range with 30 visits.",F001 visits to job-search sites=30 [own~8 max18] [peer~4 n6],F002 visits to leak-publication sites=0 [own~0 max0] ; F003 visits to cloud-storage sites=1 [own~1 max3] [peer~1 n6] ; F004 distinct web domains visited=70 [own~70 max86] [peer~65.50 n6] ; F005 distinct workstations used=1 [own~1 max1] [peer~1 n6] ; F006 days with recorded activity=5 [own~5 max5] [peer~5 n6] ; F007 hour of earliest logon in the week=7 ; F008 hour of latest logon in the week=8,,"No rule fired: no unmatched numbers, no speculative language, no causal-context pattern, and no clear evidence-gloss assertion; needs full manual judgement.",,grounded,
a1aae4e9b549_s009,a1aae4e9b549,LRB0372,2011-W08,no,R4,1,1,"This week, Latifah Renee Benson's activity was flagged due to evidence of atypical browsing behavior.",F001 visits to job-search sites=30 [own~8 max18] [peer~4 n6],F002 visits to leak-publication sites=0 [own~0 max0] ; F003 visits to cloud-storage sites=1 [own~1 max3] [peer~1 n6] ; F004 distinct web domains visited=70 [own~70 max86] [peer~65.50 n6] ; F005 distinct workstations used=1 [own~1 max1] [peer~1 n6] ; F006 days with recorded activity=5 [own~5 max5] [peer~5 n6] ; F007 hour of earliest logon in the week=7 ; F008 hour of latest logon in the week=8,Misweighted,"Main clause uses causal language and cites context-only fact (F006), not an evidence fact. Rule 4 fired.",,grounded,
a1aae4e9b549_s011,a1aae4e9b549,LRB0372,2011-W08,no,R4,1,1,"This suggests that she may be looking for a new opportunity, despite her role in SalesAndMarketing_Commercial.",F001 visits to job-search sites=30 [own~8 max18] [peer~4 n6],F002 visits to leak-publication sites=0 [own~0 max0] ; F003 visits to cloud-storage sites=1 [own~1 max3] [peer~1 n6] ; F004 distinct web domains visited=70 [own~70 max86] [peer~65.50 n6] ; F005 distinct workstations used=1 [own~1 max1] [peer~1 n6] ; F006 days with recorded activity=5 [own~5 max5] [peer~5 n6] ; F007 hour of earliest logon in the week=7 ; F008 hour of latest logon in the week=8,Unverifiable,Sentence contains speculative/hedge language ('may be'); neither matches nor contradicts any fact; rule 5 fired.,,unverifiable,
b4f39388a7a0_s003,b4f39388a7a0,APC3043,2010-W22,no,R4,7,7,"Arthur Perry Combs, an IT administrator in the Electronic Security team, has exhibited unusual behavior this week.",F001 visits to job-search sites=23 [own~0 max19] [peer~1 n90],F002 visits to leak-publication sites=0 [own~0 max0] ; F003 visits to cloud-storage sites=15 [own~20.50 max35] [peer~2 n90] ; F004 distinct web domains visited=73 [own~71.50 max79] [peer~62 n90] ; F005 distinct workstations used=11 [own~14.50 max19] [peer~13 n90] ; F006 days with recorded activity=4 [own~5 max5] [peer~4 n90] ; F007 hour of earliest logon in the week=1 ; F008 hour of latest logon in the week=23,,"No rule fired: no unmatched numbers, no speculative language, no causal-context pattern, and no clear evidence-gloss assertion; needs full manual judgement.",,grounded,
b4f39388a7a0_s005,b4f39388a7a0,APC3043,2010-W22,no,R4,7,8,"The evidence for this rule is primarily driven by his 23 visits to job-search sites, which is far above his usual range and also exceeds the typical range for peers in the same role.",F001 visits to job-search sites=23 [own~0 max19] [peer~1 n90],F002 visits to leak-publication sites=0 [own~0 max0] ; F003 visits to cloud-storage sites=15 [own~20.50 max35] [peer~2 n90] ; F004 distinct web domains visited=73 [own~71.50 max79] [peer~62 n90] ; F005 distinct workstations used=11 [own~14.50 max19] [peer~13 n90] ; F006 days with recorded activity=4 [own~5 max5] [peer~4 n90] ; F007 hour of earliest logon in the week=1 ; F008 hour of latest logon in the week=23,Grounded,Main clause asserts evidence fact (F001) and all numbers trace to facts[]. Rule 1 fired.,,grounded,
b4f39388a7a0_s001,b4f39388a7a0,APC3043,2010-W22,no,R4,3,5,"APC3043's browsing activity this week is anomalous because they visited job-search sites 23 times, which is far above their usual range and also above the range of their peers in the same role.",F001 visits to job-search sites=23 [own~0 max19] [peer~1 n90],F002 visits to leak-publication sites=0 [own~0 max0] ; F003 visits to cloud-storage sites=15 [own~20.50 max35] [peer~2 n90] ; F004 distinct web domains visited=73 [own~71.50 max79] [peer~62 n90] ; F005 distinct workstations used=11 [own~14.50 max19] [peer~13 n90] ; F006 days with recorded activity=4 [own~5 max5] [peer~4 n90] ; F007 hour of earliest logon in the week=1 ; F008 hour of latest logon in the week=23,,"No rule fired: no unmatched numbers, no speculative language, no causal-context pattern, and no clear evidence-gloss assertion; needs full manual judgement.",,grounded,
b4f39388a7a0_s006,b4f39388a7a0,APC3043,2010-W22,no,R4,3,3,"This is the only anomalous behavior detected, as his visits to leak-publication sites, cloud-storage sites, and other metrics fall within his typical range.",F001 visits to job-search sites=23 [own~0 max19] [peer~1 n90],F002 visits to leak-publication sites=0 [own~0 max0] ; F003 visits to cloud-storage sites=15 [own~20.50 max35] [peer~2 n90] ; F004 distinct web domains visited=73 [own~71.50 max79] [peer~62 n90] ; F005 distinct workstations used=11 [own~14.50 max19] [peer~13 n90] ; F006 days with recorded activity=4 [own~5 max5] [peer~4 n90] ; F007 hour of earliest logon in the week=1 ; F008 hour of latest logon in the week=23,,"No rule fired: no unmatched numbers, no speculative language, no causal-context pattern, and no clear evidence-gloss assertion; needs full manual judgement.",,grounded,
b4f39388a7a0_s004,b4f39388a7a0,APC3043,2010-W22,no,R4,2,2,"The trigger rule R4, which flags browsing to job-search or leak-publication sites atypical for his role, was activated.",F001 visits to job-search sites=23 [own~0 max19] [peer~1 n90],F002 visits to leak-publication sites=0 [own~0 max0] ; F003 visits to cloud-storage sites=15 [own~20.50 max35] [peer~2 n90] ; F004 distinct web domains visited=73 [own~71.50 max79] [peer~62 n90] ; F005 distinct workstations used=11 [own~14.50 max19] [peer~13 n90] ; F006 days with recorded activity=4 [own~5 max5] [peer~4 n90] ; F007 hour of earliest logon in the week=1 ; F008 hour of latest logon in the week=23,,"No rule fired: no unmatched numbers, no speculative language, no causal-context pattern, and no clear evidence-gloss assertion; needs full manual judgement.",,grounded,
b4f39388a7a0_s007,b4f39388a7a0,APC3043,2010-W22,no,R4,2,2,"This anomaly is the primary concern, and further investigation is warranted to understand the reasons behind this unusual activity.",F001 visits to job-search sites=23 [own~0 max19] [peer~1 n90],F002 visits to leak-publication sites=0 [own~0 max0] ; F003 visits to cloud-storage sites=15 [own~20.50 max35] [peer~2 n90] ; F004 distinct web domains visited=73 [own~71.50 max79] [peer~62 n90] ; F005 distinct workstations used=11 [own~14.50 max19] [peer~13 n90] ; F006 days with recorded activity=4 [own~5 max5] [peer~4 n90] ; F007 hour of earliest logon in the week=1 ; F008 hour of latest logon in the week=23,Misweighted,"Main clause uses causal language and cites context-only fact (F006), not an evidence fact. Rule 4 fired.",,unverifiable,
b4f39388a7a0_s002,b4f39388a7a0,APC3043,2010-W22,no,R4,1,1,This suggests that their interest in job-search sites is atypical for someone in their role as an IT admin.,F001 visits to job-search sites=23 [own~0 max19] [peer~1 n90],F002 visits to leak-publication sites=0 [own~0 max0] ; F003 visits to cloud-storage sites=15 [own~20.50 max35] [peer~2 n90] ; F004 distinct web domains visited=73 [own~71.50 max79] [peer~62 n90] ; F005 distinct workstations used=11 [own~14.50 max19] [peer~13 n90] ; F006 days with recorded activity=4 [own~5 max5] [peer~4 n90] ; F007 hour of earliest logon in the week=1 ; F008 hour of latest logon in the week=23,,"No rule fired: no unmatched numbers, no speculative language, no causal-context pattern, and no clear evidence-gloss assertion; needs full manual judgement.",,grounded,
b4f39388a7a0_s008,b4f39388a7a0,APC3043,2010-W22,no,R4,1,1,This is particularly notable given that their peers in the same role averaged only 1 visit to such sites this week.,F001 visits to job-search sites=23 [own~0 max19] [peer~1 n90],F002 visits to leak-publication sites=0 [own~0 max0] ; F003 visits to cloud-storage sites=15 [own~20.50 max35] [peer~2 n90] ; F004 distinct web domains visited=73 [own~71.50 max79] [peer~62 n90] ; F005 distinct workstations used=11 [own~14.50 max19] [peer~13 n90] ; F006 days with recorded activity=4 [own~5 max5] [peer~4 n90] ; F007 hour of earliest logon in the week=1 ; F008 hour of latest logon in the week=23,,"No rule fired: no unmatched numbers, no speculative language, no causal-context pattern, and no clear evidence-gloss assertion; needs full manual judgement.",,grounded,
b4f39388a7a0_s009,b4f39388a7a0,APC3043,2010-W22,no,R4,1,1,This suggests that Combs may be seeking alternative employment or exploring job opportunities outside of his typical scope.,F001 visits to job-search sites=23 [own~0 max19] [peer~1 n90],F002 visits to leak-publication sites=0 [own~0 max0] ; F003 visits to cloud-storage sites=15 [own~20.50 max35] [peer~2 n90] ; F004 distinct web domains visited=73 [own~71.50 max79] [peer~62 n90] ; F005 distinct workstations used=11 [own~14.50 max19] [peer~13 n90] ; F006 days with recorded activity=4 [own~5 max5] [peer~4 n90] ; F007 hour of earliest logon in the week=1 ; F008 hour of latest logon in the week=23,Unverifiable,Sentence contains speculative/hedge language ('may be'); neither matches nor contradicts any fact; rule 5 fired.,,unverifiable,
b9e7099f24fa_s002,b9e7099f24fa,HHS3357,2010-W38,no,R4,8,8,"Specifically, she visited job-search sites 38 times, which is well above her typical range of 15 visits and far exceeding the 5 visits seen among her peers in the same role.",F001 visits to job-search sites=38 [own~15 max24] [peer~5 n328],F002 visits to leak-publication sites=0 [own~0 max0] ; F003 visits to cloud-storage sites=5 [own~9 max25] [peer~2 n328] ; F004 distinct web domains visited=116 [own~98 max114] [peer~77 n328] ; F005 distinct workstations used=1 [own~1 max1] [peer~1 n328] ; F006 days with recorded activity=5 [own~5 max5] [peer~5 n328] ; F007 hour of earliest logon in the week=7 ; F008 hour of latest logon in the week=8,,"No rule fired: no unmatched numbers, no speculative language, no causal-context pattern, and no clear evidence-gloss assertion; needs full manual judgement.",,grounded,
b9e7099f24fa_s005,b9e7099f24fa,HHS3357,2010-W38,no,R4,7,6,"This week, Hedy Heather Swanson, a Salesman in the RegionalSales team, exhibited an unusual pattern of browsing activity that triggered rule R4.",F001 visits to job-search sites=38 [own~15 max24] [peer~5 n328],F002 visits to leak-publication sites=0 [own~0 max0] ; F003 visits to cloud-storage sites=5 [own~9 max25] [peer~2 n328] ; F004 distinct web domains visited=116 [own~98 max114] [peer~77 n328] ; F005 distinct workstations used=1 [own~1 max1] [peer~1 n328] ; F006 days with recorded activity=5 [own~5 max5] [peer~5 n328] ; F007 hour of earliest logon in the week=7 ; F008 hour of latest logon in the week=8,,"No rule fired: no unmatched numbers, no speculative language, no causal-context pattern, and no clear evidence-gloss assertion; needs full manual judgement.",,grounded,
b9e7099f24fa_s001,b9e7099f24fa,HHS3357,2010-W38,no,R4,3,3,The UEBA system flagged this week for Hedy Heather Swanson due to evidence that her browsing behavior is atypical for her role.,F001 visits to job-search sites=38 [own~15 max24] [peer~5 n328],F002 visits to leak-publication sites=0 [own~0 max0] ; F003 visits to cloud-storage sites=5 [own~9 max25] [peer~2 n328] ; F004 distinct web domains visited=116 [own~98 max114] [peer~77 n328] ; F005 distinct workstations used=1 [own~1 max1] [peer~1 n328] ; F006 days with recorded activity=5 [own~5 max5] [peer~5 n328] ; F007 hour of earliest logon in the week=7 ; F008 hour of latest logon in the week=8,,"No rule fired: no unmatched numbers, no speculative language, no causal-context pattern, and no clear evidence-gloss assertion; needs full manual judgement.",,grounded,
b9e7099f24fa_s006,b9e7099f24fa,HHS3357,2010-W38,no,R4,2,2,This anomaly is the primary evidence for the triggered detection rule.,F001 visits to job-search sites=38 [own~15 max24] [peer~5 n328],F002 visits to leak-publication sites=0 [own~0 max0] ; F003 visits to cloud-storage sites=5 [own~9 max25] [peer~2 n328] ; F004 distinct web domains visited=116 [own~98 max114] [peer~77 n328] ; F005 distinct workstations used=1 [own~1 max1] [peer~1 n328] ; F006 days with recorded activity=5 [own~5 max5] [peer~5 n328] ; F007 hour of earliest logon in the week=7 ; F008 hour of latest logon in the week=8,,"No rule fired: no unmatched numbers, no speculative language, no causal-context pattern, and no clear evidence-gloss assertion; needs full manual judgement.",,grounded,
b9e7099f24fa_s008,b9e7099f24fa,HHS3357,2010-W38,no,R4,2,2,This suggests that Hedy may be exploring job opportunities outside of her usual activities.,F001 visits to job-search sites=38 [own~15 max24] [peer~5 n328],F002 visits to leak-publication sites=0 [own~0 max0] ; F003 visits to cloud-storage sites=5 [own~9 max25] [peer~2 n328] ; F004 distinct web domains visited=116 [own~98 max114] [peer~77 n328] ; F005 distinct workstations used=1 [own~1 max1] [peer~1 n328] ; F006 days with recorded activity=5 [own~5 max5] [peer~5 n328] ; F007 hour of earliest logon in the week=7 ; F008 hour of latest logon in the week=8,Unverifiable,Sentence contains speculative/hedge language ('may be'); neither matches nor contradicts any fact; rule 5 fired.,,unverifiable,
b9e7099f24fa_s009,b9e7099f24fa,HHS3357,2010-W38,no,R4,2,2,"It's worth noting that Hedy's visits to leak-publication sites, cloud-storage sites, and overall web activity are all within normal ranges, which suggests that this anomaly may be isolated to job-search activity.",F001 visits to job-search sites=38 [own~15 max24] [peer~5 n328],F002 visits to leak-publication sites=0 [own~0 max0] ; F003 visits to cloud-storage sites=5 [own~9 max25] [peer~2 n328] ; F004 distinct web domains visited=116 [own~98 max114] [peer~77 n328] ; F005 distinct workstations used=1 [own~1 max1] [peer~1 n328] ; F006 days with recorded activity=5 [own~5 max5] [peer~5 n328] ; F007 hour of earliest logon in the week=7 ; F008 hour of latest logon in the week=8,Unverifiable,Sentence contains speculative/hedge language ('may be'); neither matches nor contradicts any fact; rule 5 fired.,,grounded,
b9e7099f24fa_s003,b9e7099f24fa,HHS3357,2010-W38,no,R4,1,1,"This suggests that she may be engaging in job searching or seeking new opportunities, which is unusual for a salesperson.",F001 visits to job-search sites=38 [own~15 max24] [peer~5 n328],F002 visits to leak-publication sites=0 [own~0 max0] ; F003 visits to cloud-storage sites=5 [own~9 max25] [peer~2 n328] ; F004 distinct web domains visited=116 [own~98 max114] [peer~77 n328] ; F005 distinct workstations used=1 [own~1 max1] [peer~1 n328] ; F006 days with recorded activity=5 [own~5 max5] [peer~5 n328] ; F007 hour of earliest logon in the week=7 ; F008 hour of latest logon in the week=8,Unverifiable,Sentence contains speculative/hedge language ('may be'); neither matches nor contradicts any fact; rule 5 fired.,,unverifiable,
b9e7099f24fa_s004,b9e7099f24fa,HHS3357,2010-W38,no,R4,1,1,"This unusual activity triggered rule R4, which flags browsing to job-search or leak-publication sites as atypical for the role.",F001 visits to job-search sites=38 [own~15 max24] [peer~5 n328],F002 visits to leak-publication sites=0 [own~0 max0] ; F003 visits to cloud-storage sites=5 [own~9 max25] [peer~2 n328] ; F004 distinct web domains visited=116 [own~98 max114] [peer~77 n328] ; F005 distinct workstations used=1 [own~1 max1] [peer~1 n328] ; F006 days with recorded activity=5 [own~5 max5] [peer~5 n328] ; F007 hour of earliest logon in the week=7 ; F008 hour of latest logon in the week=8,,"No rule fired: no unmatched numbers, no speculative language, no causal-context pattern, and no clear evidence-gloss assertion; needs full manual judgement.",,grounded,
b9e7099f24fa_s007,b9e7099f24fa,HHS3357,2010-W38,no,R4,1,1,"This suggests that their browsing behavior is atypical for someone in their role, which is the trigger for the detection rule.",F001 visits to job-search sites=38 [own~15 max24] [peer~5 n328],F002 visits to leak-publication sites=0 [own~0 max0] ; F003 visits to cloud-storage sites=5 [own~9 max25] [peer~2 n328] ; F004 distinct web domains visited=116 [own~98 max114] [peer~77 n328] ; F005 distinct workstations used=1 [own~1 max1] [peer~1 n328] ; F006 days with recorded activity=5 [own~5 max5] [peer~5 n328] ; F007 hour of earliest logon in the week=7 ; F008 hour of latest logon in the week=8,,"No rule fired: no unmatched numbers, no speculative language, no causal-context pattern, and no clear evidence-gloss assertion; needs full manual judgement.",,grounded,
b9e7099f24fa_s010,b9e7099f24fa,HHS3357,2010-W38,no,R4,1,1,This could indicate a sense of restlessness or dissatisfaction with their current role.,F001 visits to job-search sites=38 [own~15 max24] [peer~5 n328],F002 visits to leak-publication sites=0 [own~0 max0] ; F003 visits to cloud-storage sites=5 [own~9 max25] [peer~2 n328] ; F004 distinct web domains visited=116 [own~98 max114] [peer~77 n328] ; F005 distinct workstations used=1 [own~1 max1] [peer~1 n328] ; F006 days with recorded activity=5 [own~5 max5] [peer~5 n328] ; F007 hour of earliest logon in the week=7 ; F008 hour of latest logon in the week=8,Unverifiable,Sentence contains speculative/hedge language ('could indicate'); neither matches nor contradicts any fact; rule 5 fired.,,unverifiable,
be4b111f295f_s004,be4b111f295f,TJB3511,2011-W15,no,R4,9,9,"This week's activity for Thane James Bryan (TJB3511) is flagged due to evidence of atypical browsing behavior, specifically 8 visits to job-search sites, which is significantly above their usual range of 2 visits.",F001 visits to job-search sites=8 [own~2 max12] [peer~1 n101],F002 visits to leak-publication sites=0 [own~0 max0] ; F003 visits to cloud-storage sites=4 [own~0 max1] ; F004 distinct web domains visited=76 [own~77.50 max87] [peer~67 n101] ; F005 distinct workstations used=1 [own~1 max1] [peer~1 n101] ; F006 days with recorded activity=5 [own~5 max5] [peer~5 n101] ; F007 hour of earliest logon in the week=7 ; F008 hour of latest logon in the week=8,Grounded,Main clause asserts evidence fact (F001) and all numbers trace to facts[]. Rule 1 fired.,,grounded,
be4b111f295f_s002,be4b111f295f,TJB3511,2011-W15,no,R4,8,8,"Specifically, they visited job-search sites 8 times, which is significantly above their usual range of 2 and above the peer range of 1 across 101 peers in the same role.",F001 visits to job-search sites=8 [own~2 max12] [peer~1 n101],F002 visits to leak-publication sites=0 [own~0 max0] ; F003 visits to cloud-storage sites=4 [own~0 max1] ; F004 distinct web domains visited=76 [own~77.50 max87] [peer~67 n101] ; F005 distinct workstations used=1 [own~1 max1] [peer~1 n101] ; F006 days with recorded activity=5 [own~5 max5] [peer~5 n101] ; F007 hour of earliest logon in the week=7 ; F008 hour of latest logon in the week=8,,"No rule fired: no unmatched numbers, no speculative language, no causal-context pattern, and no clear evidence-gloss assertion; needs full manual judgement.",,grounded,
be4b111f295f_s003,be4b111f295f,TJB3511,2011-W15,no,R4,5,5,This suggests that TJB3511 may be looking for a new job or exploring alternative opportunities.,F001 visits to job-search sites=8 [own~2 max12] [peer~1 n101],F002 visits to leak-publication sites=0 [own~0 max0] ; F003 visits to cloud-storage sites=4 [own~0 max1] ; F004 distinct web domains visited=76 [own~77.50 max87] [peer~67 n101] ; F005 distinct workstations used=1 [own~1 max1] [peer~1 n101] ; F006 days with recorded activity=5 [own~5 max5] [peer~5 n101] ; F007 hour of earliest logon in the week=7 ; F008 hour of latest logon in the week=8,Unverifiable,Sentence contains speculative/hedge language ('may be'); neither matches nor contradicts any fact; rule 5 fired.,,unverifiable,
be4b111f295f_s001,be4b111f295f,TJB3511,2011-W15,no,R4,1,1,The UEBA system flagged this week for TJB3511 due to atypical browsing behavior.,F001 visits to job-search sites=8 [own~2 max12] [peer~1 n101],F002 visits to leak-publication sites=0 [own~0 max0] ; F003 visits to cloud-storage sites=4 [own~0 max1] ; F004 distinct web domains visited=76 [own~77.50 max87] [peer~67 n101] ; F005 distinct workstations used=1 [own~1 max1] [peer~1 n101] ; F006 days with recorded activity=5 [own~5 max5] [peer~5 n101] ; F007 hour of earliest logon in the week=7 ; F008 hour of latest logon in the week=8,,"No rule fired: no unmatched numbers, no speculative language, no causal-context pattern, and no clear evidence-gloss assertion; needs full manual judgement.",,grounded,
be4b111f295f_s005,be4b111f295f,TJB3511,2011-W15,no,R4,1,1,This is also above the range of 1 visit seen among peers in the same role.,F001 visits to job-search sites=8 [own~2 max12] [peer~1 n101],F002 visits to leak-publication sites=0 [own~0 max0] ; F003 visits to cloud-storage sites=4 [own~0 max1] ; F004 distinct web domains visited=76 [own~77.50 max87] [peer~67 n101] ; F005 distinct workstations used=1 [own~1 max1] [peer~1 n101] ; F006 days with recorded activity=5 [own~5 max5] [peer~5 n101] ; F007 hour of earliest logon in the week=7 ; F008 hour of latest logon in the week=8,,"No rule fired: no unmatched numbers, no speculative language, no causal-context pattern, and no clear evidence-gloss assertion; needs full manual judgement.",,grounded,
be4b111f295f_s006,be4b111f295f,TJB3511,2011-W15,no,R4,1,1,This anomaly is the primary evidence for the triggered rule.,F001 visits to job-search sites=8 [own~2 max12] [peer~1 n101],F002 visits to leak-publication sites=0 [own~0 max0] ; F003 visits to cloud-storage sites=4 [own~0 max1] ; F004 distinct web domains visited=76 [own~77.50 max87] [peer~67 n101] ; F005 distinct workstations used=1 [own~1 max1] [peer~1 n101] ; F006 days with recorded activity=5 [own~5 max5] [peer~5 n101] ; F007 hour of earliest logon in the week=7 ; F008 hour of latest logon in the week=8,,"No rule fired: no unmatched numbers, no speculative language, no causal-context pattern, and no clear evidence-gloss assertion; needs full manual judgement.",,grounded,
be4b111f295f_s007,be4b111f295f,TJB3511,2011-W15,no,R4,1,1,"There is no indication of unusual activity on leak-publication sites, and their overall web browsing and workstation usage patterns are normal.",F001 visits to job-search sites=8 [own~2 max12] [peer~1 n101],F002 visits to leak-publication sites=0 [own~0 max0] ; F003 visits to cloud-storage sites=4 [own~0 max1] ; F004 distinct web domains visited=76 [own~77.50 max87] [peer~67 n101] ; F005 distinct workstations used=1 [own~1 max1] [peer~1 n101] ; F006 days with recorded activity=5 [own~5 max5] [peer~5 n101] ; F007 hour of earliest logon in the week=7 ; F008 hour of latest logon in the week=8,,"No rule fired: no unmatched numbers, no speculative language, no causal-context pattern, and no clear evidence-gloss assertion; needs full manual judgement.",,grounded,
be4b111f295f_s008,be4b111f295f,TJB3511,2011-W15,no,R4,1,1,"This deviation from normal behavior, as captured by rule R4, is the primary reason why this week was flagged for review.",F001 visits to job-search sites=8 [own~2 max12] [peer~1 n101],F002 visits to leak-publication sites=0 [own~0 max0] ; F003 visits to cloud-storage sites=4 [own~0 max1] ; F004 distinct web domains visited=76 [own~77.50 max87] [peer~67 n101] ; F005 distinct workstations used=1 [own~1 max1] [peer~1 n101] ; F006 days with recorded activity=5 [own~5 max5] [peer~5 n101] ; F007 hour of earliest logon in the week=7 ; F008 hour of latest logon in the week=8,,"No rule fired: no unmatched numbers, no speculative language, no causal-context pattern, and no clear evidence-gloss assertion; needs full manual judgement.",,grounded,
be4b111f295f_s009,be4b111f295f,TJB3511,2011-W15,no,R4,1,1,"Typically, he visits these sites only 2 times a week, but this week he accessed them 8 times, exceeding his usual range.",F001 visits to job-search sites=8 [own~2 max12] [peer~1 n101],F002 visits to leak-publication sites=0 [own~0 max0] ; F003 visits to cloud-storage sites=4 [own~0 max1] ; F004 distinct web domains visited=76 [own~77.50 max87] [peer~67 n101] ; F005 distinct workstations used=1 [own~1 max1] [peer~1 n101] ; F006 days with recorded activity=5 [own~5 max5] [peer~5 n101] ; F007 hour of earliest logon in the week=7 ; F008 hour of latest logon in the week=8,,"No rule fired: no unmatched numbers, no speculative language, no causal-context pattern, and no clear evidence-gloss assertion; needs full manual judgement.",,grounded,
bf68adebc0ca_s003,bf68adebc0ca,IBM1752,2010-W43,no,R4,9,9,"The evidence is that they visited job-search sites 57 times, which is significantly higher than their usual range of 17.50 and above the average of 8 among peers in the same role.",F001 visits to job-search sites=57 [own~17.50 max39] [peer~8 n91],F002 visits to leak-publication sites=0 [own~0 max0] ; F003 visits to cloud-storage sites=3 [own~7 max56] [peer~3 n91] ; F004 distinct web domains visited=74 [own~67 max77] [peer~71 n91] ; F005 distinct workstations used=1 [own~1 max1] [peer~1 n91] ; F006 days with recorded activity=5 [own~5 max5] [peer~5 n91] ; F007 hour of earliest logon in the week=7 ; F008 hour of latest logon in the week=8,,"No rule fired: no unmatched numbers, no speculative language, no causal-context pattern, and no clear evidence-gloss assertion; needs full manual judgement.",,grounded,
bf68adebc0ca_s002,bf68adebc0ca,IBM1752,2010-W43,no,R4,4,4,"The UEBA system flagged their activity due to an atypical number of visits to job-search sites, which normally isn't something they do.",F001 visits to job-search sites=57 [own~17.50 max39] [peer~8 n91],F002 visits to leak-publication sites=0 [own~0 max0] ; F003 visits to cloud-storage sites=3 [own~7 max56] [peer~3 n91] ; F004 distinct web domains visited=74 [own~67 max77] [peer~71 n91] ; F005 distinct workstations used=1 [own~1 max1] [peer~1 n91] ; F006 days with recorded activity=5 [own~5 max5] [peer~5 n91] ; F007 hour of earliest logon in the week=7 ; F008 hour of latest logon in the week=8,Grounded,Main clause asserts evidence fact (F001) and all numbers trace to facts[]. Rule 1 fired.,,grounded,
bf68adebc0ca_s007,bf68adebc0ca,IBM1752,2010-W43,no,R4,3,3,"The security analyst flagged this week for Ian Bevis Moss, an administrator in the BuildingSecurity team, due to triggered rules indicating atypical browsing behavior.",F001 visits to job-search sites=57 [own~17.50 max39] [peer~8 n91],F002 visits to leak-publication sites=0 [own~0 max0] ; F003 visits to cloud-storage sites=3 [own~7 max56] [peer~3 n91] ; F004 distinct web domains visited=74 [own~67 max77] [peer~71 n91] ; F005 distinct workstations used=1 [own~1 max1] [peer~1 n91] ; F006 days with recorded activity=5 [own~5 max5] [peer~5 n91] ; F007 hour of earliest logon in the week=7 ; F008 hour of latest logon in the week=8,,"No rule fired: no unmatched numbers, no speculative language, no causal-context pattern, and no clear evidence-gloss assertion; needs full manual judgement.",,grounded,
bf68adebc0ca_s005,bf68adebc0ca,IBM1752,2010-W43,no,R4,2,2,"This week, IBM1752 (Ian Bevis Moss) triggered a rule for browsing job-search or leak-publication sites atypical for their role.",F001 visits to job-search sites=57 [own~17.50 max39] [peer~8 n91],F002 visits to leak-publication sites=0 [own~0 max0] ; F003 visits to cloud-storage sites=3 [own~7 max56] [peer~3 n91] ; F004 distinct web domains visited=74 [own~67 max77] [peer~71 n91] ; F005 distinct workstations used=1 [own~1 max1] [peer~1 n91] ; F006 days with recorded activity=5 [own~5 max5] [peer~5 n91] ; F007 hour of earliest logon in the week=7 ; F008 hour of latest logon in the week=8,,"No rule fired: no unmatched numbers, no speculative language, no causal-context pattern, and no clear evidence-gloss assertion; needs full manual judgement.",,grounded,
bf68adebc0ca_s006,bf68adebc0ca,IBM1752,2010-W43,no,R4,2,2,This suggests that Ian Bevis Moss may be looking for new opportunities outside of their normal duties.,F001 visits to job-search sites=57 [own~17.50 max39] [peer~8 n91],F002 visits to leak-publication sites=0 [own~0 max0] ; F003 visits to cloud-storage sites=3 [own~7 max56] [peer~3 n91] ; F004 distinct web domains visited=74 [own~67 max77] [peer~71 n91] ; F005 distinct workstations used=1 [own~1 max1] [peer~1 n91] ; F006 days with recorded activity=5 [own~5 max5] [peer~5 n91] ; F007 hour of earliest logon in the week=7 ; F008 hour of latest logon in the week=8,Unverifiable,Sentence contains speculative/hedge language ('may be'); neither matches nor contradicts any fact; rule 5 fired.,,unverifiable,
bf68adebc0ca_s001,bf68adebc0ca,IBM1752,2010-W43,no,R4,1,1,"IBM1752, a SecurityGuard in the BuildingSecurity team, had an unusual week.",F001 visits to job-search sites=57 [own~17.50 max39] [peer~8 n91],F002 visits to leak-publication sites=0 [own~0 max0] ; F003 visits to cloud-storage sites=3 [own~7 max56] [peer~3 n91] ; F004 distinct web domains visited=74 [own~67 max77] [peer~71 n91] ; F005 distinct workstations used=1 [own~1 max1] [peer~1 n91] ; F006 days with recorded activity=5 [own~5 max5] [peer~5 n91] ; F007 hour of earliest logon in the week=7 ; F008 hour of latest logon in the week=8,,"No rule fired: no unmatched numbers, no speculative language, no causal-context pattern, and no clear evidence-gloss assertion; needs full manual judgement.",,grounded,
bf68adebc0ca_s004,bf68adebc0ca,IBM1752,2010-W43,no,R4,1,1,"This anomaly is the primary reason for the flag, and it's worth investigating further.",F001 visits to job-search sites=57 [own~17.50 max39] [peer~8 n91],F002 visits to leak-publication sites=0 [own~0 max0] ; F003 visits to cloud-storage sites=3 [own~7 max56] [peer~3 n91] ; F004 distinct web domains visited=74 [own~67 max77] [peer~71 n91] ; F005 distinct workstations used=1 [own~1 max1] [peer~1 n91] ; F006 days with recorded activity=5 [own~5 max5] [peer~5 n91] ; F007 hour of earliest logon in the week=7 ; F008 hour of latest logon in the week=8,,"No rule fired: no unmatched numbers, no speculative language, no causal-context pattern, and no clear evidence-gloss assertion; needs full manual judgement.",,grounded,
bf68adebc0ca_s008,bf68adebc0ca,IBM1752,2010-W43,no,R4,1,1,"Moreover, this week's count is also above the average of 8 visits among their peers in the same role.",F001 visits to job-search sites=57 [own~17.50 max39] [peer~8 n91],F002 visits to leak-publication sites=0 [own~0 max0] ; F003 visits to cloud-storage sites=3 [own~7 max56] [peer~3 n91] ; F004 distinct web domains visited=74 [own~67 max77] [peer~71 n91] ; F005 distinct workstations used=1 [own~1 max1] [peer~1 n91] ; F006 days with recorded activity=5 [own~5 max5] [peer~5 n91] ; F007 hour of earliest logon in the week=7 ; F008 hour of latest logon in the week=8,,"No rule fired: no unmatched numbers, no speculative language, no causal-context pattern, and no clear evidence-gloss assertion; needs full manual judgement.",,grounded,
bf68adebc0ca_s009,bf68adebc0ca,IBM1752,2010-W43,no,R4,1,1,"This week, Ian Bevis Moss's browsing behavior appears atypical for his role, as evidenced by 57 visits to job-search sites, which is significantly above his usual range of 17.50 and also above the range of his peers (8) in the same role.",F001 visits to job-search sites=57 [own~17.50 max39] [peer~8 n91],F002 visits to leak-publication sites=0 [own~0 max0] ; F003 visits to cloud-storage sites=3 [own~7 max56] [peer~3 n91] ; F004 distinct web domains visited=74 [own~67 max77] [peer~71 n91] ; F005 distinct workstations used=1 [own~1 max1] [peer~1 n91] ; F006 days with recorded activity=5 [own~5 max5] [peer~5 n91] ; F007 hour of earliest logon in the week=7 ; F008 hour of latest logon in the week=8,Grounded,Main clause asserts evidence fact (F001) and all numbers trace to facts[]. Rule 1 fired.,,grounded,
bf68adebc0ca_s010,bf68adebc0ca,IBM1752,2010-W43,no,R4,1,1,This suggests that Ian may be exploring job opportunities or searching for new information outside of his typical work activities.,F001 visits to job-search sites=57 [own~17.50 max39] [peer~8 n91],F002 visits to leak-publication sites=0 [own~0 max0] ; F003 visits to cloud-storage sites=3 [own~7 max56] [peer~3 n91] ; F004 distinct web domains visited=74 [own~67 max77] [peer~71 n91] ; F005 distinct workstations used=1 [own~1 max1] [peer~1 n91] ; F006 days with recorded activity=5 [own~5 max5] [peer~5 n91] ; F007 hour of earliest logon in the week=7 ; F008 hour of latest logon in the week=8,Unverifiable,Sentence contains speculative/hedge language ('may be'); neither matches nor contradicts any fact; rule 5 fired.,,unverifiable,
c6ae0ce16aa6_s003,c6ae0ce16aa6,CXK3433,2011-W04,no,R4,9,9,"The key evidence points to a significant increase in visits to job-search sites, with 77 visits this week, which is well above their typical range of 22.",F001 visits to job-search sites=77 [own~22 max66] [peer~11 n328],F002 visits to leak-publication sites=0 [own~0 max0] ; F003 visits to cloud-storage sites=8 [own~12 max42] [peer~2 n328] ; F004 distinct web domains visited=92 [own~84 max96] [peer~78 n328] ; F005 distinct workstations used=1 [own~1 max1] [peer~1 n328] ; F006 days with recorded activity=5 [own~5 max5] [peer~5 n328] ; F007 hour of earliest logon in the week=8 ; F008 hour of latest logon in the week=8,Grounded,Main clause asserts evidence fact (F001) and all numbers trace to facts[]. Rule 1 fired.,,grounded,
c6ae0ce16aa6_s001,c6ae0ce16aa6,CXK3433,2011-W04,no,R4,4,4,"CXK3433, a salesman in the RegionalSales team, had an unusual week in terms of their browsing habits.",F001 visits to job-search sites=77 [own~22 max66] [peer~11 n328],F002 visits to leak-publication sites=0 [own~0 max0] ; F003 visits to cloud-storage sites=8 [own~12 max42] [peer~2 n328] ; F004 distinct web domains visited=92 [own~84 max96] [peer~78 n328] ; F005 distinct workstations used=1 [own~1 max1] [peer~1 n328] ; F006 days with recorded activity=5 [own~5 max5] [peer~5 n328] ; F007 hour of earliest logon in the week=8 ; F008 hour of latest logon in the week=8,,"No rule fired: no unmatched numbers, no speculative language, no causal-context pattern, and no clear evidence-gloss assertion; needs full manual judgement.",,grounded,
c6ae0ce16aa6_s009,c6ae0ce16aa6,CXK3433,2011-W04,no,R4,4,5,"This week, user CXK3433 (Claire Xaviera Kramer) triggered a detection rule due to atypical browsing behavior.",F001 visits to job-search sites=77 [own~22 max66] [peer~11 n328],F002 visits to leak-publication sites=0 [own~0 max0] ; F003 visits to cloud-storage sites=8 [own~12 max42] [peer~2 n328] ; F004 distinct web domains visited=92 [own~84 max96] [peer~78 n328] ; F005 distinct workstations used=1 [own~1 max1] [peer~1 n328] ; F006 days with recorded activity=5 [own~5 max5] [peer~5 n328] ; F007 hour of earliest logon in the week=8 ; F008 hour of latest logon in the week=8,,"No rule fired: no unmatched numbers, no speculative language, no causal-context pattern, and no clear evidence-gloss assertion; needs full manual judgement.",,grounded,
c6ae0ce16aa6_s006,c6ae0ce16aa6,CXK3433,2011-W04,no,R4,3,3,This suggests that Claire's activity is unusual for someone in her role.,F001 visits to job-search sites=77 [own~22 max66] [peer~11 n328],F002 visits to leak-publication sites=0 [own~0 max0] ; F003 visits to cloud-storage sites=8 [own~12 max42] [peer~2 n328] ; F004 distinct web domains visited=92 [own~84 max96] [peer~78 n328] ; F005 distinct workstations used=1 [own~1 max1] [peer~1 n328] ; F006 days with recorded activity=5 [own~5 max5] [peer~5 n328] ; F007 hour of earliest logon in the week=8 ; F008 hour of latest logon in the week=8,,"No rule fired: no unmatched numbers, no speculative language, no causal-context pattern, and no clear evidence-gloss assertion; needs full manual judgement.",,grounded,
c6ae0ce16aa6_s007,c6ae0ce16aa6,CXK3433,2011-W04,no,R4,2,2,"The UEBA system flagged CXK3433's activity for the week of 2011-W04 due to evidence of browsing atypical for their role, specifically a significant increase in visits to job-search sites.",F001 visits to job-search sites=77 [own~22 max66] [peer~11 n328],F002 visits to leak-publication sites=0 [own~0 max0] ; F003 visits to cloud-storage sites=8 [own~12 max42] [peer~2 n328] ; F004 distinct web domains visited=92 [own~84 max96] [peer~78 n328] ; F005 distinct workstations used=1 [own~1 max1] [peer~1 n328] ; F006 days with recorded activity=5 [own~5 max5] [peer~5 n328] ; F007 hour of earliest logon in the week=8 ; F008 hour of latest logon in the week=8,Grounded,Main clause asserts evidence fact (F001) and all numbers trace to facts[]. Rule 1 fired.,,grounded,
c6ae0ce16aa6_s008,c6ae0ce16aa6,CXK3433,2011-W04,no,R4,2,2,This anomaly is the primary reason why this week was flagged.,F001 visits to job-search sites=77 [own~22 max66] [peer~11 n328],F002 visits to leak-publication sites=0 [own~0 max0] ; F003 visits to cloud-storage sites=8 [own~12 max42] [peer~2 n328] ; F004 distinct web domains visited=92 [own~84 max96] [peer~78 n328] ; F005 distinct workstations used=1 [own~1 max1] [peer~1 n328] ; F006 days with recorded activity=5 [own~5 max5] [peer~5 n328] ; F007 hour of earliest logon in the week=8 ; F008 hour of latest logon in the week=8,,"No rule fired: no unmatched numbers, no speculative language, no causal-context pattern, and no clear evidence-gloss assertion; needs full manual judgement.",,grounded,
c6ae0ce16aa6_s002,c6ae0ce16aa6,CXK3433,2011-W04,no,R4,1,1,"The triggered rule for job-search or leak-publication sites detected an anomaly, and further investigation is warranted.",F001 visits to job-search sites=77 [own~22 max66] [peer~11 n328],F002 visits to leak-publication sites=0 [own~0 max0] ; F003 visits to cloud-storage sites=8 [own~12 max42] [peer~2 n328] ; F004 distinct web domains visited=92 [own~84 max96] [peer~78 n328] ; F005 distinct workstations used=1 [own~1 max1] [peer~1 n328] ; F006 days with recorded activity=5 [own~5 max5] [peer~5 n328] ; F007 hour of earliest logon in the week=8 ; F008 hour of latest logon in the week=8,,"No rule fired: no unmatched numbers, no speculative language, no causal-context pattern, and no clear evidence-gloss assertion; needs full manual judgement.",,grounded,
c6ae0ce16aa6_s004,c6ae0ce16aa6,CXK3433,2011-W04,no,R4,1,1,"This is also significantly higher than the typical range for peers in the same role, with 11 visits this week.",F001 visits to job-search sites=77 [own~22 max66] [peer~11 n328],F002 visits to leak-publication sites=0 [own~0 max0] ; F003 visits to cloud-storage sites=8 [own~12 max42] [peer~2 n328] ; F004 distinct web domains visited=92 [own~84 max96] [peer~78 n328] ; F005 distinct workstations used=1 [own~1 max1] [peer~1 n328] ; F006 days with recorded activity=5 [own~5 max5] [peer~5 n328] ; F007 hour of earliest logon in the week=8 ; F008 hour of latest logon in the week=8,,"No rule fired: no unmatched numbers, no speculative language, no causal-context pattern, and no clear evidence-gloss assertion; needs full manual judgement.",,grounded,
c6ae0ce16aa6_s005,c6ae0ce16aa6,CXK3433,2011-W04,no,R4,1,1,"This anomaly is particularly noteworthy given the absence of any visits to leak-publication sites, which suggests that this unusual activity is not related to a desire to share confidential information.",F001 visits to job-search sites=77 [own~22 max66] [peer~11 n328],F002 visits to leak-publication sites=0 [own~0 max0] ; F003 visits to cloud-storage sites=8 [own~12 max42] [peer~2 n328] ; F004 distinct web domains visited=92 [own~84 max96] [peer~78 n328] ; F005 distinct workstations used=1 [own~1 max1] [peer~1 n328] ; F006 days with recorded activity=5 [own~5 max5] [peer~5 n328] ; F007 hour of earliest logon in the week=8 ; F008 hour of latest logon in the week=8,,"No rule fired: no unmatched numbers, no speculative language, no causal-context pattern, and no clear evidence-gloss assertion; needs full manual judgement.",,grounded,
c7e9d3db5886_s002,c7e9d3db5886,TDM3135,2010-W41,no,"R2,R5",10,11,"Specifically, they copied 50 files to removable media, which is significantly above their usual range of 12.50.",F001 files copied to removable media=50 [own~12.50 max29] ; F002 file operations=72 [own~30.50 max40] [peer~1 n93] ; F003 web requests=600 [own~500 max700] [peer~475 n93],F004 removable device connections=16 [own~12.50 max17] ; F005 removable device connections outside working hours=0 [own~0 max1] ; F006 logon events=11 [own~10 max14] [peer~5 n93] ; F007 distinct workstations used=3 [own~1 max2] [peer~1 n93] ; F008 days with recorded activity=6 [own~5 max7] [peer~5 n93] ; F009 hour of earliest logon in the week=6 ; F010 hour of latest logon in the week=12,,"No rule fired: no unmatched numbers, no speculative language, no causal-context pattern, and no clear evidence-gloss assertion; needs full manual judgement.",,grounded,
c7e9d3db5886_s001,c7e9d3db5886,TDM3135,2010-W41,no,"R2,R5",7,7,Taylor Dennis Murphy's activity was flagged this week due to an elevated number of files copied to removable media and overall activity volume far outside the peer distribution.,F001 files copied to removable media=50 [own~12.50 max29] ; F002 file operations=72 [own~30.50 max40] [peer~1 n93] ; F003 web requests=600 [own~500 max700] [peer~475 n93],F004 removable device connections=16 [own~12.50 max17] ; F005 removable device connections outside working hours=0 [own~0 max1] ; F006 logon events=11 [own~10 max14] [peer~5 n93] ; F007 distinct workstations used=3 [own~1 max2] [peer~1 n93] ; F008 days with recorded activity=6 [own~5 max7] [peer~5 n93] ; F009 hour of earliest logon in the week=6 ; F010 hour of latest logon in the week=12,Grounded,Main clause asserts evidence fact (F001) and all numbers trace to facts[]. Rule 1 fired.,,grounded,
c7e9d3db5886_s003,c7e9d3db5886,TDM3135,2010-W41,no,"R2,R5",6,6,"Furthermore, their web requests reached 600, far exceeding their typical 500 and the peer average of 475.",F001 files copied to removable media=50 [own~12.50 max29] ; F002 file operations=72 [own~30.50 max40] [peer~1 n93] ; F003 web requests=600 [own~500 max700] [peer~475 n93],F004 removable device connections=16 [own~12.50 max17] ; F005 removable device connections outside working hours=0 [own~0 max1] ; F006 logon events=11 [own~10 max14] [peer~5 n93] ; F007 distinct workstations used=3 [own~1 max2] [peer~1 n93] ; F008 days with recorded activity=6 [own~5 max7] [peer~5 n93] ; F009 hour of earliest logon in the week=6 ; F010 hour of latest logon in the week=12,Grounded,Main clause asserts evidence fact (F003) and all numbers trace to facts[]. Rule 1 fired.,,grounded,
c7e9d3db5886_s005,c7e9d3db5886,TDM3135,2010-W41,no,"R2,R5",4,4,"Additionally, the overall activity volume was far outside the peer distribution for same-role users, with 72 file operations and 600 web requests.",F001 files copied to removable media=50 [own~12.50 max29] ; F002 file operations=72 [own~30.50 max40] [peer~1 n93] ; F003 web requests=600 [own~500 max700] [peer~475 n93],F004 removable device connections=16 [own~12.50 max17] ; F005 removable device connections outside working hours=0 [own~0 max1] ; F006 logon events=11 [own~10 max14] [peer~5 n93] ; F007 distinct workstations used=3 [own~1 max2] [peer~1 n93] ; F008 days with recorded activity=6 [own~5 max7] [peer~5 n93] ; F009 hour of earliest logon in the week=6 ; F010 hour of latest logon in the week=12,Grounded,"Main clause asserts evidence fact (F002, F003) and all numbers trace to facts[]. Rule 1 fired.",,grounded,
c7e9d3db5886_s010,c7e9d3db5886,TDM3135,2010-W41,no,"R2,R5",3,3,"This week, TDM3135's activity volume and file operations significantly deviated from their typical patterns and those of their same-role peers.",F001 files copied to removable media=50 [own~12.50 max29] ; F002 file operations=72 [own~30.50 max40] [peer~1 n93] ; F003 web requests=600 [own~500 max700] [peer~475 n93],F004 removable device connections=16 [own~12.50 max17] ; F005 removable device connections outside working hours=0 [own~0 max1] ; F006 logon events=11 [own~10 max14] [peer~5 n93] ; F007 distinct workstations used=3 [own~1 max2] [peer~1 n93] ; F008 days with recorded activity=6 [own~5 max7] [peer~5 n93] ; F009 hour of earliest logon in the week=6 ; F010 hour of latest logon in the week=12,Grounded,Main clause asserts evidence fact (F002) and all numbers trace to facts[]. Rule 1 fired.,,grounded,
c7e9d3db5886_s011,c7e9d3db5886,TDM3135,2010-W41,no,"R2,R5",2,2,"This suggests that Taylor's activity has deviated substantially from their usual patterns, warranting further investigation.",F001 files copied to removable media=50 [own~12.50 max29] ; F002 file operations=72 [own~30.50 max40] [peer~1 n93] ; F003 web requests=600 [own~500 max700] [peer~475 n93],F004 removable device connections=16 [own~12.50 max17] ; F005 removable device connections outside working hours=0 [own~0 max1] ; F006 logon events=11 [own~10 max14] [peer~5 n93] ; F007 distinct workstations used=3 [own~1 max2] [peer~1 n93] ; F008 days with recorded activity=6 [own~5 max7] [peer~5 n93] ; F009 hour of earliest logon in the week=6 ; F010 hour of latest logon in the week=12,,"No rule fired: no unmatched numbers, no speculative language, no causal-context pattern, and no clear evidence-gloss assertion; needs full manual judgement.",,grounded,
c7e9d3db5886_s004,c7e9d3db5886,TDM3135,2010-W41,no,"R2,R5",1,1,"This week's activity for user TDM3135, a mathematician in Team 5's Lab, was flagged due to elevated file operations and web requests.",F001 files copied to removable media=50 [own~12.50 max29] ; F002 file operations=72 [own~30.50 max40] [peer~1 n93] ; F003 web requests=600 [own~500 max700] [peer~475 n93],F004 removable device connections=16 [own~12.50 max17] ; F005 removable device connections outside working hours=0 [own~0 max1] ; F006 logon events=11 [own~10 max14] [peer~5 n93] ; F007 distinct workstations used=3 [own~1 max2] [peer~1 n93] ; F008 days with recorded activity=6 [own~5 max7] [peer~5 n93] ; F009 hour of earliest logon in the week=6 ; F010 hour of latest logon in the week=12,,"No rule fired: no unmatched numbers, no speculative language, no causal-context pattern, and no clear evidence-gloss assertion; needs full manual judgement.",,grounded,
c7e9d3db5886_s006,c7e9d3db5886,TDM3135,2010-W41,no,"R2,R5",1,1,"The additional context suggests that Murphy's activity otherwise remains within their usual patterns, with normal removable device connections, logon events, and workstation usage.",F001 files copied to removable media=50 [own~12.50 max29] ; F002 file operations=72 [own~30.50 max40] [peer~1 n93] ; F003 web requests=600 [own~500 max700] [peer~475 n93],F004 removable device connections=16 [own~12.50 max17] ; F005 removable device connections outside working hours=0 [own~0 max1] ; F006 logon events=11 [own~10 max14] [peer~5 n93] ; F007 distinct workstations used=3 [own~1 max2] [peer~1 n93] ; F008 days with recorded activity=6 [own~5 max7] [peer~5 n93] ; F009 hour of earliest logon in the week=6 ; F010 hour of latest logon in the week=12,,"No rule fired: no unmatched numbers, no speculative language, no causal-context pattern, and no clear evidence-gloss assertion; needs full manual judgement.",,grounded,
c7e9d3db5886_s007,c7e9d3db5886,TDM3135,2010-W41,no,"R2,R5",1,1,These spikes are not only above their typical range but also far outside the peer distribution for their role.,F001 files copied to removable media=50 [own~12.50 max29] ; F002 file operations=72 [own~30.50 max40] [peer~1 n93] ; F003 web requests=600 [own~500 max700] [peer~475 n93],F004 removable device connections=16 [own~12.50 max17] ; F005 removable device connections outside working hours=0 [own~0 max1] ; F006 logon events=11 [own~10 max14] [peer~5 n93] ; F007 distinct workstations used=3 [own~1 max2] [peer~1 n93] ; F008 days with recorded activity=6 [own~5 max7] [peer~5 n93] ; F009 hour of earliest logon in the week=6 ; F010 hour of latest logon in the week=12,,"No rule fired: no unmatched numbers, no speculative language, no causal-context pattern, and no clear evidence-gloss assertion; needs full manual judgement.",,grounded,
c7e9d3db5886_s008,c7e9d3db5886,TDM3135,2010-W41,no,"R2,R5",1,1,"The evidence for triggered rules is primarily driven by the unusually high number of file operations (72) and web requests (600), which are both well above their typical range.",F001 files copied to removable media=50 [own~12.50 max29] ; F002 file operations=72 [own~30.50 max40] [peer~1 n93] ; F003 web requests=600 [own~500 max700] [peer~475 n93],F004 removable device connections=16 [own~12.50 max17] ; F005 removable device connections outside working hours=0 [own~0 max1] ; F006 logon events=11 [own~10 max14] [peer~5 n93] ; F007 distinct workstations used=3 [own~1 max2] [peer~1 n93] ; F008 days with recorded activity=6 [own~5 max7] [peer~5 n93] ; F009 hour of earliest logon in the week=6 ; F010 hour of latest logon in the week=12,Grounded,"Main clause asserts evidence fact (F002, F003) and all numbers trace to facts[]. Rule 1 fired.",,grounded,
c7e9d3db5886_s009,c7e9d3db5886,TDM3135,2010-W41,no,"R2,R5",1,1,"These elevated activity levels are not only outside of their usual range but also far above that of their same-role peers, suggesting that this increase in activity is not just an anomaly, but a notable departure from their typical behavior.",F001 files copied to removable media=50 [own~12.50 max29] ; F002 file operations=72 [own~30.50 max40] [peer~1 n93] ; F003 web requests=600 [own~500 max700] [peer~475 n93],F004 removable device connections=16 [own~12.50 max17] ; F005 removable device connections outside working hours=0 [own~0 max1] ; F006 logon events=11 [own~10 max14] [peer~5 n93] ; F007 distinct workstations used=3 [own~1 max2] [peer~1 n93] ; F008 days with recorded activity=6 [own~5 max7] [peer~5 n93] ; F009 hour of earliest logon in the week=6 ; F010 hour of latest logon in the week=12,,"No rule fired: no unmatched numbers, no speculative language, no causal-context pattern, and no clear evidence-gloss assertion; needs full manual judgement.",,grounded,
c87a3d6bb4f3_s002,c87a3d6bb4f3,GSA2720,2010-W13,no,R4,8,9,"The main evidence for this is her 27 visits to job-search sites, which is significantly higher than her usual range and above the typical range of her peers in the same role.",F001 visits to job-search sites=27 [own~1.50 max13] [peer~3 n366],F002 visits to leak-publication sites=0 [own~0 max0] ; F003 visits to cloud-storage sites=0 [own~0.50 max5] ; F004 distinct web domains visited=57 [own~63 max72] [peer~60 n366] ; F005 distinct workstations used=1 [own~1 max1] [peer~1 n366] ; F006 days with recorded activity=4 [own~5 max5] [peer~4 n366] ; F007 hour of earliest logon in the week=7 ; F008 hour of latest logon in the week=7,Grounded,Main clause asserts evidence fact (F001) and all numbers trace to facts[]. Rule 1 fired.,,grounded,
c87a3d6bb4f3_s001,c87a3d6bb4f3,GSA2720,2010-W13,no,R4,6,6,"Guinevere Stephanie Atkinson, an Electrical Engineer, was flagged due to atypical browsing behavior.",F001 visits to job-search sites=27 [own~1.50 max13] [peer~3 n366],F002 visits to leak-publication sites=0 [own~0 max0] ; F003 visits to cloud-storage sites=0 [own~0.50 max5] ; F004 distinct web domains visited=57 [own~63 max72] [peer~60 n366] ; F005 distinct workstations used=1 [own~1 max1] [peer~1 n366] ; F006 days with recorded activity=4 [own~5 max5] [peer~4 n366] ; F007 hour of earliest logon in the week=7 ; F008 hour of latest logon in the week=7,,"No rule fired: no unmatched numbers, no speculative language, no causal-context pattern, and no clear evidence-gloss assertion; needs full manual judgement.",,grounded,
c87a3d6bb4f3_s006,c87a3d6bb4f3,GSA2720,2010-W13,no,R4,3,3,"GSA2720's week, 2010-W13, was flagged due to an unusual increase in browsing to job-search sites, with 27 visits, significantly above their typical range and the peer average.",F001 visits to job-search sites=27 [own~1.50 max13] [peer~3 n366],F002 visits to leak-publication sites=0 [own~0 max0] ; F003 visits to cloud-storage sites=0 [own~0.50 max5] ; F004 distinct web domains visited=57 [own~63 max72] [peer~60 n366] ; F005 distinct workstations used=1 [own~1 max1] [peer~1 n366] ; F006 days with recorded activity=4 [own~5 max5] [peer~4 n366] ; F007 hour of earliest logon in the week=7 ; F008 hour of latest logon in the week=7,,"No rule fired: no unmatched numbers, no speculative language, no causal-context pattern, and no clear evidence-gloss assertion; needs full manual judgement.",,grounded,
c87a3d6bb4f3_s004,c87a3d6bb4f3,GSA2720,2010-W13,no,R4,2,2,"This week's activity for GSA2720, an Electrical Engineer in the Research and Engineering department, has triggered an anomaly detection rule.",F001 visits to job-search sites=27 [own~1.50 max13] [peer~3 n366],F002 visits to leak-publication sites=0 [own~0 max0] ; F003 visits to cloud-storage sites=0 [own~0.50 max5] ; F004 distinct web domains visited=57 [own~63 max72] [peer~60 n366] ; F005 distinct workstations used=1 [own~1 max1] [peer~1 n366] ; F006 days with recorded activity=4 [own~5 max5] [peer~4 n366] ; F007 hour of earliest logon in the week=7 ; F008 hour of latest logon in the week=7,,"No rule fired: no unmatched numbers, no speculative language, no causal-context pattern, and no clear evidence-gloss assertion; needs full manual judgement.",,grounded,
c87a3d6bb4f3_s007,c87a3d6bb4f3,GSA2720,2010-W13,no,R4,2,2,"This anomaly is supported by the triggered rule [R4], which flags atypical job-search or leak-publication site visits for the role.",F001 visits to job-search sites=27 [own~1.50 max13] [peer~3 n366],F002 visits to leak-publication sites=0 [own~0 max0] ; F003 visits to cloud-storage sites=0 [own~0.50 max5] ; F004 distinct web domains visited=57 [own~63 max72] [peer~60 n366] ; F005 distinct workstations used=1 [own~1 max1] [peer~1 n366] ; F006 days with recorded activity=4 [own~5 max5] [peer~4 n366] ; F007 hour of earliest logon in the week=7 ; F008 hour of latest logon in the week=7,,"No rule fired: no unmatched numbers, no speculative language, no causal-context pattern, and no clear evidence-gloss assertion; needs full manual judgement.",,grounded,
c87a3d6bb4f3_s010,c87a3d6bb4f3,GSA2720,2010-W13,no,R4,2,2,This is the primary evidence driving the triggered detection rules.,F001 visits to job-search sites=27 [own~1.50 max13] [peer~3 n366],F002 visits to leak-publication sites=0 [own~0 max0] ; F003 visits to cloud-storage sites=0 [own~0.50 max5] ; F004 distinct web domains visited=57 [own~63 max72] [peer~60 n366] ; F005 distinct workstations used=1 [own~1 max1] [peer~1 n366] ; F006 days with recorded activity=4 [own~5 max5] [peer~4 n366] ; F007 hour of earliest logon in the week=7 ; F008 hour of latest logon in the week=7,,"No rule fired: no unmatched numbers, no speculative language, no causal-context pattern, and no clear evidence-gloss assertion; needs full manual judgement.",,grounded,
c87a3d6bb4f3_s003,c87a3d6bb4f3,GSA2720,2010-W13,no,R4,1,1,"This anomaly is particularly noteworthy given that there were no visits to leak-publication sites, and their overall browsing activity was otherwise normal.",F001 visits to job-search sites=27 [own~1.50 max13] [peer~3 n366],F002 visits to leak-publication sites=0 [own~0 max0] ; F003 visits to cloud-storage sites=0 [own~0.50 max5] ; F004 distinct web domains visited=57 [own~63 max72] [peer~60 n366] ; F005 distinct workstations used=1 [own~1 max1] [peer~1 n366] ; F006 days with recorded activity=4 [own~5 max5] [peer~4 n366] ; F007 hour of earliest logon in the week=7 ; F008 hour of latest logon in the week=7,,"No rule fired: no unmatched numbers, no speculative language, no causal-context pattern, and no clear evidence-gloss assertion; needs full manual judgement.",,grounded,
c87a3d6bb4f3_s005,c87a3d6bb4f3,GSA2720,2010-W13,no,R4,1,1,This unusual behavior is the main indicator of potential concern.,F001 visits to job-search sites=27 [own~1.50 max13] [peer~3 n366],F002 visits to leak-publication sites=0 [own~0 max0] ; F003 visits to cloud-storage sites=0 [own~0.50 max5] ; F004 distinct web domains visited=57 [own~63 max72] [peer~60 n366] ; F005 distinct workstations used=1 [own~1 max1] [peer~1 n366] ; F006 days with recorded activity=4 [own~5 max5] [peer~4 n366] ; F007 hour of earliest logon in the week=7 ; F008 hour of latest logon in the week=7,,"No rule fired: no unmatched numbers, no speculative language, no causal-context pattern, and no clear evidence-gloss assertion; needs full manual judgement.",,grounded,
c87a3d6bb4f3_s008,c87a3d6bb4f3,GSA2720,2010-W13,no,R4,1,1,This suggests that GSA2720 may be considering a career change or looking for new opportunities.,F001 visits to job-search sites=27 [own~1.50 max13] [peer~3 n366],F002 visits to leak-publication sites=0 [own~0 max0] ; F003 visits to cloud-storage sites=0 [own~0.50 max5] ; F004 distinct web domains visited=57 [own~63 max72] [peer~60 n366] ; F005 distinct workstations used=1 [own~1 max1] [peer~1 n366] ; F006 days with recorded activity=4 [own~5 max5] [peer~4 n366] ; F007 hour of earliest logon in the week=7 ; F008 hour of latest logon in the week=7,Unverifiable,Sentence contains speculative/hedge language ('may be'); neither matches nor contradicts any fact; rule 5 fired.,,unverifiable,
c87a3d6bb4f3_s009,c87a3d6bb4f3,GSA2720,2010-W13,no,R4,1,1,"This is also significantly above the range of same-role peers, who averaged 3 visits this week.",F001 visits to job-search sites=27 [own~1.50 max13] [peer~3 n366],F002 visits to leak-publication sites=0 [own~0 max0] ; F003 visits to cloud-storage sites=0 [own~0.50 max5] ; F004 distinct web domains visited=57 [own~63 max72] [peer~60 n366] ; F005 distinct workstations used=1 [own~1 max1] [peer~1 n366] ; F006 days with recorded activity=4 [own~5 max5] [peer~4 n366] ; F007 hour of earliest logon in the week=7 ; F008 hour of latest logon in the week=7,,"No rule fired: no unmatched numbers, no speculative language, no causal-context pattern, and no clear evidence-gloss assertion; needs full manual judgement.",,grounded,
e5f2a202649e_s002,e5f2a202649e,SDF3082,2010-W12,no,R4,10,10,"The primary reason for this flag is the significant increase in visits to job-search sites, with 16 visits this week, which is far above their usual range and even above the average for peers in the same role.",F001 visits to job-search sites=16 [own~1 max9] [peer~2 n268],F002 visits to leak-publication sites=0 [own~0 max0] ; F003 visits to cloud-storage sites=0 [own~1 max4] [peer~1 n268] ; F004 distinct web domains visited=74 [own~71 max77] [peer~60 n268] ; F005 distinct workstations used=1 [own~1 max1] [peer~1 n268] ; F006 days with recorded activity=5 [own~5 max5] [peer~5 n268] ; F007 hour of earliest logon in the week=8 ; F008 hour of latest logon in the week=8,Grounded,Main clause asserts evidence fact (F001) and all numbers trace to facts[]. Rule 1 fired.,,grounded,
e5f2a202649e_s004,e5f2a202649e,SDF3082,2010-W12,no,R4,5,5,"The UEBA system flagged this week for SDF3082, a Mechanical Engineer, due to atypical browsing activity to job-search sites.",F001 visits to job-search sites=16 [own~1 max9] [peer~2 n268],F002 visits to leak-publication sites=0 [own~0 max0] ; F003 visits to cloud-storage sites=0 [own~1 max4] [peer~1 n268] ; F004 distinct web domains visited=74 [own~71 max77] [peer~60 n268] ; F005 distinct workstations used=1 [own~1 max1] [peer~1 n268] ; F006 days with recorded activity=5 [own~5 max5] [peer~5 n268] ; F007 hour of earliest logon in the week=8 ; F008 hour of latest logon in the week=8,,"No rule fired: no unmatched numbers, no speculative language, no causal-context pattern, and no clear evidence-gloss assertion; needs full manual judgement.",,grounded,
e5f2a202649e_s005,e5f2a202649e,SDF3082,2010-W12,no,R4,4,4,This anomaly is the primary evidence for the triggered detection rule.,F001 visits to job-search sites=16 [own~1 max9] [peer~2 n268],F002 visits to leak-publication sites=0 [own~0 max0] ; F003 visits to cloud-storage sites=0 [own~1 max4] [peer~1 n268] ; F004 distinct web domains visited=74 [own~71 max77] [peer~60 n268] ; F005 distinct workstations used=1 [own~1 max1] [peer~1 n268] ; F006 days with recorded activity=5 [own~5 max5] [peer~5 n268] ; F007 hour of earliest logon in the week=8 ; F008 hour of latest logon in the week=8,,"No rule fired: no unmatched numbers, no speculative language, no causal-context pattern, and no clear evidence-gloss assertion; needs full manual judgement.",,grounded,
e5f2a202649e_s001,e5f2a202649e,SDF3082,2010-W12,no,R4,3,3,"Slade Drake Faulkner, a mechanical engineer, had an unusual week in terms of browsing behavior.",F001 visits to job-search sites=16 [own~1 max9] [peer~2 n268],F002 visits to leak-publication sites=0 [own~0 max0] ; F003 visits to cloud-storage sites=0 [own~1 max4] [peer~1 n268] ; F004 distinct web domains visited=74 [own~71 max77] [peer~60 n268] ; F005 distinct workstations used=1 [own~1 max1] [peer~1 n268] ; F006 days with recorded activity=5 [own~5 max5] [peer~5 n268] ; F007 hour of earliest logon in the week=8 ; F008 hour of latest logon in the week=8,,"No rule fired: no unmatched numbers, no speculative language, no causal-context pattern, and no clear evidence-gloss assertion; needs full manual judgement.",,grounded,
e5f2a202649e_s006,e5f2a202649e,SDF3082,2010-W12,no,R4,3,3,This suggests that SDF3082 may be engaging in job-search activities that are unusual for someone in their role.,F001 visits to job-search sites=16 [own~1 max9] [peer~2 n268],F002 visits to leak-publication sites=0 [own~0 max0] ; F003 visits to cloud-storage sites=0 [own~1 max4] [peer~1 n268] ; F004 distinct web domains visited=74 [own~71 max77] [peer~60 n268] ; F005 distinct workstations used=1 [own~1 max1] [peer~1 n268] ; F006 days with recorded activity=5 [own~5 max5] [peer~5 n268] ; F007 hour of earliest logon in the week=8 ; F008 hour of latest logon in the week=8,Unverifiable,Sentence contains speculative/hedge language ('may be'); neither matches nor contradicts any fact; rule 5 fired.,,unverifiable,
e5f2a202649e_s007,e5f2a202649e,SDF3082,2010-W12,no,R4,2,2,"This anomaly is supported by the triggered rule R4, which detects atypical browsing behavior for the Mechanical Engineer role.",F001 visits to job-search sites=16 [own~1 max9] [peer~2 n268],F002 visits to leak-publication sites=0 [own~0 max0] ; F003 visits to cloud-storage sites=0 [own~1 max4] [peer~1 n268] ; F004 distinct web domains visited=74 [own~71 max77] [peer~60 n268] ; F005 distinct workstations used=1 [own~1 max1] [peer~1 n268] ; F006 days with recorded activity=5 [own~5 max5] [peer~5 n268] ; F007 hour of earliest logon in the week=8 ; F008 hour of latest logon in the week=8,,"No rule fired: no unmatched numbers, no speculative language, no causal-context pattern, and no clear evidence-gloss assertion; needs full manual judgement.",,grounded,
e5f2a202649e_s003,e5f2a202649e,SDF3082,2010-W12,no,R4,1,1,This suggests that Faulkner's browsing behavior is atypical for their role and may warrant further investigation.,F001 visits to job-search sites=16 [own~1 max9] [peer~2 n268],F002 visits to leak-publication sites=0 [own~0 max0] ; F003 visits to cloud-storage sites=0 [own~1 max4] [peer~1 n268] ; F004 distinct web domains visited=74 [own~71 max77] [peer~60 n268] ; F005 distinct workstations used=1 [own~1 max1] [peer~1 n268] ; F006 days with recorded activity=5 [own~5 max5] [peer~5 n268] ; F007 hour of earliest logon in the week=8 ; F008 hour of latest logon in the week=8,,"No rule fired: no unmatched numbers, no speculative language, no causal-context pattern, and no clear evidence-gloss assertion; needs full manual judgement.",,unverifiable,
e7456bfb955d_s002,e7456bfb955d,VCS1196,2010-W40,no,R4,8,8,"The evidence suggests that Sears visited job-search sites 34 times this week, which is far above their typical range of 3.50 and significantly higher than the 1 average among same-role peers.",F001 visits to job-search sites=34 [own~3.50 max28] [peer~1 n65],F002 visits to leak-publication sites=0 [own~0 max0] ; F003 visits to cloud-storage sites=0 [own~0 max3] ; F004 distinct web domains visited=73 [own~67.50 max71] [peer~67 n65] ; F005 distinct workstations used=1 [own~1 max1] [peer~1 n65] ; F006 days with recorded activity=5 [own~5 max5] [peer~5 n65] ; F007 hour of earliest logon in the week=8 ; F008 hour of latest logon in the week=8,,"No rule fired: no unmatched numbers, no speculative language, no causal-context pattern, and no clear evidence-gloss assertion; needs full manual judgement.",,grounded,
e7456bfb955d_s007,e7456bfb955d,VCS1196,2010-W40,no,R4,6,6,"This week's activity for VCS1196, a TestEngineer, has triggered rule R4 due to an unusual number of visits to job-search sites.",F001 visits to job-search sites=34 [own~3.50 max28] [peer~1 n65],F002 visits to leak-publication sites=0 [own~0 max0] ; F003 visits to cloud-storage sites=0 [own~0 max3] ; F004 distinct web domains visited=73 [own~67.50 max71] [peer~67 n65] ; F005 distinct workstations used=1 [own~1 max1] [peer~1 n65] ; F006 days with recorded activity=5 [own~5 max5] [peer~5 n65] ; F007 hour of earliest logon in the week=8 ; F008 hour of latest logon in the week=8,Grounded,Main clause asserts evidence fact (F001) and all numbers trace to facts[]. Rule 1 fired.,,grounded,
e7456bfb955d_s008,e7456bfb955d,VCS1196,2010-W40,no,R4,6,6,This anomaly suggests that VCS1196 may be exploring job opportunities outside of their typical behavior.,F001 visits to job-search sites=34 [own~3.50 max28] [peer~1 n65],F002 visits to leak-publication sites=0 [own~0 max0] ; F003 visits to cloud-storage sites=0 [own~0 max3] ; F004 distinct web domains visited=73 [own~67.50 max71] [peer~67 n65] ; F005 distinct workstations used=1 [own~1 max1] [peer~1 n65] ; F006 days with recorded activity=5 [own~5 max5] [peer~5 n65] ; F007 hour of earliest logon in the week=8 ; F008 hour of latest logon in the week=8,Unverifiable,Sentence contains speculative/hedge language ('may be'); neither matches nor contradicts any fact; rule 5 fired.,,unverifiable,
e7456bfb955d_s004,e7456bfb955d,VCS1196,2010-W40,no,R4,3,3,"This is also far above the peer range of 1, among 65 peers in the same role.",F001 visits to job-search sites=34 [own~3.50 max28] [peer~1 n65],F002 visits to leak-publication sites=0 [own~0 max0] ; F003 visits to cloud-storage sites=0 [own~0 max3] ; F004 distinct web domains visited=73 [own~67.50 max71] [peer~67 n65] ; F005 distinct workstations used=1 [own~1 max1] [peer~1 n65] ; F006 days with recorded activity=5 [own~5 max5] [peer~5 n65] ; F007 hour of earliest logon in the week=8 ; F008 hour of latest logon in the week=8,,"No rule fired: no unmatched numbers, no speculative language, no causal-context pattern, and no clear evidence-gloss assertion; needs full manual judgement.",,grounded,
e7456bfb955d_s005,e7456bfb955d,VCS1196,2010-W40,no,R4,3,3,The lack of visits to leak-publication sites and cloud-storage sites suggests that this unusual activity is not related to other suspicious activities.,F001 visits to job-search sites=34 [own~3.50 max28] [peer~1 n65],F002 visits to leak-publication sites=0 [own~0 max0] ; F003 visits to cloud-storage sites=0 [own~0 max3] ; F004 distinct web domains visited=73 [own~67.50 max71] [peer~67 n65] ; F005 distinct workstations used=1 [own~1 max1] [peer~1 n65] ; F006 days with recorded activity=5 [own~5 max5] [peer~5 n65] ; F007 hour of earliest logon in the week=8 ; F008 hour of latest logon in the week=8,,"No rule fired: no unmatched numbers, no speculative language, no causal-context pattern, and no clear evidence-gloss assertion; needs full manual judgement.",,grounded,
e7456bfb955d_s009,e7456bfb955d,VCS1196,2010-W40,no,R4,3,3,The UEBA system flagged VCS1196's activity for the week of 2010-W40 due to atypical browsing behavior.,F001 visits to job-search sites=34 [own~3.50 max28] [peer~1 n65],F002 visits to leak-publication sites=0 [own~0 max0] ; F003 visits to cloud-storage sites=0 [own~0 max3] ; F004 distinct web domains visited=73 [own~67.50 max71] [peer~67 n65] ; F005 distinct workstations used=1 [own~1 max1] [peer~1 n65] ; F006 days with recorded activity=5 [own~5 max5] [peer~5 n65] ; F007 hour of earliest logon in the week=8 ; F008 hour of latest logon in the week=8,Misweighted,"Main clause uses causal language and cites context-only fact (F006), not an evidence fact. Rule 4 fired.",,grounded,
e7456bfb955d_s001,e7456bfb955d,VCS1196,2010-W40,no,R4,2,2,"Vaughan Clinton Sears, a TestEngineer in the 11 - TestAndEvaluation team, has been flagged for review due to unusual browsing behavior.",F001 visits to job-search sites=34 [own~3.50 max28] [peer~1 n65],F002 visits to leak-publication sites=0 [own~0 max0] ; F003 visits to cloud-storage sites=0 [own~0 max3] ; F004 distinct web domains visited=73 [own~67.50 max71] [peer~67 n65] ; F005 distinct workstations used=1 [own~1 max1] [peer~1 n65] ; F006 days with recorded activity=5 [own~5 max5] [peer~5 n65] ; F007 hour of earliest logon in the week=8 ; F008 hour of latest logon in the week=8,,"No rule fired: no unmatched numbers, no speculative language, no causal-context pattern, and no clear evidence-gloss assertion; needs full manual judgement.",,grounded,
e7456bfb955d_s003,e7456bfb955d,VCS1196,2010-W40,no,R4,1,1,This unusual activity is the primary evidence driving the triggered detection rules.,F001 visits to job-search sites=34 [own~3.50 max28] [peer~1 n65],F002 visits to leak-publication sites=0 [own~0 max0] ; F003 visits to cloud-storage sites=0 [own~0 max3] ; F004 distinct web domains visited=73 [own~67.50 max71] [peer~67 n65] ; F005 distinct workstations used=1 [own~1 max1] [peer~1 n65] ; F006 days with recorded activity=5 [own~5 max5] [peer~5 n65] ; F007 hour of earliest logon in the week=8 ; F008 hour of latest logon in the week=8,,"No rule fired: no unmatched numbers, no speculative language, no causal-context pattern, and no clear evidence-gloss assertion; needs full manual judgement.",,grounded,
e7456bfb955d_s006,e7456bfb955d,VCS1196,2010-W40,no,R4,1,1,"Overall, this week's behavior appears to be a notable departure from VCS1196's typical behavior, warranting further investigation.",F001 visits to job-search sites=34 [own~3.50 max28] [peer~1 n65],F002 visits to leak-publication sites=0 [own~0 max0] ; F003 visits to cloud-storage sites=0 [own~0 max3] ; F004 distinct web domains visited=73 [own~67.50 max71] [peer~67 n65] ; F005 distinct workstations used=1 [own~1 max1] [peer~1 n65] ; F006 days with recorded activity=5 [own~5 max5] [peer~5 n65] ; F007 hour of earliest logon in the week=8 ; F008 hour of latest logon in the week=8,,"No rule fired: no unmatched numbers, no speculative language, no causal-context pattern, and no clear evidence-gloss assertion; needs full manual judgement.",,unverifiable,
e7456bfb955d_s010,e7456bfb955d,VCS1196,2010-W40,no,R4,1,1,"The overall activity pattern, including the number of distinct web domains visited, workstations used, and days with recorded activity, is consistent with their usual behavior, making it unlikely that this is a result of a broader systems or network issue.",F001 visits to job-search sites=34 [own~3.50 max28] [peer~1 n65],F002 visits to leak-publication sites=0 [own~0 max0] ; F003 visits to cloud-storage sites=0 [own~0 max3] ; F004 distinct web domains visited=73 [own~67.50 max71] [peer~67 n65] ; F005 distinct workstations used=1 [own~1 max1] [peer~1 n65] ; F006 days with recorded activity=5 [own~5 max5] [peer~5 n65] ; F007 hour of earliest logon in the week=8 ; F008 hour of latest logon in the week=8,Unverifiable,Sentence contains speculative/hedge language ('consistent with'); neither matches nor contradicts any fact; rule 5 fired.,,grounded,
e7da66637628_s003,e7da66637628,XTB2372,2011-W01,no,R2,8,7,"Specifically, 15 files were copied, which is significantly above their usual range of 3.",F001 files copied to removable media=15 [own~3 max10],F002 removable device connections=10 [own~6 max8] ; F003 removable device connections outside working hours=0 [own~0 max0] ; F004 file operations=34 [own~16.50 max33] ; F005 distinct workstations used=1 [own~1 max3] [peer~1 n370] ; F006 days with recorded activity=6 [own~6 max7] [peer~5 n370] ; F007 hour of earliest logon in the week=8 ; F008 hour of latest logon in the week=8,,"No rule fired: no unmatched numbers, no speculative language, no causal-context pattern, and no clear evidence-gloss assertion; needs full manual judgement.",,grounded,
e7da66637628_s002,e7da66637628,XTB2372,2011-W01,no,R2,5,5,The UEBA system flagged this week due to an elevated number of files copied to removable media.,F001 files copied to removable media=15 [own~3 max10],F002 removable device connections=10 [own~6 max8] ; F003 removable device connections outside working hours=0 [own~0 max0] ; F004 file operations=34 [own~16.50 max33] ; F005 distinct workstations used=1 [own~1 max3] [peer~1 n370] ; F006 days with recorded activity=6 [own~6 max7] [peer~5 n370] ; F007 hour of earliest logon in the week=8 ; F008 hour of latest logon in the week=8,Grounded,Main clause asserts evidence fact (F001) and all numbers trace to facts[]. Rule 1 fired.,,grounded,
e7da66637628_s004,e7da66637628,XTB2372,2011-W01,no,R2,4,2,This anomaly is the primary evidence for the triggered rules.,F001 files copied to removable media=15 [own~3 max10],F002 removable device connections=10 [own~6 max8] ; F003 removable device connections outside working hours=0 [own~0 max0] ; F004 file operations=34 [own~16.50 max33] ; F005 distinct workstations used=1 [own~1 max3] [peer~1 n370] ; F006 days with recorded activity=6 [own~6 max7] [peer~5 n370] ; F007 hour of earliest logon in the week=8 ; F008 hour of latest logon in the week=8,,"No rule fired: no unmatched numbers, no speculative language, no causal-context pattern, and no clear evidence-gloss assertion; needs full manual judgement.",,grounded,
e7da66637628_s006,e7da66637628,XTB2372,2011-W01,no,R2,4,4,"This week, Xaviera Tatiana Baldwin, a technician in the SalesAndMarketing_Government team, triggered the ""Elevated number of files copied to removable media"" rule.",F001 files copied to removable media=15 [own~3 max10],F002 removable device connections=10 [own~6 max8] ; F003 removable device connections outside working hours=0 [own~0 max0] ; F004 file operations=34 [own~16.50 max33] ; F005 distinct workstations used=1 [own~1 max3] [peer~1 n370] ; F006 days with recorded activity=6 [own~6 max7] [peer~5 n370] ; F007 hour of earliest logon in the week=8 ; F008 hour of latest logon in the week=8,Grounded,Main clause asserts evidence fact (F001) and all numbers trace to facts[]. Rule 1 fired.,,grounded,
e7da66637628_s005,e7da66637628,XTB2372,2011-W01,no,R2,2,2,This significant increase in file copying to removable media is the primary reason for the anomaly detection.,F001 files copied to removable media=15 [own~3 max10],F002 removable device connections=10 [own~6 max8] ; F003 removable device connections outside working hours=0 [own~0 max0] ; F004 file operations=34 [own~16.50 max33] ; F005 distinct workstations used=1 [own~1 max3] [peer~1 n370] ; F006 days with recorded activity=6 [own~6 max7] [peer~5 n370] ; F007 hour of earliest logon in the week=8 ; F008 hour of latest logon in the week=8,,"No rule fired: no unmatched numbers, no speculative language, no causal-context pattern, and no clear evidence-gloss assertion; needs full manual judgement.",,grounded,
e7da66637628_s001,e7da66637628,XTB2372,2011-W01,no,R2,1,1,"Xaviera Tatiana Baldwin, a technician in the SalesAndMarketing_Government team, had an unusual week.",F001 files copied to removable media=15 [own~3 max10],F002 removable device connections=10 [own~6 max8] ; F003 removable device connections outside working hours=0 [own~0 max0] ; F004 file operations=34 [own~16.50 max33] ; F005 distinct workstations used=1 [own~1 max3] [peer~1 n370] ; F006 days with recorded activity=6 [own~6 max7] [peer~5 n370] ; F007 hour of earliest logon in the week=8 ; F008 hour of latest logon in the week=8,,"No rule fired: no unmatched numbers, no speculative language, no causal-context pattern, and no clear evidence-gloss assertion; needs full manual judgement.",,grounded,
e7da66637628_s007,e7da66637628,XTB2372,2011-W01,no,R2,1,1,"This suggests that Xaviera may have been copying more files than usual, potentially indicating a change in their workload or behavior.",F001 files copied to removable media=15 [own~3 max10],F002 removable device connections=10 [own~6 max8] ; F003 removable device connections outside working hours=0 [own~0 max0] ; F004 file operations=34 [own~16.50 max33] ; F005 distinct workstations used=1 [own~1 max3] [peer~1 n370] ; F006 days with recorded activity=6 [own~6 max7] [peer~5 n370] ; F007 hour of earliest logon in the week=8 ; F008 hour of latest logon in the week=8,,"No rule fired: no unmatched numbers, no speculative language, no causal-context pattern, and no clear evidence-gloss assertion; needs full manual judgement.",,unverifiable,
e7da66637628_s008,e7da66637628,XTB2372,2011-W01,no,R2,1,1,"While there are no other concerning activity patterns, this unusual file copying behavior warrants further review to determine the purpose and potential impact of this action.",F001 files copied to removable media=15 [own~3 max10],F002 removable device connections=10 [own~6 max8] ; F003 removable device connections outside working hours=0 [own~0 max0] ; F004 file operations=34 [own~16.50 max33] ; F005 distinct workstations used=1 [own~1 max3] [peer~1 n370] ; F006 days with recorded activity=6 [own~6 max7] [peer~5 n370] ; F007 hour of earliest logon in the week=8 ; F008 hour of latest logon in the week=8,,"No rule fired: no unmatched numbers, no speculative language, no causal-context pattern, and no clear evidence-gloss assertion; needs full manual judgement.",,grounded,
f2ab39778d78_s002,f2ab39778d78,QAH1315,2011-W09,no,R2,9,9,"Specifically, 53 files were copied, which is significantly above their usual range of 18.50.",F001 files copied to removable media=53 [own~18.50 max33],F002 removable device connections=62 [own~52.50 max60] ; F003 removable device connections outside working hours=0 [own~0 max6] ; F004 file operations=81 [own~39.50 max59] ; F005 distinct workstations used=1 [own~1 max2] [peer~1 n100] ; F006 days with recorded activity=7 [own~6 max7] [peer~5 n100] ; F007 hour of earliest logon in the week=7 ; F008 hour of latest logon in the week=13,,"No rule fired: no unmatched numbers, no speculative language, no causal-context pattern, and no clear evidence-gloss assertion; needs full manual judgement.",,grounded,
f2ab39778d78_s001,f2ab39778d78,QAH1315,2011-W09,no,R2,5,6,"QAH1315's activity this week triggered rule R2, indicating an elevated number of files copied to removable media.",F001 files copied to removable media=53 [own~18.50 max33],F002 removable device connections=62 [own~52.50 max60] ; F003 removable device connections outside working hours=0 [own~0 max6] ; F004 file operations=81 [own~39.50 max59] ; F005 distinct workstations used=1 [own~1 max2] [peer~1 n100] ; F006 days with recorded activity=7 [own~6 max7] [peer~5 n100] ; F007 hour of earliest logon in the week=7 ; F008 hour of latest logon in the week=13,Grounded,Main clause asserts evidence fact (F001) and all numbers trace to facts[]. Rule 1 fired.,,grounded,
f2ab39778d78_s003,f2ab39778d78,QAH1315,2011-W09,no,R2,5,4,"Quincy Alfreda Huffman, a Hardware Engineer in the Systems Engineering team, was flagged for an anomaly in their week 2011-W09.",F001 files copied to removable media=53 [own~18.50 max33],F002 removable device connections=62 [own~52.50 max60] ; F003 removable device connections outside working hours=0 [own~0 max6] ; F004 file operations=81 [own~39.50 max59] ; F005 distinct workstations used=1 [own~1 max2] [peer~1 n100] ; F006 days with recorded activity=7 [own~6 max7] [peer~5 n100] ; F007 hour of earliest logon in the week=7 ; F008 hour of latest logon in the week=13,,"No rule fired: no unmatched numbers, no speculative language, no causal-context pattern, and no clear evidence-gloss assertion; needs full manual judgement.",,grounded,
f2ab39778d78_s004,f2ab39778d78,QAH1315,2011-W09,no,R2,3,3,This suggests that Quincy may have been working on a project that required a large amount of data transfer or backup.,F001 files copied to removable media=53 [own~18.50 max33],F002 removable device connections=62 [own~52.50 max60] ; F003 removable device connections outside working hours=0 [own~0 max6] ; F004 file operations=81 [own~39.50 max59] ; F005 distinct workstations used=1 [own~1 max2] [peer~1 n100] ; F006 days with recorded activity=7 [own~6 max7] [peer~5 n100] ; F007 hour of earliest logon in the week=7 ; F008 hour of latest logon in the week=13,,"No rule fired: no unmatched numbers, no speculative language, no causal-context pattern, and no clear evidence-gloss assertion; needs full manual judgement.",,unverifiable,
f2ab39778d78_s005,f2ab39778d78,QAH1315,2011-W09,no,R2,1,1,"The other contextual information, such as the number of removable device connections and file operations, does not raise any immediate alarms, and Quincy's activity patterns are generally consistent with their typical behavior.",F001 files copied to removable media=53 [own~18.50 max33],F002 removable device connections=62 [own~52.50 max60] ; F003 removable device connections outside working hours=0 [own~0 max6] ; F004 file operations=81 [own~39.50 max59] ; F005 distinct workstations used=1 [own~1 max2] [peer~1 n100] ; F006 days with recorded activity=7 [own~6 max7] [peer~5 n100] ; F007 hour of earliest logon in the week=7 ; F008 hour of latest logon in the week=13,Unverifiable,Sentence contains speculative/hedge language ('consistent with'); neither matches nor contradicts any fact; rule 5 fired.,,grounded,
f2ab39778d78_s006,f2ab39778d78,QAH1315,2011-W09,no,R2,1,1,This suggests that the user may have been preparing a large amount of data for transfer or storage.,F001 files copied to removable media=53 [own~18.50 max33],F002 removable device connections=62 [own~52.50 max60] ; F003 removable device connections outside working hours=0 [own~0 max6] ; F004 file operations=81 [own~39.50 max59] ; F005 distinct workstations used=1 [own~1 max2] [peer~1 n100] ; F006 days with recorded activity=7 [own~6 max7] [peer~5 n100] ; F007 hour of earliest logon in the week=7 ; F008 hour of latest logon in the week=13,,"No rule fired: no unmatched numbers, no speculative language, no causal-context pattern, and no clear evidence-gloss assertion; needs full manual judgement.",,unverifiable,
f2ab39778d78_s007,f2ab39778d78,QAH1315,2011-W09,no,R2,1,1,This is the primary evidence that triggered the detection rules.,F001 files copied to removable media=53 [own~18.50 max33],F002 removable device connections=62 [own~52.50 max60] ; F003 removable device connections outside working hours=0 [own~0 max6] ; F004 file operations=81 [own~39.50 max59] ; F005 distinct workstations used=1 [own~1 max2] [peer~1 n100] ; F006 days with recorded activity=7 [own~6 max7] [peer~5 n100] ; F007 hour of earliest logon in the week=7 ; F008 hour of latest logon in the week=13,,"No rule fired: no unmatched numbers, no speculative language, no causal-context pattern, and no clear evidence-gloss assertion; needs full manual judgement.",,grounded,
f2ab39778d78_s008,f2ab39778d78,QAH1315,2011-W09,no,R2,1,1,This anomaly is notable given that their overall removable device connections and file operations this week were within their typical ranges.,F001 files copied to removable media=53 [own~18.50 max33],F002 removable device connections=62 [own~52.50 max60] ; F003 removable device connections outside working hours=0 [own~0 max6] ; F004 file operations=81 [own~39.50 max59] ; F005 distinct workstations used=1 [own~1 max2] [peer~1 n100] ; F006 days with recorded activity=7 [own~6 max7] [peer~5 n100] ; F007 hour of earliest logon in the week=7 ; F008 hour of latest logon in the week=13,,"No rule fired: no unmatched numbers, no speculative language, no causal-context pattern, and no clear evidence-gloss assertion; needs full manual judgement.",,grounded,
fbeada0bdaed_s004,fbeada0bdaed,JMF3362,2011-W05,no,R4,6,6,"Specifically, she visited job-search sites 32 times, which is significantly above her typical range of 16 and above the peer range of 3 among 80 peers in this role.",F001 visits to job-search sites=32 [own~16 max34] [peer~3 n80],F002 visits to leak-publication sites=0 [own~0 max0] ; F003 visits to cloud-storage sites=7 [own~6 max20] [peer~1 n80] ; F004 distinct web domains visited=72 [own~71.50 max85] [peer~58 n80] ; F005 distinct workstations used=1 [own~1 max1] [peer~1 n80] ; F006 days with recorded activity=5 [own~5 max5] [peer~5 n80] ; F007 hour of earliest logon in the week=7 ; F008 hour of latest logon in the week=8,,"No rule fired: no unmatched numbers, no speculative language, no causal-context pattern, and no clear evidence-gloss assertion; needs full manual judgement.",,grounded,
fbeada0bdaed_s001,fbeada0bdaed,JMF3362,2011-W05,no,R4,5,5,"JMF3362, a salesman in the RegionalSales team, had an unusual week in terms of their browsing habits.",F001 visits to job-search sites=32 [own~16 max34] [peer~3 n80],F002 visits to leak-publication sites=0 [own~0 max0] ; F003 visits to cloud-storage sites=7 [own~6 max20] [peer~1 n80] ; F004 distinct web domains visited=72 [own~71.50 max85] [peer~58 n80] ; F005 distinct workstations used=1 [own~1 max1] [peer~1 n80] ; F006 days with recorded activity=5 [own~5 max5] [peer~5 n80] ; F007 hour of earliest logon in the week=7 ; F008 hour of latest logon in the week=8,,"No rule fired: no unmatched numbers, no speculative language, no causal-context pattern, and no clear evidence-gloss assertion; needs full manual judgement.",,grounded,
fbeada0bdaed_s002,fbeada0bdaed,JMF3362,2011-W05,no,R4,4,5,"The most notable anomaly is their visit to job-search sites, with 32 visits this week, which is significantly higher than their typical 16 visits and above the average of 3 visits among peers in the same role.",F001 visits to job-search sites=32 [own~16 max34] [peer~3 n80],F002 visits to leak-publication sites=0 [own~0 max0] ; F003 visits to cloud-storage sites=7 [own~6 max20] [peer~1 n80] ; F004 distinct web domains visited=72 [own~71.50 max85] [peer~58 n80] ; F005 distinct workstations used=1 [own~1 max1] [peer~1 n80] ; F006 days with recorded activity=5 [own~5 max5] [peer~5 n80] ; F007 hour of earliest logon in the week=7 ; F008 hour of latest logon in the week=8,,"No rule fired: no unmatched numbers, no speculative language, no causal-context pattern, and no clear evidence-gloss assertion; needs full manual judgement.",,grounded,
fbeada0bdaed_s005,fbeada0bdaed,JMF3362,2011-W05,no,R4,4,4,"Joan Martina Fulton, a salesman in the Regional Sales team, has triggered an anomaly detection rule due to her unusual browsing activity.",F001 visits to job-search sites=32 [own~16 max34] [peer~3 n80],F002 visits to leak-publication sites=0 [own~0 max0] ; F003 visits to cloud-storage sites=7 [own~6 max20] [peer~1 n80] ; F004 distinct web domains visited=72 [own~71.50 max85] [peer~58 n80] ; F005 distinct workstations used=1 [own~1 max1] [peer~1 n80] ; F006 days with recorded activity=5 [own~5 max5] [peer~5 n80] ; F007 hour of earliest logon in the week=7 ; F008 hour of latest logon in the week=8,Misweighted,"Main clause uses causal language and cites context-only fact (F006), not an evidence fact. Rule 4 fired.",,grounded,
fbeada0bdaed_s003,fbeada0bdaed,JMF3362,2011-W05,no,R4,3,3,This suggests that JMF3362 may be exploring job opportunities outside of their typical browsing patterns.,F001 visits to job-search sites=32 [own~16 max34] [peer~3 n80],F002 visits to leak-publication sites=0 [own~0 max0] ; F003 visits to cloud-storage sites=7 [own~6 max20] [peer~1 n80] ; F004 distinct web domains visited=72 [own~71.50 max85] [peer~58 n80] ; F005 distinct workstations used=1 [own~1 max1] [peer~1 n80] ; F006 days with recorded activity=5 [own~5 max5] [peer~5 n80] ; F007 hour of earliest logon in the week=7 ; F008 hour of latest logon in the week=8,Unverifiable,Sentence contains speculative/hedge language ('may be'); neither matches nor contradicts any fact; rule 5 fired.,,unverifiable,
fbeada0bdaed_s006,fbeada0bdaed,JMF3362,2011-W05,no,R4,3,4,This suggests that her browsing behavior is atypical for her role and may warrant further investigation.,F001 visits to job-search sites=32 [own~16 max34] [peer~3 n80],F002 visits to leak-publication sites=0 [own~0 max0] ; F003 visits to cloud-storage sites=7 [own~6 max20] [peer~1 n80] ; F004 distinct web domains visited=72 [own~71.50 max85] [peer~58 n80] ; F005 distinct workstations used=1 [own~1 max1] [peer~1 n80] ; F006 days with recorded activity=5 [own~5 max5] [peer~5 n80] ; F007 hour of earliest logon in the week=7 ; F008 hour of latest logon in the week=8,,"No rule fired: no unmatched numbers, no speculative language, no causal-context pattern, and no clear evidence-gloss assertion; needs full manual judgement.",,unverifiable,
fbeada0bdaed_s007,fbeada0bdaed,JMF3362,2011-W05,no,R4,1,1,This anomaly suggests that Fulton may be exploring job opportunities outside of her usual job search habits.,F001 visits to job-search sites=32 [own~16 max34] [peer~3 n80],F002 visits to leak-publication sites=0 [own~0 max0] ; F003 visits to cloud-storage sites=7 [own~6 max20] [peer~1 n80] ; F004 distinct web domains visited=72 [own~71.50 max85] [peer~58 n80] ; F005 distinct workstations used=1 [own~1 max1] [peer~1 n80] ; F006 days with recorded activity=5 [own~5 max5] [peer~5 n80] ; F007 hour of earliest logon in the week=7 ; F008 hour of latest logon in the week=8,Unverifiable,Sentence contains speculative/hedge language ('may be'); neither matches nor contradicts any fact; rule 5 fired.,,unverifiable,
fbeada0bdaed_s008,fbeada0bdaed,JMF3362,2011-W05,no,R4,1,1,This unusual behavior is the primary evidence for the triggered rules.,F001 visits to job-search sites=32 [own~16 max34] [peer~3 n80],F002 visits to leak-publication sites=0 [own~0 max0] ; F003 visits to cloud-storage sites=7 [own~6 max20] [peer~1 n80] ; F004 distinct web domains visited=72 [own~71.50 max85] [peer~58 n80] ; F005 distinct workstations used=1 [own~1 max1] [peer~1 n80] ; F006 days with recorded activity=5 [own~5 max5] [peer~5 n80] ; F007 hour of earliest logon in the week=7 ; F008 hour of latest logon in the week=8,,"No rule fired: no unmatched numbers, no speculative language, no causal-context pattern, and no clear evidence-gloss assertion; needs full manual judgement.",,grounded,
fbeada0bdaed_s009,fbeada0bdaed,JMF3362,2011-W05,no,R4,1,1,This spike in job-search activity is the primary evidence that triggered the detection rule.,F001 visits to job-search sites=32 [own~16 max34] [peer~3 n80],F002 visits to leak-publication sites=0 [own~0 max0] ; F003 visits to cloud-storage sites=7 [own~6 max20] [peer~1 n80] ; F004 distinct web domains visited=72 [own~71.50 max85] [peer~58 n80] ; F005 distinct workstations used=1 [own~1 max1] [peer~1 n80] ; F006 days with recorded activity=5 [own~5 max5] [peer~5 n80] ; F007 hour of earliest logon in the week=7 ; F008 hour of latest logon in the week=8,,"No rule fired: no unmatched numbers, no speculative language, no causal-context pattern, and no clear evidence-gloss assertion; needs full manual judgement.",,grounded,
fd27f4a6bc44_s001,fd27f4a6bc44,NEB0371,2010-W37,no,R4,10,10,"NEB0371's week 2010-W37 shows a notable spike in browsing to job-search sites, with 55 visits, significantly above their typical range of 22.50 and well beyond what their peers in the same role (average of 1 across 79 peers) experienced this week.",F001 visits to job-search sites=55 [own~22.50 max85] [peer~1 n79],F002 visits to leak-publication sites=0 [own~0 max0] ; F003 visits to cloud-storage sites=0 [own~0 max0] [peer~1 n79] ; F004 distinct web domains visited=72 [own~65.50 max76] [peer~71 n79] ; F005 distinct workstations used=1 [own~1 max1] [peer~1 n79] ; F006 days with recorded activity=5 [own~5 max5] [peer~5 n79] ; F007 hour of earliest logon in the week=7 ; F008 hour of latest logon in the week=8,,"No rule fired: no unmatched numbers, no speculative language, no causal-context pattern, and no clear evidence-gloss assertion; needs full manual judgement.",,grounded,
fd27f4a6bc44_s002,fd27f4a6bc44,NEB0371,2010-W37,no,R4,4,4,This unusual activity is the primary evidence for the triggered rule [R4].,F001 visits to job-search sites=55 [own~22.50 max85] [peer~1 n79],F002 visits to leak-publication sites=0 [own~0 max0] ; F003 visits to cloud-storage sites=0 [own~0 max0] [peer~1 n79] ; F004 distinct web domains visited=72 [own~65.50 max76] [peer~71 n79] ; F005 distinct workstations used=1 [own~1 max1] [peer~1 n79] ; F006 days with recorded activity=5 [own~5 max5] [peer~5 n79] ; F007 hour of earliest logon in the week=7 ; F008 hour of latest logon in the week=8,,"No rule fired: no unmatched numbers, no speculative language, no causal-context pattern, and no clear evidence-gloss assertion; needs full manual judgement.",,grounded,
fd27f4a6bc44_s004,fd27f4a6bc44,NEB0371,2010-W37,no,R4,4,4,The UEBA system flagged NEB0371's activity for the week of 2010-W37 due to atypical browsing behavior.,F001 visits to job-search sites=55 [own~22.50 max85] [peer~1 n79],F002 visits to leak-publication sites=0 [own~0 max0] ; F003 visits to cloud-storage sites=0 [own~0 max0] [peer~1 n79] ; F004 distinct web domains visited=72 [own~65.50 max76] [peer~71 n79] ; F005 distinct workstations used=1 [own~1 max1] [peer~1 n79] ; F006 days with recorded activity=5 [own~5 max5] [peer~5 n79] ; F007 hour of earliest logon in the week=7 ; F008 hour of latest logon in the week=8,Misweighted,"Main clause uses causal language and cites context-only fact (F006), not an evidence fact. Rule 4 fired.",,grounded,
fd27f4a6bc44_s003,fd27f4a6bc44,NEB0371,2010-W37,no,R4,2,3,"This week's activity for Nissim Emmanuel Baird, an Administrative Assistant in the Sales and Marketing department, triggered rule R4 due to atypical browsing behavior.",F001 visits to job-search sites=55 [own~22.50 max85] [peer~1 n79],F002 visits to leak-publication sites=0 [own~0 max0] ; F003 visits to cloud-storage sites=0 [own~0 max0] [peer~1 n79] ; F004 distinct web domains visited=72 [own~65.50 max76] [peer~71 n79] ; F005 distinct workstations used=1 [own~1 max1] [peer~1 n79] ; F006 days with recorded activity=5 [own~5 max5] [peer~5 n79] ; F007 hour of earliest logon in the week=7 ; F008 hour of latest logon in the week=8,Misweighted,"Main clause uses causal language and cites context-only fact (F006), not an evidence fact. Rule 4 fired.",,grounded,
fd27f4a6bc44_s005,fd27f4a6bc44,NEB0371,2010-W37,no,R4,2,2,This anomaly suggests that NEB0371 may be engaging in job-search activity that is not typical for their role as an Administrative Assistant in the SalesAndMarketing_Commercial functional unit.,F001 visits to job-search sites=55 [own~22.50 max85] [peer~1 n79],F002 visits to leak-publication sites=0 [own~0 max0] ; F003 visits to cloud-storage sites=0 [own~0 max0] [peer~1 n79] ; F004 distinct web domains visited=72 [own~65.50 max76] [peer~71 n79] ; F005 distinct workstations used=1 [own~1 max1] [peer~1 n79] ; F006 days with recorded activity=5 [own~5 max5] [peer~5 n79] ; F007 hour of earliest logon in the week=7 ; F008 hour of latest logon in the week=8,Unverifiable,Sentence contains speculative/hedge language ('may be'); neither matches nor contradicts any fact; rule 5 fired.,,unverifiable,
fd27f4a6bc44_s006,fd27f4a6bc44,NEB0371,2010-W37,no,R4,2,2,"This is also far above the average for peers in the same role, which is 1 visit.",F001 visits to job-search sites=55 [own~22.50 max85] [peer~1 n79],F002 visits to leak-publication sites=0 [own~0 max0] ; F003 visits to cloud-storage sites=0 [own~0 max0] [peer~1 n79] ; F004 distinct web domains visited=72 [own~65.50 max76] [peer~71 n79] ; F005 distinct workstations used=1 [own~1 max1] [peer~1 n79] ; F006 days with recorded activity=5 [own~5 max5] [peer~5 n79] ; F007 hour of earliest logon in the week=7 ; F008 hour of latest logon in the week=8,,"No rule fired: no unmatched numbers, no speculative language, no causal-context pattern, and no clear evidence-gloss assertion; needs full manual judgement.",,grounded,
fd27f4a6bc44_s007,fd27f4a6bc44,NEB0371,2010-W37,no,R4,1,1,The lack of visits to leak-publication sites and cloud-storage sites suggests that this anomaly is specific to job-search activity.,F001 visits to job-search sites=55 [own~22.50 max85] [peer~1 n79],F002 visits to leak-publication sites=0 [own~0 max0] ; F003 visits to cloud-storage sites=0 [own~0 max0] [peer~1 n79] ; F004 distinct web domains visited=72 [own~65.50 max76] [peer~71 n79] ; F005 distinct workstations used=1 [own~1 max1] [peer~1 n79] ; F006 days with recorded activity=5 [own~5 max5] [peer~5 n79] ; F007 hour of earliest logon in the week=7 ; F008 hour of latest logon in the week=8,,"No rule fired: no unmatched numbers, no speculative language, no causal-context pattern, and no clear evidence-gloss assertion; needs full manual judgement.",,grounded,
fd27f4a6bc44_s008,fd27f4a6bc44,NEB0371,2010-W37,no,R4,1,1,"This excessive activity on job-search sites suggests that Nissim's usual behavior may not be typical for their role, warranting further investigation.",F001 visits to job-search sites=55 [own~22.50 max85] [peer~1 n79],F002 visits to leak-publication sites=0 [own~0 max0] ; F003 visits to cloud-storage sites=0 [own~0 max0] [peer~1 n79] ; F004 distinct web domains visited=72 [own~65.50 max76] [peer~71 n79] ; F005 distinct workstations used=1 [own~1 max1] [peer~1 n79] ; F006 days with recorded activity=5 [own~5 max5] [peer~5 n79] ; F007 hour of earliest logon in the week=7 ; F008 hour of latest logon in the week=8,,"No rule fired: no unmatched numbers, no speculative language, no causal-context pattern, and no clear evidence-gloss assertion; needs full manual judgement.",,unverifiable,
ff6998ce0b84_s001,ff6998ce0b84,GDH2500,2010-W46,no,R5,7,10,"GDH2500's (Gregory Dustin Hobbs) week 2010-W46 has been flagged due to an unusual spike in web requests, with 665 requests this week, far exceeding their typical range of 475 and above the average of their same-role peers (475).",F001 web requests=665 [own~475 max570] [peer~475 n366],F002 logon events=15 [own~12.50 max16] [peer~5 n366] ; F003 file operations=17 [own~15 max33] [peer~0.50 n366] ; F004 removable device connections=58 [own~44 max54] ; F005 distinct workstations used=2 [own~2 max3] [peer~1 n366] ; F006 days with recorded activity=7 [own~5.50 max7] [peer~5 n366] ; F007 hour of earliest logon in the week=2 ; F008 hour of latest logon in the week=23,Grounded,Main clause asserts evidence fact (F001) and all numbers trace to facts[]. Rule 1 fired.,,grounded,
ff6998ce0b84_s004,ff6998ce0b84,GDH2500,2010-W46,no,R5,5,5,The UEBA system flagged Gregory Dustin Hobbs' week (2010-W46) due to his overall activity volume being significantly higher than that of his peers.,F001 web requests=665 [own~475 max570] [peer~475 n366],F002 logon events=15 [own~12.50 max16] [peer~5 n366] ; F003 file operations=17 [own~15 max33] [peer~0.50 n366] ; F004 removable device connections=58 [own~44 max54] ; F005 distinct workstations used=2 [own~2 max3] [peer~1 n366] ; F006 days with recorded activity=7 [own~5.50 max7] [peer~5 n366] ; F007 hour of earliest logon in the week=2 ; F008 hour of latest logon in the week=23,Misweighted,"Main clause uses causal language and cites context-only fact (F006), not an evidence fact. Rule 4 fired.",,grounded,
ff6998ce0b84_s005,ff6998ce0b84,GDH2500,2010-W46,no,R5,5,5,"Specifically, his web requests total 665, which is far outside the typical range for his peers (475).",F001 web requests=665 [own~475 max570] [peer~475 n366],F002 logon events=15 [own~12.50 max16] [peer~5 n366] ; F003 file operations=17 [own~15 max33] [peer~0.50 n366] ; F004 removable device connections=58 [own~44 max54] ; F005 distinct workstations used=2 [own~2 max3] [peer~1 n366] ; F006 days with recorded activity=7 [own~5.50 max7] [peer~5 n366] ; F007 hour of earliest logon in the week=2 ; F008 hour of latest logon in the week=23,Grounded,Main clause asserts evidence fact (F001) and all numbers trace to facts[]. Rule 1 fired.,,grounded,
ff6998ce0b84_s007,ff6998ce0b84,GDH2500,2010-W46,no,R5,2,2,This unusual activity is the primary evidence driving the flagged week.,F001 web requests=665 [own~475 max570] [peer~475 n366],F002 logon events=15 [own~12.50 max16] [peer~5 n366] ; F003 file operations=17 [own~15 max33] [peer~0.50 n366] ; F004 removable device connections=58 [own~44 max54] ; F005 distinct workstations used=2 [own~2 max3] [peer~1 n366] ; F006 days with recorded activity=7 [own~5.50 max7] [peer~5 n366] ; F007 hour of earliest logon in the week=2 ; F008 hour of latest logon in the week=23,,"No rule fired: no unmatched numbers, no speculative language, no causal-context pattern, and no clear evidence-gloss assertion; needs full manual judgement.",,grounded,
ff6998ce0b84_s002,ff6998ce0b84,GDH2500,2010-W46,no,R5,1,1,This significant increase in activity volume is the primary evidence driving the triggered rule.,F001 web requests=665 [own~475 max570] [peer~475 n366],F002 logon events=15 [own~12.50 max16] [peer~5 n366] ; F003 file operations=17 [own~15 max33] [peer~0.50 n366] ; F004 removable device connections=58 [own~44 max54] ; F005 distinct workstations used=2 [own~2 max3] [peer~1 n366] ; F006 days with recorded activity=7 [own~5.50 max7] [peer~5 n366] ; F007 hour of earliest logon in the week=2 ; F008 hour of latest logon in the week=23,,"No rule fired: no unmatched numbers, no speculative language, no causal-context pattern, and no clear evidence-gloss assertion; needs full manual judgement.",,grounded,
ff6998ce0b84_s003,ff6998ce0b84,GDH2500,2010-W46,no,R5,1,1,"This suggests that Gregory's activity has deviated significantly from what is usual for his role, warranting further review.",F001 web requests=665 [own~475 max570] [peer~475 n366],F002 logon events=15 [own~12.50 max16] [peer~5 n366] ; F003 file operations=17 [own~15 max33] [peer~0.50 n366] ; F004 removable device connections=58 [own~44 max54] ; F005 distinct workstations used=2 [own~2 max3] [peer~1 n366] ; F006 days with recorded activity=7 [own~5.50 max7] [peer~5 n366] ; F007 hour of earliest logon in the week=2 ; F008 hour of latest logon in the week=23,,"No rule fired: no unmatched numbers, no speculative language, no causal-context pattern, and no clear evidence-gloss assertion; needs full manual judgement.",,unverifiable,
ff6998ce0b84_s006,ff6998ce0b84,GDH2500,2010-W46,no,R5,1,1,This is the primary evidence driving the anomaly detection.,F001 web requests=665 [own~475 max570] [peer~475 n366],F002 logon events=15 [own~12.50 max16] [peer~5 n366] ; F003 file operations=17 [own~15 max33] [peer~0.50 n366] ; F004 removable device connections=58 [own~44 max54] ; F005 distinct workstations used=2 [own~2 max3] [peer~1 n366] ; F006 days with recorded activity=7 [own~5.50 max7] [peer~5 n366] ; F007 hour of earliest logon in the week=2 ; F008 hour of latest logon in the week=23,,"No rule fired: no unmatched numbers, no speculative language, no causal-context pattern, and no clear evidence-gloss assertion; needs full manual judgement.",,grounded,
